ID,condition,condition_code,acknowledge_purchase,postpurchase_support,interaction,age,gender,initial_confidence,initial_satisfaction,price_sensitivity,PAL1,PAL2,PAL3,PAL4,PAL,TRU1,TRU2,TRU3,TRU4,Trust,CLO1,CLO2,CLO3,CLO4,CLO5,Closure,CFT1,CFT2,CFT3,CFT4,Counterfactual,REG1,REG2,REG3,REG4,Regret,MAN1,MAN2,MAN3,MAN4,MAN5,ManipIntent,IRR1,IRR2,IRR3,IRR4,IRR5,Irritation,choice_reversal,behavior_choice,view_policy,hide_ad
S2-0001,Ack+Support,3,1,1,1,28,Female,5,6,5,4,4,5,5,4.5,7,6,5,6,6.0,6,6,6,5,6,5.8,2,2,2,2,2.0,2,1,1,2,1.5,3,3,2,3,4,3.0,2,3,2,3,2,2.4,0,Retain,0,0
S2-0002,NoAck+Support,2,0,1,0,28,Male,5,5,5,4,4,4,4,4.0,5,5,4,6,5.0,5,5,4,4,5,4.6,2,3,2,3,2.5,4,3,4,4,3.75,4,4,3,3,2,3.2,2,2,2,3,4,2.6,1,Cancel,0,0
S2-0003,NoAck+Alternative,0,0,0,0,35,Female,5,4,5,4,3,3,4,3.5,3,3,3,4,3.25,3,4,3,4,4,3.6,4,3,5,4,4.0,4,4,2,4,3.5,5,4,3,4,4,4.0,4,4,3,4,4,3.8,0,Retain,0,0
S2-0004,Ack+Support,3,1,1,1,32,Female,5,4,6,5,4,5,5,4.75,5,5,7,5,5.5,6,4,5,4,5,4.8,3,3,3,3,3.0,2,2,3,2,2.25,2,3,3,3,2,2.6,2,2,2,1,1,1.6,0,Retain,0,0
S2-0005,NoAck+Alternative,0,0,0,0,32,Female,4,4,4,4,5,4,5,4.5,4,5,4,3,4.0,3,3,3,4,3,3.2,3,4,4,4,3.75,4,4,4,5,4.25,5,4,3,5,4,4.2,5,5,6,5,5,5.2,0,Retain,0,0
S2-0006,NoAck+Support,2,0,1,0,29,Male,7,3,6,4,5,4,4,4.25,5,5,6,6,5.5,5,4,5,4,5,4.6,4,3,2,3,3.0,3,3,3,3,3.0,2,3,2,2,1,2.0,2,3,3,3,3,2.8,0,Retain,1,0
S2-0007,Ack+Support,3,1,1,1,18,Male,5,6,5,5,5,5,5,5.0,5,6,5,6,5.5,6,6,6,5,6,5.8,4,4,3,3,3.5,3,3,3,2,2.75,2,1,2,2,2,1.8,2,2,1,2,2,1.8,0,Retain,0,0
S2-0008,NoAck+Support,2,0,1,0,27,Female,5,6,5,5,5,4,4,4.5,5,5,6,6,5.5,4,4,4,5,4,4.2,3,3,3,3,3.0,3,2,2,3,2.5,3,3,3,3,2,2.8,2,2,3,1,2,2.0,1,Cancel,0,0
S2-0009,Ack+Alternative,1,1,0,0,26,Female,5,5,6,7,6,6,6,6.25,4,4,4,4,4.0,5,4,5,5,3,4.4,3,4,4,4,3.75,4,4,3,4,3.75,5,6,6,5,6,5.6,3,1,1,3,3,2.2,0,Retain,0,0
S2-0010,NoAck+Alternative,0,0,0,0,23,Female,4,5,3,5,4,3,3,3.75,4,5,4,5,4.5,3,4,4,3,3,3.4,5,5,4,5,4.75,5,4,5,5,4.75,5,4,4,4,6,4.6,4,4,4,5,5,4.4,0,Retain,0,0
S2-0011,Ack+Support,3,1,1,1,26,Male,6,6,5,5,6,5,6,5.5,6,6,6,6,6.0,6,5,6,6,6,5.8,2,1,2,1,1.5,1,1,3,2,1.75,2,2,1,1,2,1.6,1,2,1,2,2,1.6,0,Retain,0,0
S2-0012,Ack+Alternative,1,1,0,0,35,Female,4,5,4,5,6,6,4,5.25,4,4,4,4,4.0,6,4,3,4,3,4.0,4,5,4,4,4.25,4,5,4,5,4.5,5,5,5,5,5,5.0,2,2,3,4,2,2.6,0,Retain,1,0
S2-0013,NoAck+Support,2,0,1,0,41,Female,6,4,4,4,5,4,5,4.5,6,6,6,6,6.0,4,4,5,5,4,4.4,3,4,3,5,3.75,3,3,3,3,3.0,2,3,2,3,3,2.6,3,2,3,2,2,2.4,0,Retain,0,0
S2-0014,NoAck+Support,2,0,1,0,24,Female,6,5,4,5,5,5,5,5.0,5,4,5,5,4.75,6,7,5,4,5,5.4,2,3,2,3,2.5,2,3,1,1,1.75,1,3,2,1,2,1.8,2,3,2,2,3,2.4,0,Retain,0,1
S2-0015,NoAck+Support,2,0,1,0,36,Female,5,5,5,4,4,5,4,4.25,5,5,5,5,5.0,5,6,5,6,6,5.6,3,3,3,4,3.25,3,4,2,3,3.0,4,3,3,4,3,3.4,3,3,3,4,4,3.4,0,Retain,0,0
S2-0016,Ack+Alternative,1,1,0,0,26,Male,5,5,5,4,4,5,4,4.25,3,2,4,3,3.0,3,3,4,4,3,3.4,5,5,5,4,4.75,5,4,5,5,4.75,5,6,6,6,5,5.6,5,4,5,4,5,4.6,0,Retain,0,0
S2-0017,NoAck+Alternative,0,0,0,0,22,Male,5,6,4,3,4,2,4,3.25,3,4,3,4,3.5,3,2,3,3,3,2.8,4,5,5,5,4.75,4,4,5,6,4.75,4,3,4,3,5,3.8,1,3,3,3,4,2.8,1,Exchange,0,0
S2-0018,Ack+Support,3,1,1,1,18,Female,5,6,4,6,5,6,4,5.25,5,5,5,6,5.25,5,5,5,5,6,5.2,3,3,3,4,3.25,3,2,3,2,2.5,2,2,2,1,2,1.8,4,3,4,3,4,3.6,0,Retain,0,0
S2-0019,Ack+Alternative,1,1,0,0,24,Male,6,6,6,4,5,5,5,4.75,4,5,4,4,4.25,4,4,4,3,3,3.6,4,5,4,5,4.5,4,4,5,4,4.25,4,6,5,5,6,5.2,4,3,4,3,4,3.6,0,Retain,1,0
S2-0020,Ack+Support,3,1,1,1,25,Male,6,5,4,6,6,5,7,6.0,6,5,5,6,5.5,5,7,6,7,7,6.4,2,2,2,2,2.0,2,1,2,2,1.75,3,2,3,3,4,3.0,3,3,3,4,3,3.2,1,Exchange,0,0
S2-0021,Ack+Alternative,1,1,0,0,28,Male,4,7,4,5,5,4,6,5.0,4,3,4,2,3.25,3,3,3,3,2,2.8,6,6,5,6,5.75,5,5,5,7,5.5,5,6,6,6,6,5.8,4,4,4,4,3,3.8,1,Cancel,0,0
S2-0022,Ack+Alternative,1,1,0,0,37,Female,4,4,4,5,5,4,5,4.75,4,4,3,4,3.75,2,2,2,3,1,2.0,5,4,6,4,4.75,5,4,5,5,4.75,6,5,5,7,6,5.8,4,4,4,3,5,4.0,1,Exchange,0,1
S2-0023,NoAck+Support,2,0,1,0,23,Female,6,6,4,4,5,4,3,4.0,6,6,5,3,5.0,5,5,4,5,5,4.8,3,2,2,3,2.5,3,2,2,3,2.5,3,5,3,4,3,3.6,3,2,2,2,2,2.2,0,Retain,0,0
S2-0024,NoAck+Support,2,0,1,0,35,Female,4,3,6,4,4,4,5,4.25,4,4,5,5,4.5,6,5,4,5,6,5.2,2,1,2,1,1.5,2,3,3,4,3.0,3,3,3,2,4,3.0,2,2,2,2,2,2.0,0,Retain,0,0
S2-0025,Ack+Support,3,1,1,1,30,Female,5,6,7,6,5,5,5,5.25,5,6,4,5,5.0,4,5,5,6,5,5.0,3,2,2,3,2.5,3,2,1,3,2.25,2,2,2,3,3,2.4,2,1,2,3,2,2.0,0,Retain,0,0
S2-0026,Ack+Alternative,1,1,0,0,20,Male,5,4,4,5,6,6,5,5.5,4,4,3,5,4.0,4,4,4,5,4,4.2,3,4,5,4,4.0,3,3,4,3,3.25,5,5,6,5,7,5.6,5,5,5,4,5,4.8,0,Retain,0,0
S2-0027,NoAck+Alternative,0,0,0,0,28,Male,7,5,4,3,3,3,2,2.75,3,4,4,4,3.75,3,4,3,5,4,3.8,4,5,4,5,4.5,4,5,5,6,5.0,4,4,4,3,4,3.8,4,3,4,4,4,3.8,0,Retain,0,0
S2-0028,NoAck+Support,2,0,1,0,41,Female,5,5,7,3,5,3,4,3.75,4,4,4,4,4.0,5,7,5,5,5,5.4,2,2,3,2,2.25,3,2,2,2,2.25,3,4,3,4,4,3.6,2,2,3,2,3,2.4,0,Retain,0,0
S2-0029,NoAck+Alternative,0,0,0,0,34,Female,7,4,5,4,4,3,3,3.5,3,2,2,2,2.25,4,3,4,4,3,3.6,3,4,4,4,3.75,4,4,4,4,4.0,5,5,5,5,5,5.0,3,3,4,4,5,3.8,0,Retain,0,1
S2-0030,Ack+Alternative,1,1,0,0,24,Female,5,6,3,5,5,6,6,5.5,4,3,3,3,3.25,4,3,4,2,3,3.2,4,3,4,5,4.0,3,4,4,4,3.75,5,6,6,6,7,6.0,4,3,3,4,3,3.4,1,Exchange,0,0
S2-0031,Ack+Support,3,1,1,1,29,Female,4,4,7,5,7,6,7,6.25,5,5,6,6,5.5,7,7,7,7,7,7.0,3,2,2,2,2.25,1,2,1,2,1.5,2,2,2,1,2,1.8,3,2,3,3,2,2.6,0,Retain,0,0
S2-0032,NoAck+Alternative,0,0,0,0,33,Female,5,5,4,4,4,4,4,4.0,4,2,4,4,3.5,2,3,3,2,3,2.6,5,6,5,5,5.25,5,4,4,5,4.5,3,4,3,2,2,2.8,4,4,5,5,5,4.6,0,Retain,0,1
S2-0033,NoAck+Alternative,0,0,0,0,42,Female,5,6,3,5,5,6,4,5.0,4,4,4,5,4.25,3,4,3,2,3,3.0,5,6,6,4,5.25,4,4,4,4,4.0,4,4,4,4,5,4.2,2,2,1,2,4,2.2,0,Retain,0,1
S2-0034,NoAck+Support,2,0,1,0,19,Female,6,6,5,6,5,4,4,4.75,4,5,4,5,4.5,5,5,6,6,5,5.4,3,2,3,3,2.75,3,3,3,3,3.0,3,3,4,3,3,3.2,1,2,2,1,2,1.6,0,Retain,0,0
S2-0035,NoAck+Alternative,0,0,0,0,33,Male,6,4,5,4,3,3,3,3.25,3,5,3,3,3.5,3,3,3,4,3,3.2,5,5,5,5,5.0,4,5,4,5,4.5,5,5,5,4,5,4.8,4,4,4,4,3,3.8,0,Retain,0,0
S2-0036,NoAck+Support,2,0,1,0,21,Male,5,6,3,4,5,5,5,4.75,4,5,5,6,5.0,5,5,5,5,5,5.0,2,3,3,3,2.75,3,3,3,3,3.0,4,5,5,3,4,4.2,3,4,4,3,2,3.2,1,Exchange,1,0
S2-0037,NoAck+Alternative,0,0,0,0,37,Male,5,6,3,3,3,3,3,3.0,4,4,4,4,4.0,3,4,4,3,4,3.6,3,4,6,5,4.5,4,3,4,4,3.75,5,4,4,5,4,4.4,3,3,3,3,3,3.0,0,Retain,0,0
S2-0038,NoAck+Alternative,0,0,0,0,30,Male,6,5,5,3,3,2,3,2.75,3,3,3,3,3.0,3,4,4,4,4,3.8,4,5,5,5,4.75,5,4,5,4,4.5,4,5,4,5,5,4.6,5,4,4,4,5,4.4,0,Retain,0,0
S2-0039,Ack+Alternative,1,1,0,0,28,Female,5,4,5,5,6,5,4,5.0,4,4,4,4,4.0,3,3,3,3,3,3.0,5,5,5,5,5.0,4,5,5,3,4.25,6,6,6,6,7,6.2,5,6,5,5,5,5.2,0,Retain,1,0
S2-0040,Ack+Alternative,1,1,0,0,33,Female,6,4,6,6,4,6,6,5.5,3,3,3,4,3.25,4,3,4,3,3,3.4,6,5,5,6,5.5,5,5,4,5,4.75,6,5,5,5,5,5.2,5,4,4,4,4,4.2,1,Cancel,0,1
S2-0041,Ack+Support,3,1,1,1,30,Female,4,6,5,5,5,6,6,5.5,5,5,5,6,5.25,7,6,6,6,7,6.4,2,2,3,3,2.5,2,2,3,1,2.0,2,2,1,1,1,1.4,3,2,4,3,2,2.8,0,Retain,0,0
S2-0042,NoAck+Alternative,0,0,0,0,25,Female,5,6,5,4,5,5,4,4.5,3,4,3,3,3.25,3,4,3,5,3,3.6,4,5,4,3,4.0,4,5,6,5,5.0,4,3,4,4,4,3.8,4,6,4,5,4,4.6,0,Retain,0,0
S2-0043,NoAck+Support,2,0,1,0,26,Male,6,3,7,5,4,4,4,4.25,4,5,4,4,4.25,5,5,5,6,5,5.2,3,2,3,3,2.75,2,2,2,1,1.75,4,3,3,3,2,3.0,4,3,4,4,3,3.6,0,Retain,1,0
S2-0044,NoAck+Alternative,0,0,0,0,38,Male,5,5,6,3,3,4,4,3.5,4,3,3,3,3.25,2,4,3,3,4,3.2,4,4,5,4,4.25,4,4,4,5,4.25,5,5,5,6,6,5.4,5,4,4,5,5,4.6,1,Exchange,0,0
S2-0045,Ack+Alternative,1,1,0,0,18,Male,7,6,6,5,5,5,4,4.75,3,3,3,3,3.0,4,3,3,3,4,3.4,5,4,5,5,4.75,5,4,4,5,4.5,6,6,7,6,7,6.4,4,4,4,4,4,4.0,0,Retain,0,0
S2-0046,Ack+Support,3,1,1,1,28,Male,5,7,4,5,6,7,6,6.0,5,4,4,6,4.75,6,5,5,5,4,5.0,3,3,3,4,3.25,3,3,3,3,3.0,1,2,2,3,2,2.0,1,2,1,1,1,1.2,0,Retain,0,0
S2-0047,NoAck+Alternative,0,0,0,0,27,Male,6,5,4,3,4,4,4,3.75,3,3,4,3,3.25,4,3,3,4,4,3.6,4,4,4,4,4.0,4,4,5,5,4.5,7,7,6,6,5,6.2,4,3,3,3,3,3.2,0,Retain,0,0
S2-0048,Ack+Support,3,1,1,1,32,Male,6,7,5,5,5,4,5,4.75,5,5,4,6,5.0,6,5,7,6,6,6.0,2,3,2,2,2.25,2,1,1,2,1.5,3,2,3,1,3,2.4,4,3,3,4,3,3.4,0,Retain,0,0
S2-0049,NoAck+Alternative,0,0,0,0,18,Female,4,5,6,3,4,3,3,3.25,4,2,4,4,3.5,4,3,4,4,4,3.8,5,5,4,4,4.5,5,4,5,4,4.5,3,5,4,4,4,4.0,4,3,4,4,5,4.0,0,Retain,0,0
S2-0050,Ack+Support,3,1,1,1,24,Male,5,5,6,6,5,6,6,5.75,4,4,4,5,4.25,5,5,6,5,6,5.4,3,2,1,4,2.5,3,2,1,3,2.25,4,4,4,4,3,3.8,3,2,2,2,2,2.2,1,Cancel,0,0
S2-0051,NoAck+Alternative,0,0,0,0,34,Male,6,5,5,3,3,3,4,3.25,3,3,3,3,3.0,3,4,3,3,3,3.2,5,4,4,5,4.5,4,5,3,4,4.0,3,5,4,3,5,4.0,4,3,3,4,3,3.4,0,Retain,0,0
S2-0052,NoAck+Alternative,0,0,0,0,49,Female,6,7,6,4,3,4,5,4.0,3,4,4,4,3.75,3,4,4,4,3,3.6,3,4,4,5,4.0,4,4,4,5,4.25,5,3,4,4,4,4.0,4,4,3,4,4,3.8,1,Exchange,0,0
S2-0053,NoAck+Support,2,0,1,0,27,Male,5,5,4,4,4,4,3,3.75,5,5,5,5,5.0,4,5,5,7,4,5.0,2,3,2,3,2.5,3,3,3,3,3.0,2,2,2,2,2,2.0,2,1,3,2,3,2.2,0,Retain,1,0
S2-0054,NoAck+Support,2,0,1,0,18,Female,5,4,3,4,5,4,5,4.5,5,4,5,4,4.5,5,5,6,5,5,5.2,3,2,4,4,3.25,2,2,2,2,2.0,4,3,3,3,3,3.2,2,4,3,2,4,3.0,0,Retain,0,0
S2-0055,Ack+Alternative,1,1,0,0,31,Nonbinary/Other,4,5,6,6,5,5,5,5.25,4,4,4,4,4.0,4,2,2,3,2,2.6,5,5,6,5,5.25,6,6,5,6,5.75,5,6,5,6,6,5.6,6,5,5,5,6,5.4,1,Exchange,1,0
S2-0056,NoAck+Alternative,0,0,0,0,26,Male,6,5,5,4,3,3,4,3.5,4,5,4,4,4.25,4,4,3,4,3,3.6,4,4,5,5,4.5,4,4,4,5,4.25,4,3,3,4,4,3.6,3,4,4,3,4,3.6,0,Retain,0,0
S2-0057,Ack+Alternative,1,1,0,0,20,Female,6,5,6,5,5,4,5,4.75,3,4,3,3,3.25,4,4,5,4,4,4.2,4,5,5,5,4.75,5,4,5,4,4.5,6,6,5,6,6,5.8,4,4,4,5,6,4.6,0,Retain,1,1
S2-0058,NoAck+Support,2,0,1,0,29,Male,6,4,6,3,3,4,3,3.25,6,3,5,5,4.75,6,6,6,6,7,6.2,2,2,2,2,2.0,3,2,2,2,2.25,1,2,1,2,1,1.4,3,4,3,4,3,3.4,0,Retain,0,0
S2-0059,Ack+Alternative,1,1,0,0,19,Female,6,5,6,5,5,7,4,5.25,4,4,6,4,4.5,3,4,3,4,3,3.4,5,5,4,5,4.75,4,5,4,5,4.5,5,5,5,6,5,5.2,4,4,5,4,5,4.4,0,Retain,0,1
S2-0060,NoAck+Alternative,0,0,0,0,32,Male,5,6,3,4,4,4,5,4.25,4,2,4,4,3.5,3,4,4,4,4,3.8,4,4,4,5,4.25,3,3,3,3,3.0,4,3,3,3,4,3.4,4,4,3,3,4,3.6,0,Retain,0,0
S2-0061,Ack+Alternative,1,1,0,0,24,Male,5,5,4,4,5,5,5,4.75,2,2,1,2,1.75,3,4,3,3,3,3.2,6,6,6,6,6.0,6,6,6,6,6.0,5,4,6,5,5,5.0,4,5,5,5,5,4.8,0,Retain,0,0
S2-0062,Ack+Support,3,1,1,1,31,Male,5,5,4,6,6,5,6,5.75,6,5,6,6,5.75,5,5,6,6,6,5.6,2,2,2,4,2.5,2,1,1,2,1.5,2,2,2,3,2,2.2,3,2,3,3,3,2.8,0,Retain,0,0
S2-0063,Ack+Alternative,1,1,0,0,38,Female,5,5,4,6,5,5,4,5.0,4,5,5,4,4.5,3,2,2,3,2,2.4,6,6,5,4,5.25,5,6,5,5,5.25,4,5,4,5,5,4.6,4,4,3,4,4,3.8,1,Exchange,0,0
S2-0064,Ack+Alternative,1,1,0,0,31,Female,5,5,5,5,6,5,5,5.25,4,5,3,4,4.0,3,3,3,3,2,2.8,4,4,4,5,4.25,4,4,4,4,4.0,6,6,6,5,6,5.8,5,4,4,4,3,4.0,0,Retain,0,0
S2-0065,NoAck+Alternative,0,0,0,0,45,Male,4,5,5,3,5,4,4,4.0,4,4,5,3,4.0,4,3,4,4,4,3.8,5,5,6,5,5.25,5,6,6,6,5.75,4,4,4,3,4,3.8,3,3,3,3,4,3.2,0,Retain,1,0
S2-0066,Ack+Alternative,1,1,0,0,24,Female,6,5,6,4,4,4,5,4.25,4,3,5,3,3.75,3,5,3,4,3,3.6,4,4,4,4,4.0,5,4,4,5,4.5,4,5,5,4,4,4.4,3,3,4,5,4,3.8,0,Retain,1,0
S2-0067,NoAck+Support,2,0,1,0,23,Male,6,5,4,4,5,4,5,4.5,4,4,4,4,4.0,6,6,6,6,6,6.0,1,2,2,2,1.75,2,2,1,1,1.5,2,3,3,3,3,2.8,3,2,2,3,2,2.4,0,Retain,0,0
S2-0068,NoAck+Support,2,0,1,0,40,Male,7,5,5,4,4,4,6,4.5,4,5,5,5,4.75,5,5,7,6,5,5.6,1,1,1,2,1.25,1,1,2,1,1.25,4,3,2,3,4,3.2,2,3,3,3,3,2.8,0,Retain,0,0
S2-0069,Ack+Alternative,1,1,0,0,25,Female,6,6,5,5,5,6,6,5.5,4,3,2,3,3.0,2,2,3,3,2,2.4,4,6,7,5,5.5,6,6,5,6,5.75,6,6,6,5,7,6.0,4,5,4,5,5,4.6,0,Retain,1,1
S2-0070,Ack+Alternative,1,1,0,0,28,Male,5,5,6,5,5,4,4,4.5,4,2,3,3,3.0,3,2,2,4,2,2.6,4,5,5,5,4.75,5,5,5,6,5.25,6,6,5,5,6,5.6,4,4,5,5,5,4.6,1,Exchange,0,0
S2-0071,NoAck+Alternative,0,0,0,0,44,Male,5,5,4,3,5,4,3,3.75,4,3,4,3,3.5,4,4,3,5,4,4.0,5,5,7,4,5.25,4,5,4,5,4.5,3,4,4,5,4,4.0,5,3,4,4,3,3.8,0,Retain,0,0
S2-0072,Ack+Alternative,1,1,0,0,34,Female,4,6,5,6,5,5,5,5.25,5,6,5,5,5.25,3,2,3,2,2,2.4,5,7,5,6,5.75,7,6,6,7,6.5,5,5,5,4,4,4.6,4,4,4,5,5,4.4,1,Exchange,1,1
S2-0073,NoAck+Alternative,0,0,0,0,29,Male,6,6,3,4,3,3,3,3.25,4,4,3,3,3.5,2,3,2,2,2,2.2,5,7,5,5,5.5,5,6,6,6,5.75,4,4,4,4,4,4.0,4,4,4,5,4,4.2,0,Retain,0,0
S2-0074,Ack+Support,3,1,1,1,38,Female,4,5,3,6,5,6,7,6.0,6,7,5,6,6.0,6,5,6,6,6,5.8,2,2,1,3,2.0,2,2,1,2,1.75,2,1,2,2,2,1.8,2,3,2,3,3,2.6,0,Retain,0,0
S2-0075,Ack+Support,3,1,1,1,18,Male,4,4,4,5,6,5,7,5.75,5,5,5,6,5.25,6,7,5,6,6,6.0,1,2,3,2,2.0,3,2,2,2,2.25,3,3,3,2,2,2.6,3,2,2,2,2,2.2,0,Retain,0,0
S2-0076,NoAck+Support,2,0,1,0,30,Male,5,4,4,4,4,3,4,3.75,4,4,4,5,4.25,5,5,5,5,6,5.2,3,4,4,3,3.5,2,3,2,2,2.25,3,2,3,3,2,2.6,3,2,3,2,3,2.6,0,Retain,0,0
S2-0077,Ack+Alternative,1,1,0,0,42,Nonbinary/Other,4,5,4,6,5,5,5,5.25,4,4,3,3,3.5,4,5,3,4,4,4.0,4,4,4,4,4.0,4,4,5,4,4.25,6,6,6,5,5,5.6,5,4,5,4,5,4.6,0,Retain,0,0
S2-0078,NoAck+Alternative,0,0,0,0,36,Female,6,6,3,4,2,4,2,3.0,3,4,5,4,4.0,4,4,4,4,3,3.8,6,5,5,6,5.5,5,5,5,5,5.0,4,3,4,5,5,4.2,4,4,4,4,4,4.0,0,Retain,1,1
S2-0079,Ack+Alternative,1,1,0,0,20,Male,4,5,4,5,6,6,6,5.75,4,3,3,4,3.5,3,2,3,4,3,3.0,5,6,5,6,5.5,5,5,6,6,5.5,6,6,7,5,5,5.8,4,5,4,4,3,4.0,0,Retain,0,0
S2-0080,NoAck+Support,2,0,1,0,29,Male,6,6,7,5,3,4,3,3.75,4,5,5,5,4.75,4,4,5,5,5,4.6,3,2,4,3,3.0,2,2,2,2,2.0,3,4,4,2,3,3.2,3,3,4,4,4,3.6,0,Retain,0,0
S2-0081,NoAck+Support,2,0,1,0,23,Female,5,5,5,4,6,6,5,5.25,5,4,4,4,4.25,4,4,5,5,4,4.4,3,3,3,4,3.25,3,3,3,4,3.25,3,3,4,4,4,3.6,2,3,4,2,2,2.6,1,Cancel,0,0
S2-0082,NoAck+Support,2,0,1,0,21,Female,5,6,5,4,5,4,4,4.25,6,5,5,5,5.25,5,4,4,5,5,4.6,3,2,4,2,2.75,1,2,2,1,1.5,3,3,2,2,2,2.4,1,2,1,1,2,1.4,0,Retain,0,0
S2-0083,NoAck+Alternative,0,0,0,0,23,Male,5,5,3,4,4,4,5,4.25,4,5,5,5,4.75,2,3,2,3,3,2.6,5,5,6,7,5.75,6,5,6,6,5.75,4,4,4,4,5,4.2,3,3,3,3,3,3.0,0,Retain,0,1
S2-0084,Ack+Alternative,1,1,0,0,18,Female,5,5,6,5,6,6,6,5.75,5,4,4,5,4.5,2,3,4,3,3,3.0,4,5,4,4,4.25,5,5,4,6,5.0,6,6,6,6,7,6.2,4,3,5,3,5,4.0,0,Retain,1,1
S2-0085,NoAck+Support,2,0,1,0,28,Female,6,4,5,4,3,4,4,3.75,5,4,4,4,4.25,6,6,5,6,6,5.8,3,3,3,3,3.0,2,3,2,2,2.25,3,3,2,2,2,2.4,4,4,5,3,3,3.8,0,Retain,0,0
S2-0086,NoAck+Support,2,0,1,0,36,Female,5,3,3,4,5,4,3,4.0,5,4,5,5,4.75,5,6,4,6,7,5.6,3,2,2,2,2.25,3,2,3,3,2.75,3,2,3,3,2,2.6,4,3,3,4,3,3.4,0,Retain,0,0
S2-0087,NoAck+Support,2,0,1,0,20,Female,5,6,3,4,5,5,6,5.0,5,5,5,4,4.75,4,5,4,6,6,5.0,2,4,3,4,3.25,3,3,3,4,3.25,3,3,3,3,2,2.8,3,4,2,2,3,2.8,0,Retain,0,0
S2-0088,Ack+Alternative,1,1,0,0,18,Female,6,7,6,4,5,6,4,4.75,4,4,3,5,4.0,2,4,3,3,4,3.2,6,6,5,5,5.5,5,5,5,6,5.25,5,7,6,5,6,5.8,5,4,6,4,4,4.6,0,Retain,1,0
S2-0089,Ack+Support,3,1,1,1,24,Female,4,6,5,5,6,4,5,5.0,6,6,6,4,5.5,6,6,6,6,5,5.8,2,1,2,2,1.75,1,3,2,1,1.75,3,3,2,2,2,2.4,2,3,2,2,2,2.2,0,Retain,0,0
S2-0090,Ack+Alternative,1,1,0,0,25,Nonbinary/Other,4,7,2,4,4,3,4,3.75,4,3,4,3,3.5,5,3,3,3,3,3.4,3,4,5,4,4.0,4,3,5,4,4.0,5,6,4,5,5,5.0,4,4,5,4,3,4.0,1,Cancel,0,0
S2-0091,Ack+Support,3,1,1,1,26,Male,6,6,6,6,5,6,6,5.75,5,6,6,7,6.0,5,5,5,5,6,5.2,1,3,2,2,2.0,2,3,2,2,2.25,2,2,2,2,3,2.2,2,4,3,3,3,3.0,0,Retain,0,0
S2-0092,NoAck+Support,2,0,1,0,26,Female,6,6,5,5,4,4,4,4.25,4,4,5,3,4.0,4,4,3,4,4,3.8,3,3,3,3,3.0,2,2,2,2,2.0,3,3,2,3,3,2.8,2,3,2,2,3,2.4,0,Retain,0,0
S2-0093,NoAck+Support,2,0,1,0,42,Nonbinary/Other,5,4,5,5,5,5,5,5.0,5,4,4,4,4.25,5,5,4,4,5,4.6,4,3,2,4,3.25,3,3,4,4,3.5,4,4,4,4,5,4.2,4,4,3,4,3,3.6,0,Retain,0,0
S2-0094,NoAck+Alternative,0,0,0,0,28,Female,7,5,7,3,4,4,5,4.0,3,4,3,3,3.25,3,4,3,3,3,3.2,4,5,5,5,4.75,4,5,4,4,4.25,4,5,5,4,5,4.6,5,5,5,4,5,4.8,0,Retain,0,0
S2-0095,NoAck+Alternative,0,0,0,0,40,Male,4,4,3,3,3,2,3,2.75,3,3,4,3,3.25,4,5,5,5,4,4.6,4,5,5,5,4.75,4,4,3,5,4.0,4,3,5,4,5,4.2,3,3,4,3,3,3.2,0,Retain,0,0
S2-0096,Ack+Support,3,1,1,1,28,Male,5,4,5,4,5,6,5,5.0,5,5,5,4,4.75,5,5,6,5,6,5.4,3,2,3,3,2.75,2,3,3,2,2.5,3,4,4,4,4,3.8,2,2,2,3,3,2.4,0,Retain,0,0
S2-0097,Ack+Support,3,1,1,1,31,Female,4,7,5,5,6,6,6,5.75,5,5,5,5,5.0,6,6,6,7,6,6.2,1,1,2,2,1.5,2,1,1,2,1.5,2,2,2,1,3,2.0,3,2,2,1,2,2.0,0,Retain,0,0
S2-0098,NoAck+Support,2,0,1,0,29,Male,5,7,5,4,4,4,5,4.25,4,4,4,5,4.25,5,4,4,4,4,4.2,3,3,3,3,3.0,4,3,3,3,3.25,2,2,2,4,2,2.4,2,3,2,4,3,2.8,1,Exchange,0,0
S2-0099,NoAck+Support,2,0,1,0,28,Male,4,5,4,3,4,4,4,3.75,4,3,3,4,3.5,4,4,5,4,5,4.4,4,3,3,2,3.0,3,2,3,3,2.75,3,3,3,3,3,3.0,4,4,3,3,4,3.6,1,Exchange,0,0
S2-0100,NoAck+Alternative,0,0,0,0,38,Male,5,5,5,3,3,3,5,3.5,3,3,4,3,3.25,4,4,4,3,3,3.6,6,4,4,6,5.0,4,4,4,3,3.75,3,5,4,5,4,4.2,4,4,4,5,5,4.4,1,Exchange,0,0
S2-0101,NoAck+Alternative,0,0,0,0,22,Male,6,6,4,3,2,2,3,2.5,3,3,3,3,3.0,3,2,3,2,3,2.6,6,5,5,5,5.25,4,5,5,6,5.0,4,4,4,5,5,4.4,4,4,3,4,3,3.6,0,Retain,0,0
S2-0102,NoAck+Support,2,0,1,0,37,Female,4,5,4,3,4,3,3,3.25,5,5,5,6,5.25,5,4,5,6,5,5.0,3,3,3,3,3.0,3,2,3,2,2.5,2,2,2,3,2,2.2,2,2,3,4,3,2.8,0,Retain,0,0
S2-0103,NoAck+Alternative,0,0,0,0,47,Female,5,4,3,4,3,3,4,3.5,3,2,2,2,2.25,3,4,3,3,4,3.4,5,4,4,4,4.25,3,4,4,4,3.75,5,4,5,4,4,4.4,5,4,4,4,4,4.2,0,Retain,0,1
S2-0104,NoAck+Support,2,0,1,0,25,Male,6,6,5,6,6,5,7,6.0,5,6,5,5,5.25,4,5,5,6,5,5.0,4,4,4,4,4.0,3,4,4,4,3.75,4,2,3,3,4,3.2,2,3,3,2,4,2.8,0,Retain,0,0
S2-0105,Ack+Support,3,1,1,1,25,Male,6,5,6,5,4,6,6,5.25,5,5,5,5,5.0,5,6,5,6,5,5.4,3,1,3,3,2.5,3,2,2,3,2.5,1,2,2,1,1,1.4,1,3,2,2,2,2.0,0,Retain,0,0
S2-0106,NoAck+Alternative,0,0,0,0,24,Female,6,5,7,4,2,3,4,3.25,5,4,4,6,4.75,3,4,3,4,4,3.6,4,5,4,5,4.5,4,3,4,6,4.25,2,3,3,2,2,2.4,3,3,2,3,3,2.8,0,Retain,1,0
S2-0107,Ack+Alternative,1,1,0,0,21,Female,4,5,7,5,5,5,6,5.25,4,3,3,4,3.5,3,4,3,3,3,3.2,5,4,3,4,4.0,5,5,5,4,4.75,4,5,4,5,5,4.6,5,4,4,5,5,4.6,1,Exchange,0,1
S2-0108,NoAck+Alternative,0,0,0,0,18,Female,4,6,5,3,3,2,2,2.5,3,2,3,3,2.75,3,3,3,3,4,3.2,4,5,6,5,5.0,5,4,5,6,5.0,4,4,3,6,4,4.2,3,3,3,3,3,3.0,0,Retain,0,0
S2-0109,Ack+Alternative,1,1,0,0,33,Female,4,5,6,5,4,4,5,4.5,3,4,3,3,3.25,4,2,3,3,3,3.0,5,5,6,5,5.25,4,5,4,5,4.5,6,5,6,6,7,6.0,5,5,5,5,5,5.0,1,Exchange,0,0
S2-0110,Ack+Alternative,1,1,0,0,29,Female,5,5,4,5,5,5,5,5.0,3,3,5,3,3.5,4,4,4,4,4,4.0,5,6,6,5,5.5,5,3,5,5,4.5,5,5,5,5,5,5.0,5,5,4,4,4,4.4,0,Retain,0,0
S2-0111,NoAck+Alternative,0,0,0,0,31,Female,5,5,5,3,2,5,3,3.25,4,4,6,5,4.75,3,2,3,3,2,2.6,5,6,5,6,5.5,5,6,5,5,5.25,3,4,3,3,2,3.0,4,4,5,4,4,4.2,1,Exchange,0,0
S2-0112,Ack+Alternative,1,1,0,0,27,Female,6,5,5,5,6,6,5,5.5,4,3,3,3,3.25,2,2,1,2,2,1.8,6,6,7,6,6.25,5,4,4,5,4.5,5,6,5,6,6,5.6,4,5,5,4,4,4.4,0,Retain,0,1
S2-0113,Ack+Support,3,1,1,1,39,Female,6,4,5,5,5,6,7,5.75,5,5,5,5,5.0,5,5,6,7,6,5.8,2,2,2,2,2.0,1,2,2,3,2.0,3,3,3,3,2,2.8,2,3,2,4,3,2.8,0,Retain,0,0
S2-0114,Ack+Alternative,1,1,0,0,25,Female,5,4,5,4,5,5,5,4.75,5,5,4,4,4.5,3,3,3,4,4,3.4,4,5,6,6,5.25,5,5,5,5,5.0,5,4,4,4,5,4.4,5,5,5,5,4,4.8,1,Exchange,0,0
S2-0115,Ack+Support,3,1,1,1,24,Male,5,6,6,5,5,5,6,5.25,4,5,5,5,4.75,5,6,5,5,5,5.2,2,2,3,2,2.25,2,3,2,2,2.25,4,3,4,3,3,3.4,1,2,2,1,2,1.6,0,Retain,0,1
S2-0116,Ack+Alternative,1,1,0,0,41,Male,5,7,6,5,5,5,6,5.25,5,4,3,4,4.0,4,4,4,5,4,4.2,5,4,6,5,5.0,4,4,5,4,4.25,5,5,5,5,5,5.0,4,5,5,6,5,5.0,0,Retain,0,0
S2-0117,NoAck+Alternative,0,0,0,0,18,Male,5,5,4,4,3,4,4,3.75,3,4,4,3,3.5,4,3,5,4,4,4.0,5,5,4,6,5.0,5,5,6,4,5.0,5,5,5,4,4,4.6,4,3,4,3,3,3.4,0,Retain,0,0
S2-0118,NoAck+Support,2,0,1,0,35,Male,6,5,6,3,5,5,4,4.25,4,4,4,5,4.25,5,4,4,5,6,4.8,3,3,4,3,3.25,2,2,2,2,2.0,4,3,4,3,4,3.6,3,3,4,2,2,2.8,0,Retain,0,0
S2-0119,Ack+Support,3,1,1,1,40,Male,6,5,4,6,6,6,6,6.0,5,5,6,6,5.5,5,5,6,6,6,5.6,2,2,2,2,2.0,2,2,1,2,1.75,2,3,2,2,2,2.2,2,2,4,3,2,2.6,0,Retain,0,0
S2-0120,NoAck+Support,2,0,1,0,42,Female,6,5,5,3,3,4,4,3.5,6,5,6,6,5.75,4,5,5,5,5,4.8,3,3,3,3,3.0,2,3,3,3,2.75,3,3,3,4,3,3.2,2,2,3,2,2,2.2,1,Cancel,0,0
S2-0121,NoAck+Support,2,0,1,0,31,Male,7,5,5,5,4,6,4,4.75,5,5,6,5,5.25,5,5,5,6,5,5.2,4,4,4,3,3.75,4,4,3,4,3.75,3,3,1,2,1,2.0,3,2,3,3,3,2.8,0,Retain,0,0
S2-0122,NoAck+Support,2,0,1,0,53,Male,6,5,4,4,5,4,4,4.25,4,4,5,4,4.25,4,5,5,5,4,4.6,3,3,1,2,2.25,3,2,2,3,2.5,3,2,2,3,3,2.6,3,4,3,2,3,3.0,0,Retain,0,0
S2-0123,Ack+Support,3,1,1,1,27,Male,4,6,5,5,6,6,5,5.5,6,6,6,6,6.0,5,5,5,5,6,5.2,2,3,3,2,2.5,1,2,1,1,1.25,2,2,3,2,2,2.2,2,2,3,3,3,2.6,0,Retain,0,0
S2-0124,NoAck+Support,2,0,1,0,30,Female,4,4,5,4,4,4,4,4.0,4,6,5,4,4.75,4,3,4,4,2,3.4,4,3,4,3,3.5,4,3,3,4,3.5,2,2,3,2,2,2.2,3,3,2,2,2,2.4,0,Retain,0,0
S2-0125,NoAck+Alternative,0,0,0,0,18,Female,6,5,6,4,4,4,4,4.0,5,4,4,5,4.5,4,4,5,4,4,4.2,4,5,4,4,4.25,3,5,5,4,4.25,4,4,4,5,3,4.0,3,3,4,4,2,3.2,0,Retain,0,0
S2-0126,NoAck+Alternative,0,0,0,0,27,Male,5,6,4,3,3,3,3,3.0,2,3,3,3,2.75,3,2,4,3,3,3.0,5,5,5,5,5.0,5,5,4,5,4.75,5,5,5,5,5,5.0,3,3,4,3,5,3.6,0,Retain,0,0
S2-0127,Ack+Alternative,1,1,0,0,26,Female,5,3,6,5,5,5,5,5.0,4,3,4,3,3.5,3,4,3,3,3,3.2,5,5,6,5,5.25,6,7,6,7,6.5,5,4,5,4,5,4.6,4,4,5,4,4,4.2,1,Cancel,1,0
S2-0128,NoAck+Support,2,0,1,0,34,Female,6,6,4,5,5,4,4,4.5,5,4,4,4,4.25,6,5,6,5,5,5.4,2,3,3,3,2.75,2,3,2,3,2.5,3,2,3,2,3,2.6,3,4,3,3,3,3.2,0,Retain,0,0
S2-0129,NoAck+Alternative,0,0,0,0,22,Male,6,6,5,3,2,2,2,2.25,1,2,3,1,1.75,3,3,4,3,2,3.0,6,5,6,6,5.75,5,6,6,5,5.5,5,5,4,5,6,5.0,3,3,4,5,6,4.2,0,Retain,1,0
S2-0130,NoAck+Support,2,0,1,0,18,Male,4,6,4,4,4,4,4,4.0,6,5,5,5,5.25,4,4,4,4,5,4.2,3,4,5,4,4.0,4,4,4,4,4.0,3,3,3,2,3,2.8,2,1,1,1,2,1.4,1,Cancel,0,0
S2-0131,Ack+Alternative,1,1,0,0,52,Male,5,6,4,5,6,6,5,5.5,3,4,3,3,3.25,3,2,2,2,2,2.2,6,6,5,5,5.5,5,5,6,5,5.25,6,5,5,4,6,5.2,4,4,5,5,5,4.6,1,Exchange,0,0
S2-0132,NoAck+Support,2,0,1,0,35,Male,6,6,5,4,5,5,4,4.5,4,5,5,6,5.0,4,4,5,5,5,4.6,3,3,3,4,3.25,3,3,4,2,3.0,2,3,3,2,2,2.4,3,3,3,3,4,3.2,1,Exchange,0,0
S2-0133,Ack+Alternative,1,1,0,0,45,Nonbinary/Other,5,6,3,6,5,5,5,5.25,4,3,4,4,3.75,3,3,4,4,5,3.8,5,5,6,5,5.25,7,5,5,4,5.25,5,4,6,6,5,5.2,3,4,4,3,4,3.6,0,Retain,0,0
S2-0134,Ack+Support,3,1,1,1,27,Male,6,4,5,5,5,6,6,5.5,5,5,6,6,5.5,5,5,6,5,4,5.0,2,2,1,2,1.75,2,2,2,3,2.25,3,3,3,2,4,3.0,3,4,3,4,3,3.4,0,Retain,0,0
S2-0135,Ack+Support,3,1,1,1,18,Female,5,6,5,7,7,7,7,7.0,5,5,6,5,5.25,6,5,5,6,6,5.6,3,2,3,3,2.75,3,3,4,3,3.25,2,3,3,3,3,2.8,3,3,3,2,2,2.6,0,Retain,0,0
S2-0136,Ack+Alternative,1,1,0,0,28,Male,5,5,2,6,6,6,6,6.0,4,4,4,4,4.0,4,3,4,4,4,3.8,5,5,5,5,5.0,4,4,5,4,4.25,4,5,5,5,4,4.6,5,4,5,5,5,4.8,0,Retain,1,0
S2-0137,NoAck+Support,2,0,1,0,32,Male,6,6,4,4,4,4,4,4.0,5,4,5,5,4.75,6,5,4,5,5,5.0,2,2,3,2,2.25,2,2,2,2,2.0,2,2,1,2,2,1.8,2,2,3,2,2,2.2,0,Retain,0,0
S2-0138,Ack+Support,3,1,1,1,31,Female,5,5,4,5,6,6,6,5.75,4,5,5,4,4.5,6,7,7,6,7,6.6,1,2,1,2,1.5,1,1,2,1,1.25,3,2,2,2,2,2.2,1,2,2,1,2,1.6,0,Retain,0,0
S2-0139,NoAck+Support,2,0,1,0,26,Female,5,6,4,5,5,4,5,4.75,5,5,4,5,4.75,5,5,4,5,4,4.6,3,4,2,4,3.25,3,3,3,3,3.0,3,2,4,3,2,2.8,3,3,1,3,3,2.6,0,Retain,1,0
S2-0140,Ack+Support,3,1,1,1,24,Female,6,5,6,5,6,6,6,5.75,6,7,6,6,6.25,5,5,6,6,6,5.6,2,3,2,2,2.25,1,1,2,2,1.5,1,1,1,2,1,1.2,3,3,3,3,3,3.0,0,Retain,0,0
S2-0141,NoAck+Support,2,0,1,0,32,Female,6,5,5,4,4,5,5,4.5,3,4,4,4,3.75,4,5,5,4,5,4.6,3,3,4,4,3.5,3,3,4,3,3.25,2,3,3,3,4,3.0,2,1,2,2,1,1.6,0,Retain,0,0
S2-0142,NoAck+Support,2,0,1,0,18,Female,5,5,4,4,4,5,5,4.5,5,5,5,5,5.0,5,5,6,6,6,5.6,3,3,2,3,2.75,3,2,2,1,2.0,4,2,3,2,3,2.8,3,4,3,3,3,3.2,0,Retain,0,0
S2-0143,NoAck+Support,2,0,1,0,25,Female,4,5,6,6,5,7,5,5.75,6,6,7,5,6.0,4,4,4,5,4,4.2,4,3,4,4,3.75,4,3,3,3,3.25,1,2,2,2,2,1.8,3,3,2,3,3,2.8,0,Retain,0,0
S2-0144,NoAck+Support,2,0,1,0,34,Male,6,7,5,4,4,5,5,4.5,5,5,5,6,5.25,5,5,4,5,5,4.8,3,3,3,3,3.0,3,2,3,3,2.75,2,2,2,3,2,2.2,2,3,2,2,4,2.6,1,Cancel,1,0
S2-0145,NoAck+Alternative,0,0,0,0,32,Female,6,4,4,4,4,3,4,3.75,3,3,3,3,3.0,3,3,3,3,4,3.2,5,5,5,5,5.0,5,6,4,6,5.25,5,4,6,4,5,4.8,5,5,5,5,4,4.8,1,Exchange,0,0
S2-0146,Ack+Support,3,1,1,1,26,Female,5,6,6,6,5,5,6,5.5,5,6,5,5,5.25,6,5,5,5,6,5.4,2,3,2,3,2.5,2,3,2,2,2.25,4,5,3,3,4,3.8,2,3,1,2,3,2.2,0,Retain,0,0
S2-0147,NoAck+Alternative,0,0,0,0,20,Male,6,5,5,3,4,3,5,3.75,4,4,4,3,3.75,4,4,4,3,4,3.8,5,4,5,5,4.75,5,4,4,6,4.75,3,4,4,3,3,3.4,5,4,4,4,5,4.4,0,Retain,0,1
S2-0148,NoAck+Alternative,0,0,0,0,40,Female,6,6,6,3,3,3,3,3.0,3,4,3,4,3.5,3,3,3,3,3,3.0,4,5,5,5,4.75,4,4,5,5,4.5,4,4,4,4,5,4.2,4,5,4,4,5,4.4,0,Retain,1,0
S2-0149,Ack+Support,3,1,1,1,23,Female,6,5,3,5,6,5,6,5.5,6,6,6,5,5.75,6,6,4,5,5,5.2,3,4,3,3,3.25,3,3,2,2,2.5,1,2,2,1,2,1.6,2,3,3,3,3,2.8,0,Retain,0,0
S2-0150,NoAck+Support,2,0,1,0,27,Female,5,6,4,4,4,4,3,3.75,4,4,5,4,4.25,4,4,4,5,5,4.4,3,3,3,3,3.0,3,3,3,3,3.0,3,3,3,3,3,3.0,2,3,3,2,2,2.4,0,Retain,0,0
S2-0151,Ack+Alternative,1,1,0,0,18,Female,5,6,5,5,5,5,6,5.25,3,4,4,4,3.75,3,3,3,3,3,3.0,6,5,6,6,5.75,6,5,5,5,5.25,5,5,5,5,5,5.0,3,3,3,3,3,3.0,0,Retain,1,0
S2-0152,NoAck+Alternative,0,0,0,0,36,Male,5,6,4,3,4,4,3,3.5,3,3,3,4,3.25,4,3,3,4,4,3.6,5,5,5,5,5.0,3,4,5,6,4.5,5,4,5,5,5,4.8,4,4,4,5,3,4.0,0,Retain,0,0
S2-0153,Ack+Support,3,1,1,1,35,Male,6,5,4,5,6,5,6,5.5,6,6,5,7,6.0,5,5,6,6,6,5.6,4,3,2,3,3.0,3,2,3,2,2.5,3,2,3,4,2,2.8,4,4,3,3,3,3.4,0,Retain,0,0
S2-0154,NoAck+Support,2,0,1,0,29,Male,5,7,3,4,5,5,6,5.0,6,5,5,6,5.5,5,6,5,4,6,5.2,3,3,3,2,2.75,2,2,2,2,2.0,2,2,2,2,1,1.8,3,2,3,4,3,3.0,0,Retain,0,0
S2-0155,Ack+Support,3,1,1,1,29,Female,6,5,5,5,6,5,5,5.25,6,6,6,6,6.0,7,6,5,6,7,6.2,2,1,2,2,1.75,3,3,2,1,2.25,2,2,2,2,2,2.0,1,2,2,1,1,1.4,0,Retain,0,0
S2-0156,NoAck+Alternative,0,0,0,0,32,Female,5,5,4,3,4,5,5,4.25,5,4,4,4,4.25,3,3,4,4,3,3.4,4,5,4,5,4.5,5,4,6,4,4.75,4,4,3,4,4,3.8,5,5,4,4,4,4.4,1,Exchange,0,0
S2-0157,Ack+Support,3,1,1,1,31,Male,5,5,7,6,7,6,6,6.25,6,6,4,6,5.5,5,5,5,6,5,5.2,3,3,4,3,3.25,2,2,3,3,2.5,3,1,2,3,1,2.0,1,2,2,2,2,1.8,0,Retain,0,0
S2-0158,Ack+Alternative,1,1,0,0,45,Male,5,3,5,4,4,4,4,4.0,4,4,4,4,4.0,4,4,4,3,4,3.8,6,6,5,5,5.5,4,5,4,4,4.25,5,5,6,5,5,5.2,4,4,5,4,5,4.4,0,Retain,0,0
S2-0159,Ack+Support,3,1,1,1,30,Female,5,5,3,6,6,7,7,6.5,6,6,6,6,6.0,6,7,7,6,7,6.6,1,1,2,1,1.25,1,2,1,2,1.5,1,1,2,1,2,1.4,3,3,4,2,2,2.8,0,Retain,0,0
S2-0160,NoAck+Alternative,0,0,0,0,29,Female,6,7,3,4,4,4,3,3.75,3,4,3,2,3.0,4,2,4,3,3,3.2,5,5,5,5,5.0,4,4,4,5,4.25,6,5,5,4,5,5.0,4,3,3,3,4,3.4,0,Retain,1,0
S2-0161,Ack+Support,3,1,1,1,27,Female,6,5,5,5,4,5,5,4.75,5,5,5,5,5.0,5,5,6,6,5,5.4,2,2,3,2,2.25,3,2,2,2,2.25,1,2,2,1,1,1.4,2,3,2,3,4,2.8,0,Retain,0,0
S2-0162,NoAck+Support,2,0,1,0,25,Female,5,5,5,5,4,5,5,4.75,5,5,5,6,5.25,5,5,5,5,4,4.8,3,3,2,2,2.5,3,4,3,4,3.5,3,3,3,3,3,3.0,4,3,2,3,4,3.2,0,Retain,0,0
S2-0163,NoAck+Alternative,0,0,0,0,34,Male,5,5,5,4,3,4,4,3.75,4,3,4,3,3.5,3,3,4,3,2,3.0,4,5,6,5,5.0,5,3,5,4,4.25,5,4,4,4,4,4.2,5,4,5,5,5,4.8,0,Retain,1,0
S2-0164,Ack+Alternative,1,1,0,0,27,Male,5,5,5,5,4,5,4,4.5,3,3,3,4,3.25,3,3,4,2,3,3.0,5,5,6,5,5.25,4,5,4,5,4.5,5,6,5,6,5,5.4,4,5,3,5,3,4.0,0,Retain,0,0
S2-0165,NoAck+Support,2,0,1,0,19,Male,7,7,7,5,6,3,5,4.75,5,5,5,6,5.25,5,6,5,5,5,5.2,2,2,3,2,2.25,3,3,3,3,3.0,2,4,4,4,4,3.6,2,2,2,3,3,2.4,0,Retain,0,0
S2-0166,Ack+Alternative,1,1,0,0,22,Female,6,6,4,6,4,6,6,5.5,3,3,3,3,3.0,3,3,3,2,2,2.6,5,5,6,6,5.5,5,5,4,5,4.75,5,5,5,6,5,5.2,4,4,4,3,4,3.8,1,Exchange,0,0
S2-0167,Ack+Support,3,1,1,1,20,Female,4,4,5,6,6,6,6,6.0,7,6,6,7,6.5,7,6,6,6,6,6.2,2,2,2,2,2.0,1,2,2,2,1.75,2,2,2,3,1,2.0,1,2,1,1,1,1.2,0,Retain,1,0
S2-0168,Ack+Support,3,1,1,1,26,Female,5,5,4,5,6,6,5,5.5,4,4,5,5,4.5,4,5,5,6,5,5.0,2,2,2,2,2.0,3,1,2,2,2.0,2,3,2,3,2,2.4,2,1,3,2,2,2.0,0,Retain,0,0
S2-0169,NoAck+Alternative,0,0,0,0,42,Nonbinary/Other,3,5,5,3,3,4,2,3.0,3,3,3,3,3.0,3,4,3,5,4,3.8,4,4,4,4,4.0,3,4,4,4,3.75,4,5,4,5,5,4.6,4,2,3,4,4,3.4,0,Retain,0,0
S2-0170,NoAck+Alternative,0,0,0,0,28,Male,3,6,4,3,4,4,3,3.5,4,2,4,3,3.25,3,3,2,3,2,2.6,5,5,4,5,4.75,5,4,3,4,4.0,5,3,5,5,3,4.2,3,5,3,4,6,4.2,1,Exchange,0,0
S2-0171,Ack+Support,3,1,1,1,31,Male,5,6,5,5,4,5,4,4.5,6,5,4,4,4.75,6,5,6,5,5,5.4,3,3,4,2,3.0,3,3,4,3,3.25,2,2,2,3,3,2.4,2,2,4,3,3,2.8,0,Retain,0,1
S2-0172,NoAck+Support,2,0,1,0,26,Female,5,6,4,5,4,4,4,4.25,4,4,4,5,4.25,4,6,4,5,5,4.8,3,4,2,2,2.75,3,3,3,2,2.75,4,4,4,4,4,4.0,3,3,3,4,3,3.2,0,Retain,0,0
S2-0173,NoAck+Alternative,0,0,0,0,28,Female,5,4,2,3,4,4,3,3.5,5,6,5,5,5.25,2,3,4,4,2,3.0,4,4,5,5,4.5,6,4,4,5,4.75,4,4,4,3,3,3.6,4,5,3,5,5,4.4,0,Retain,0,0
S2-0174,Ack+Alternative,1,1,0,0,23,Male,5,4,6,6,5,5,6,5.5,3,3,3,5,3.5,4,3,4,3,4,3.6,4,4,3,4,3.75,4,5,5,4,4.5,4,6,5,5,5,5.0,3,5,4,4,5,4.2,1,Cancel,1,0
S2-0175,Ack+Support,3,1,1,1,40,Female,5,5,4,6,6,6,5,5.75,5,5,5,7,5.5,7,6,6,7,7,6.6,2,2,2,1,1.75,1,2,1,3,1.75,1,1,1,2,2,1.4,2,3,3,3,2,2.6,0,Retain,0,0
S2-0176,NoAck+Alternative,0,0,0,0,25,Male,4,6,3,5,4,5,4,4.5,3,3,3,3,3.0,3,4,4,4,4,3.8,5,4,4,5,4.5,5,4,5,5,4.75,5,4,5,5,5,4.8,4,6,4,5,4,4.6,0,Retain,0,0
S2-0177,Ack+Support,3,1,1,1,18,Female,5,5,5,5,6,6,7,6.0,5,6,5,5,5.25,6,5,7,6,5,5.8,2,2,1,2,1.75,3,1,1,3,2.0,1,2,2,1,2,1.6,3,2,3,2,2,2.4,0,Retain,0,0
S2-0178,Ack+Support,3,1,1,1,30,Female,6,5,6,6,5,5,7,5.75,4,4,5,4,4.25,6,6,5,5,6,5.6,1,2,2,2,1.75,1,1,3,2,1.75,3,2,3,3,3,2.8,3,3,3,2,3,2.8,0,Retain,0,0
S2-0179,NoAck+Alternative,0,0,0,0,38,Male,5,4,4,4,3,3,4,3.5,4,4,4,3,3.75,3,3,4,4,4,3.6,3,4,4,4,3.75,3,3,5,3,3.5,5,4,5,5,5,4.8,5,5,5,4,5,4.8,0,Retain,0,0
S2-0180,Ack+Support,3,1,1,1,28,Female,4,5,5,6,5,5,6,5.5,6,6,6,6,6.0,5,7,6,7,6,6.2,1,2,2,2,1.75,1,2,2,2,1.75,3,1,1,1,2,1.6,2,1,2,1,2,1.6,0,Retain,0,0
S2-0181,NoAck+Alternative,0,0,0,0,34,Female,5,5,4,3,3,4,3,3.25,4,4,4,3,3.75,3,4,3,2,3,3.0,4,5,4,6,4.75,4,5,5,4,4.5,3,3,3,3,4,3.2,3,3,4,4,3,3.4,1,Exchange,0,0
S2-0182,NoAck+Alternative,0,0,0,0,18,Male,6,4,4,4,3,3,4,3.5,3,3,3,2,2.75,2,3,2,4,3,2.8,5,6,6,6,5.75,5,6,5,5,5.25,5,5,5,7,6,5.6,4,4,3,3,4,3.6,0,Retain,0,0
S2-0183,Ack+Support,3,1,1,1,29,Female,4,5,5,6,5,5,6,5.5,5,5,5,5,5.0,5,5,5,4,6,5.0,3,2,2,2,2.25,3,2,2,2,2.25,3,3,2,4,3,3.0,2,1,1,1,2,1.4,0,Retain,0,0
S2-0184,NoAck+Support,2,0,1,0,27,Male,7,4,6,4,4,5,4,4.25,5,6,5,6,5.5,6,4,4,5,6,5.0,5,4,4,2,3.75,3,2,2,3,2.5,3,2,3,3,2,2.6,4,4,4,4,3,3.8,0,Retain,0,0
S2-0185,Ack+Support,3,1,1,1,30,Female,6,4,6,5,4,6,5,5.0,5,4,6,5,5.0,5,4,6,5,6,5.2,4,2,3,3,3.0,3,2,3,2,2.5,2,2,1,3,2,2.0,2,2,1,2,2,1.8,0,Retain,0,1
S2-0186,Ack+Support,3,1,1,1,25,Female,5,6,5,6,7,5,6,6.0,5,5,5,5,5.0,6,6,5,5,6,5.6,3,2,2,2,2.25,2,2,2,2,2.0,2,1,2,2,2,1.8,4,3,3,3,4,3.4,0,Retain,0,0
S2-0187,Ack+Support,3,1,1,1,25,Male,6,7,5,5,6,6,6,5.75,5,6,4,4,4.75,5,5,5,6,5,5.2,2,3,3,4,3.0,3,2,2,3,2.5,2,1,1,3,1,1.6,2,2,3,2,2,2.2,0,Retain,0,0
S2-0188,NoAck+Support,2,0,1,0,41,Male,5,5,5,5,4,5,5,4.75,5,7,5,6,5.75,6,5,5,6,6,5.6,3,3,3,2,2.75,2,2,1,2,1.75,3,3,3,2,3,2.8,3,2,3,3,2,2.6,0,Retain,0,0
S2-0189,NoAck+Alternative,0,0,0,0,18,Female,4,5,5,3,3,4,4,3.5,5,4,4,4,4.25,4,4,3,4,4,3.8,6,6,5,5,5.5,4,6,4,4,4.5,4,4,3,4,4,3.8,4,4,4,4,5,4.2,0,Retain,0,1
S2-0190,NoAck+Alternative,0,0,0,0,26,Male,6,5,6,3,4,3,5,3.75,5,3,3,4,3.75,3,3,3,4,3,3.2,5,5,6,5,5.25,5,5,7,5,5.5,5,4,4,5,3,4.2,3,4,4,4,3,3.6,0,Retain,0,0
S2-0191,NoAck+Alternative,0,0,0,0,44,Male,6,5,3,5,5,4,5,4.75,6,5,5,4,5.0,3,3,3,4,3,3.2,5,5,5,5,5.0,6,6,6,5,5.75,4,3,4,3,3,3.4,4,4,3,3,4,3.6,1,Exchange,0,0
S2-0192,Ack+Support,3,1,1,1,30,Female,5,6,4,5,5,6,5,5.25,5,4,5,5,4.75,5,5,5,5,5,5.0,3,3,3,2,2.75,1,3,3,3,2.5,2,3,4,5,3,3.4,3,3,4,3,2,3.0,0,Retain,0,0
S2-0193,NoAck+Alternative,0,0,0,0,29,Female,5,6,5,4,3,4,4,3.75,3,5,3,3,3.5,4,4,4,4,4,4.0,5,5,4,3,4.25,4,5,3,5,4.25,4,5,4,5,5,4.6,3,3,2,3,3,2.8,0,Retain,0,0
S2-0194,Ack+Support,3,1,1,1,42,Male,5,6,3,4,5,6,6,5.25,5,5,5,5,5.0,5,5,6,6,5,5.4,2,1,1,2,1.5,2,2,2,2,2.0,2,2,2,1,2,1.8,2,3,3,1,1,2.0,0,Retain,0,0
S2-0195,Ack+Support,3,1,1,1,28,Female,6,6,5,5,6,5,7,5.75,5,6,7,6,6.0,4,5,6,5,6,5.2,3,3,3,3,3.0,2,2,3,3,2.5,3,2,2,2,3,2.4,2,2,2,1,2,1.8,0,Retain,0,0
S2-0196,NoAck+Support,2,0,1,0,28,Female,4,7,4,5,5,5,5,5.0,4,4,3,5,4.0,4,3,4,4,4,3.8,4,5,4,4,4.25,3,4,3,3,3.25,3,4,3,3,3,3.2,4,4,2,3,3,3.2,0,Retain,0,1
S2-0197,Ack+Alternative,1,1,0,0,20,Male,6,6,6,5,6,5,6,5.5,3,3,4,3,3.25,3,3,3,3,4,3.2,5,6,6,6,5.75,4,4,5,4,4.25,7,6,6,6,6,6.2,4,4,4,4,4,4.0,0,Retain,0,0
S2-0198,NoAck+Alternative,0,0,0,0,44,Male,6,5,5,4,4,4,4,4.0,5,3,3,5,4.0,4,3,3,3,4,3.4,5,5,4,4,4.5,4,5,4,4,4.25,4,4,3,3,4,3.6,3,4,3,3,3,3.2,0,Retain,0,0
S2-0199,NoAck+Support,2,0,1,0,26,Female,5,5,4,4,4,5,6,4.75,5,4,5,5,4.75,5,5,4,4,5,4.6,4,3,4,5,4.0,3,3,3,4,3.25,3,2,2,2,3,2.4,4,3,3,3,3,3.2,0,Retain,0,0
S2-0200,Ack+Alternative,1,1,0,0,25,Male,6,5,7,5,4,5,6,5.0,3,3,3,4,3.25,4,3,2,3,3,3.0,5,4,6,4,4.75,3,4,4,5,4.0,5,6,5,5,6,5.4,3,4,4,4,4,3.8,0,Retain,0,0
S2-0201,NoAck+Alternative,0,0,0,0,23,Male,4,6,4,3,4,3,4,3.5,3,2,4,3,3.0,3,4,3,3,3,3.2,4,5,6,5,5.0,4,6,6,5,5.25,4,5,3,4,3,3.8,3,3,4,5,5,4.0,0,Retain,1,0
S2-0202,NoAck+Support,2,0,1,0,31,Male,6,7,5,3,3,3,3,3.0,4,5,5,5,4.75,6,6,6,7,6,6.2,2,3,1,2,2.0,2,1,2,2,1.75,2,3,3,3,4,3.0,2,4,2,2,3,2.6,0,Retain,0,0
S2-0203,Ack+Alternative,1,1,0,0,47,Male,6,6,3,5,5,5,6,5.25,4,4,5,3,4.0,3,2,3,3,3,2.8,5,4,5,5,4.75,5,4,5,4,4.5,5,4,6,5,6,5.2,4,5,4,4,4,4.2,0,Retain,0,0
S2-0204,Ack+Alternative,1,1,0,0,30,Male,4,5,3,5,5,5,6,5.25,4,3,4,3,3.5,3,4,3,2,3,3.0,5,4,5,5,4.75,4,4,5,4,4.25,5,6,6,6,4,5.4,5,5,4,6,4,4.8,1,Cancel,1,1
S2-0205,Ack+Alternative,1,1,0,0,18,Male,6,6,4,4,4,4,4,4.0,4,4,3,4,3.75,3,2,3,3,3,2.8,6,5,4,4,4.75,5,5,5,5,5.0,4,5,7,5,6,5.4,5,5,5,5,5,5.0,0,Retain,0,1
S2-0206,Ack+Alternative,1,1,0,0,26,Female,4,5,7,6,5,5,6,5.5,4,3,3,3,3.25,3,3,5,3,4,3.6,5,5,5,5,5.0,4,5,4,5,4.5,6,5,5,6,6,5.6,5,5,5,5,4,4.8,0,Retain,0,0
S2-0207,Ack+Alternative,1,1,0,0,34,Male,6,5,4,6,5,5,5,5.25,3,4,4,4,3.75,3,2,3,4,1,2.6,4,5,6,6,5.25,6,5,6,5,5.5,5,5,5,6,5,5.2,5,5,5,4,6,5.0,1,Exchange,0,1
S2-0208,NoAck+Support,2,0,1,0,32,Male,3,5,3,5,4,5,4,4.5,4,4,5,4,4.25,5,5,5,5,4,4.8,3,3,3,3,3.0,3,3,2,3,2.75,3,2,2,3,2,2.4,2,2,2,2,1,1.8,1,Cancel,0,0
S2-0209,NoAck+Support,2,0,1,0,35,Female,5,5,5,4,4,3,4,3.75,5,5,4,5,4.75,4,6,4,5,4,4.6,3,3,4,5,3.75,3,2,3,3,2.75,3,4,3,2,3,3.0,3,3,4,3,3,3.2,0,Retain,0,0
S2-0210,Ack+Alternative,1,1,0,0,27,Male,4,6,5,5,4,5,5,4.75,3,3,5,4,3.75,5,4,5,4,4,4.4,5,4,4,3,4.0,3,3,3,4,3.25,6,6,6,6,7,6.2,4,4,4,4,4,4.0,0,Retain,1,0
S2-0211,Ack+Alternative,1,1,0,0,42,Female,5,6,3,5,6,6,5,5.5,2,3,4,3,3.0,2,2,2,2,2,2.0,5,5,6,4,5.0,5,6,6,6,5.75,5,5,6,6,5,5.4,3,4,5,4,4,4.0,1,Exchange,0,1
S2-0212,NoAck+Support,2,0,1,0,34,Female,6,5,4,5,4,4,4,4.25,5,5,5,5,5.0,5,4,6,5,5,5.0,3,3,2,2,2.5,3,2,3,3,2.75,2,2,3,3,2,2.4,1,1,2,1,1,1.2,0,Retain,0,0
S2-0213,NoAck+Alternative,0,0,0,0,20,Male,7,6,5,4,5,3,4,4.0,2,4,4,4,3.5,4,4,4,4,4,4.0,5,4,4,4,4.25,4,4,4,4,4.0,5,5,5,4,5,4.8,4,5,4,4,5,4.4,1,Exchange,0,0
S2-0214,NoAck+Alternative,0,0,0,0,20,Female,5,6,4,4,4,4,3,3.75,4,3,3,4,3.5,1,2,1,2,2,1.6,6,6,6,6,6.0,4,5,5,4,4.5,4,5,4,3,4,4.0,4,6,5,5,5,5.0,0,Retain,0,1
S2-0215,NoAck+Support,2,0,1,0,22,Male,7,4,5,4,4,4,4,4.0,5,5,5,5,5.0,5,6,6,5,4,5.2,2,2,2,2,2.0,3,3,2,3,2.75,1,2,3,2,2,2.0,3,3,3,4,3,3.2,0,Retain,0,1
S2-0216,Ack+Alternative,1,1,0,0,26,Female,5,5,4,5,6,5,6,5.5,3,2,3,2,2.5,4,3,3,4,3,3.4,5,5,4,5,4.75,3,4,4,5,4.0,5,5,5,6,6,5.4,4,4,3,4,4,3.8,0,Retain,1,1
S2-0217,Ack+Alternative,1,1,0,0,33,Male,4,5,5,4,4,4,4,4.0,4,4,4,3,3.75,3,3,2,3,4,3.0,2,4,4,5,3.75,5,4,4,4,4.25,3,4,3,4,4,3.6,3,4,4,4,4,3.8,0,Retain,0,1
S2-0218,NoAck+Alternative,0,0,0,0,29,Male,4,6,7,4,3,3,4,3.5,3,3,3,4,3.25,4,2,3,4,3,3.2,5,6,5,7,5.75,5,6,5,5,5.25,5,4,4,5,3,4.2,5,3,5,4,5,4.4,1,Exchange,1,0
S2-0219,NoAck+Alternative,0,0,0,0,23,Male,4,5,2,3,3,3,3,3.0,3,2,3,3,2.75,3,3,4,2,4,3.2,4,5,4,5,4.5,5,5,5,4,4.75,4,4,5,4,5,4.4,4,4,4,4,3,3.8,0,Retain,0,0
S2-0220,Ack+Alternative,1,1,0,0,34,Male,5,7,4,5,7,5,6,5.75,3,4,4,5,4.0,4,3,2,3,3,3.0,5,6,5,5,5.25,4,5,5,4,4.5,6,6,5,6,7,6.0,3,4,4,5,4,4.0,0,Retain,0,0
S2-0221,Ack+Support,3,1,1,1,29,Male,5,5,7,6,6,6,6,6.0,6,6,5,6,5.75,6,6,6,6,6,6.0,1,2,3,3,2.25,2,1,2,2,1.75,2,2,2,1,2,1.8,2,2,3,2,2,2.2,0,Retain,0,0
S2-0222,NoAck+Support,2,0,1,0,21,Male,5,5,5,6,4,4,4,4.5,4,5,4,5,4.5,5,4,5,5,4,4.6,3,1,3,3,2.5,3,4,4,4,3.75,4,2,4,3,3,3.2,3,3,3,3,4,3.2,0,Retain,0,0
S2-0223,NoAck+Support,2,0,1,0,42,Male,4,4,4,5,5,5,5,5.0,4,4,5,5,4.5,7,6,6,5,7,6.2,4,2,2,2,2.5,3,2,2,2,2.25,2,4,3,4,3,3.2,2,3,2,3,3,2.6,0,Retain,0,0
S2-0224,NoAck+Support,2,0,1,0,32,Male,6,5,4,4,4,4,4,4.0,5,6,4,4,4.75,5,5,5,4,5,4.8,3,2,3,3,2.75,2,3,3,2,2.5,2,3,3,2,2,2.4,4,3,3,4,4,3.6,0,Retain,1,0
S2-0225,Ack+Alternative,1,1,0,0,28,Male,4,4,4,4,4,4,5,4.25,3,3,3,2,2.75,3,4,3,4,4,3.6,4,5,6,5,5.0,5,5,5,5,5.0,6,6,6,5,5,5.6,4,4,4,5,4,4.2,0,Retain,0,0
S2-0226,Ack+Support,3,1,1,1,41,Male,5,6,4,5,5,5,5,5.0,5,5,5,5,5.0,5,6,5,4,6,5.2,3,3,3,2,2.75,1,3,2,3,2.25,3,3,2,2,3,2.6,2,3,2,3,2,2.4,0,Retain,0,0
S2-0227,Ack+Support,3,1,1,1,36,Male,6,6,6,5,5,5,6,5.25,5,5,6,6,5.5,5,5,4,5,5,4.8,4,3,3,3,3.25,3,4,3,3,3.25,2,3,2,2,3,2.4,2,2,1,1,2,1.6,0,Retain,0,0
S2-0228,Ack+Support,3,1,1,1,29,Female,4,6,5,5,4,6,6,5.25,7,6,6,6,6.25,5,5,5,5,5,5.0,1,2,2,2,1.75,2,3,2,2,2.25,2,2,1,1,2,1.6,4,4,3,4,4,3.8,0,Retain,0,0
S2-0229,Ack+Alternative,1,1,0,0,33,Male,6,4,3,5,6,7,6,6.0,3,3,3,4,3.25,3,4,3,3,4,3.4,5,4,5,5,4.75,5,5,5,5,5.0,6,6,7,6,7,6.4,4,5,5,4,4,4.4,1,Exchange,1,0
S2-0230,Ack+Alternative,1,1,0,0,36,Male,6,4,4,6,7,5,6,6.0,4,4,3,4,3.75,2,2,1,2,2,1.8,6,6,6,6,6.0,6,6,6,7,6.25,6,6,5,6,4,5.4,4,6,5,5,5,5.0,1,Exchange,0,0
S2-0231,NoAck+Alternative,0,0,0,0,23,Male,5,5,7,4,3,2,3,3.0,4,4,4,5,4.25,3,3,3,4,3,3.2,5,4,5,6,5.0,4,4,4,4,4.0,5,4,4,4,4,4.2,4,5,4,3,4,4.0,1,Exchange,0,0
S2-0232,NoAck+Support,2,0,1,0,33,Male,5,4,4,5,5,4,5,4.75,5,6,5,5,5.25,6,6,6,6,6,6.0,2,2,1,2,1.75,2,2,2,3,2.25,4,3,3,2,2,2.8,2,1,3,3,3,2.4,0,Retain,0,0
S2-0233,Ack+Alternative,1,1,0,0,27,Male,5,6,5,6,5,6,6,5.75,4,4,3,3,3.5,3,4,4,4,5,4.0,4,5,5,4,4.5,4,5,4,5,4.5,6,5,5,5,4,5.0,5,5,4,4,5,4.6,1,Exchange,0,0
S2-0234,NoAck+Support,2,0,1,0,25,Male,6,5,4,4,5,5,5,4.75,4,4,4,5,4.25,4,5,4,4,4,4.2,4,4,3,4,3.75,4,4,3,4,3.75,3,3,3,3,3,3.0,3,2,3,2,3,2.6,0,Retain,0,0
S2-0235,NoAck+Support,2,0,1,0,32,Male,6,5,6,4,5,5,5,4.75,5,5,4,6,5.0,6,4,5,5,5,5.0,4,3,4,4,3.75,3,5,3,3,3.5,2,3,3,3,4,3.0,2,2,2,2,3,2.2,0,Retain,0,0
S2-0236,Ack+Support,3,1,1,1,36,Female,4,5,4,5,5,4,5,4.75,5,6,6,5,5.5,5,5,5,6,6,5.4,3,3,2,2,2.5,2,1,2,2,1.75,3,3,3,2,2,2.6,2,3,2,2,3,2.4,0,Retain,0,0
S2-0237,NoAck+Alternative,0,0,0,0,38,Female,6,5,5,4,3,4,3,3.5,3,2,4,4,3.25,3,3,3,4,3,3.2,5,5,6,5,5.25,5,5,6,6,5.5,3,3,5,5,3,3.8,3,3,3,4,4,3.4,1,Exchange,0,0
S2-0238,NoAck+Support,2,0,1,0,34,Male,5,4,3,4,3,5,4,4.0,5,4,4,3,4.0,5,6,6,6,5,5.6,3,3,1,3,2.5,3,2,3,2,2.5,4,4,3,4,3,3.6,2,4,3,1,3,2.6,0,Retain,0,0
S2-0239,NoAck+Support,2,0,1,0,24,Female,6,7,5,5,5,5,4,4.75,5,5,5,6,5.25,5,5,5,6,7,5.6,3,1,2,1,1.75,2,2,2,3,2.25,2,2,2,2,2,2.0,2,3,1,2,1,1.8,0,Retain,0,0
S2-0240,Ack+Support,3,1,1,1,21,Male,5,5,5,5,5,5,5,5.0,4,4,4,5,4.25,6,6,6,6,5,5.8,2,4,4,3,3.25,2,4,2,3,2.75,3,3,1,2,2,2.2,2,3,3,2,3,2.6,0,Retain,0,0
S2-0241,Ack+Alternative,1,1,0,0,32,Female,5,5,5,6,5,5,4,5.0,3,4,4,3,3.5,2,4,4,4,3,3.4,5,4,4,5,4.5,5,5,6,5,5.25,5,5,5,5,5,5.0,5,5,5,6,5,5.2,0,Retain,0,0
S2-0242,NoAck+Alternative,0,0,0,0,20,Female,6,6,5,3,3,3,3,3.0,3,3,3,4,3.25,4,3,3,3,3,3.2,6,6,6,6,6.0,5,5,5,5,5.0,5,3,4,3,2,3.4,5,4,4,4,5,4.4,1,Exchange,1,0
S2-0243,NoAck+Alternative,0,0,0,0,38,Male,5,5,5,4,4,3,4,3.75,5,3,5,5,4.5,2,3,2,3,3,2.6,6,5,5,6,5.5,5,5,6,6,5.5,2,3,1,2,2,2.0,4,3,4,3,4,3.6,0,Retain,0,0
S2-0244,NoAck+Alternative,0,0,0,0,38,Male,6,5,6,3,3,2,3,2.75,4,3,4,4,3.75,3,4,4,4,4,3.8,4,5,4,6,4.75,4,4,4,5,4.25,2,4,3,3,3,3.0,5,4,3,4,4,4.0,1,Exchange,1,1
S2-0245,NoAck+Alternative,0,0,0,0,50,Male,6,4,6,4,4,3,4,3.75,3,3,3,3,3.0,4,2,3,3,3,3.0,5,4,5,5,4.75,4,5,5,5,4.75,5,4,5,5,5,4.8,4,5,4,5,5,4.6,1,Exchange,0,0
S2-0246,NoAck+Support,2,0,1,0,47,Female,4,7,6,3,3,3,4,3.25,4,3,3,4,3.5,5,4,5,5,6,5.0,3,3,4,3,3.25,3,3,4,3,3.25,2,3,3,2,3,2.6,3,3,3,2,3,2.8,0,Retain,0,0
S2-0247,NoAck+Alternative,0,0,0,0,29,Female,6,5,5,3,3,2,2,2.5,3,4,2,3,3.0,3,4,5,4,4,4.0,4,4,5,4,4.25,3,5,5,6,4.75,5,4,4,3,4,4.0,3,3,3,4,2,3.0,0,Retain,1,0
S2-0248,Ack+Support,3,1,1,1,23,Female,5,5,5,6,6,6,7,6.25,5,5,6,5,5.25,6,6,7,7,7,6.6,1,2,2,2,1.75,1,1,2,1,1.25,3,3,3,4,2,3.0,2,2,1,2,2,1.8,0,Retain,0,0
S2-0249,NoAck+Support,2,0,1,0,26,Female,6,5,5,3,4,4,2,3.25,3,3,5,5,4.0,4,4,4,4,4,4.0,4,3,3,3,3.25,3,4,2,3,3.0,2,4,2,3,3,2.8,3,2,2,2,2,2.2,0,Retain,0,0
S2-0250,NoAck+Support,2,0,1,0,44,Male,6,6,6,4,5,4,4,4.25,4,5,5,4,4.5,4,6,5,5,5,5.0,4,3,4,3,3.5,3,3,3,2,2.75,2,2,2,2,2,2.0,2,3,2,2,2,2.2,0,Retain,0,0
S2-0251,NoAck+Alternative,0,0,0,0,28,Female,6,5,5,4,4,4,5,4.25,4,3,3,4,3.5,4,2,4,4,3,3.4,4,5,4,5,4.5,5,4,5,4,4.5,4,4,4,4,5,4.2,3,4,4,3,3,3.4,0,Retain,0,0
S2-0252,NoAck+Support,2,0,1,0,34,Female,5,6,3,4,5,5,5,4.75,4,3,4,4,3.75,6,5,6,6,6,5.8,2,2,1,2,1.75,1,2,2,3,2.0,3,4,4,4,3,3.6,3,3,2,3,3,2.8,0,Retain,0,0
S2-0253,Ack+Support,3,1,1,1,18,Male,6,6,5,6,6,6,6,6.0,5,6,5,5,5.25,6,6,7,6,6,6.2,2,2,1,1,1.5,2,2,1,2,1.75,2,3,3,2,3,2.6,3,2,3,4,4,3.2,0,Retain,0,1
S2-0254,Ack+Support,3,1,1,1,32,Female,4,5,6,4,5,5,4,4.5,5,6,5,6,5.5,5,5,6,6,6,5.6,3,2,2,1,2.0,1,1,1,1,1.0,2,3,2,2,2,2.2,2,2,1,2,3,2.0,0,Retain,0,0
S2-0255,Ack+Alternative,1,1,0,0,28,Male,6,4,5,5,6,5,4,5.0,3,4,2,2,2.75,3,3,4,4,4,3.6,4,5,4,4,4.25,4,4,5,4,4.25,3,4,5,5,5,4.4,4,5,5,5,5,4.8,0,Retain,0,1
S2-0256,Ack+Support,3,1,1,1,27,Female,4,6,5,7,6,7,7,6.75,6,5,5,6,5.5,5,5,6,5,6,5.4,3,3,3,2,2.75,2,2,2,2,2.0,3,2,2,2,1,2.0,3,2,2,3,2,2.4,1,Cancel,0,0
S2-0257,Ack+Alternative,1,1,0,0,34,Female,6,6,4,5,5,6,6,5.5,3,3,3,3,3.0,4,4,4,4,4,4.0,4,4,5,4,4.25,4,4,5,4,4.25,6,6,6,6,6,6.0,3,3,4,4,4,3.6,1,Cancel,1,0
S2-0258,Ack+Alternative,1,1,0,0,32,Male,5,5,3,4,4,4,5,4.25,4,4,3,2,3.25,3,4,2,3,3,3.0,6,5,3,6,5.0,4,5,6,5,5.0,6,4,5,6,5,5.2,3,5,4,4,4,4.0,0,Retain,0,0
S2-0259,NoAck+Support,2,0,1,0,27,Female,6,6,6,4,4,5,4,4.25,5,5,5,4,4.75,3,4,5,5,5,4.4,2,3,2,1,2.0,3,2,2,3,2.5,2,3,4,3,3,3.0,2,3,2,2,2,2.2,0,Retain,0,0
S2-0260,NoAck+Support,2,0,1,0,19,Male,7,6,4,5,4,5,5,4.75,5,6,5,6,5.5,5,5,5,5,5,5.0,3,2,3,3,2.75,2,2,1,2,1.75,1,3,2,2,2,2.0,2,1,2,1,2,1.6,0,Retain,0,0
S2-0261,Ack+Support,3,1,1,1,27,Female,7,6,4,6,7,7,6,6.5,5,6,6,7,6.0,5,5,6,6,6,5.6,3,4,3,4,3.5,2,4,3,4,3.25,2,2,2,1,2,1.8,1,2,1,2,1,1.4,1,Cancel,0,0
S2-0262,NoAck+Alternative,0,0,0,0,38,Male,5,5,5,4,2,3,2,2.75,4,3,4,3,3.5,3,4,4,5,3,3.8,5,4,5,3,4.25,4,5,5,5,4.75,2,4,3,3,3,3.0,3,4,4,4,3,3.6,0,Retain,0,0
S2-0263,Ack+Alternative,1,1,0,0,32,Male,5,4,3,6,4,4,6,5.0,3,3,3,4,3.25,3,4,3,4,4,3.6,5,4,6,7,5.5,3,5,5,4,4.25,7,6,6,6,7,6.4,4,5,5,4,4,4.4,0,Retain,0,0
S2-0264,Ack+Support,3,1,1,1,37,Female,5,4,4,6,5,5,6,5.5,5,6,5,6,5.5,6,6,6,6,7,6.2,1,2,1,1,1.25,3,2,3,1,2.25,1,1,2,2,2,1.6,2,4,3,3,2,2.8,0,Retain,0,0
S2-0265,Ack+Alternative,1,1,0,0,26,Male,6,6,4,6,6,5,7,6.0,5,5,5,5,5.0,3,2,3,3,2,2.6,5,5,5,6,5.25,4,4,5,4,4.25,5,5,4,5,6,5.0,3,4,4,4,4,3.8,1,Exchange,0,1
S2-0266,NoAck+Alternative,0,0,0,0,33,Female,7,7,5,3,3,3,3,3.0,4,3,5,4,4.0,4,4,3,3,4,3.6,5,4,5,5,4.75,4,5,4,5,4.5,5,4,4,4,4,4.2,3,4,5,5,4,4.2,0,Retain,1,0
S2-0267,Ack+Alternative,1,1,0,0,29,Male,5,5,6,5,6,5,5,5.25,4,4,3,3,3.5,4,4,4,3,3,3.6,5,5,4,5,4.75,5,4,4,4,4.25,4,6,5,6,5,5.2,5,4,5,4,5,4.6,1,Exchange,0,1
S2-0268,NoAck+Alternative,0,0,0,0,19,Female,5,6,5,3,5,4,4,4.0,3,4,3,4,3.5,4,3,5,3,4,3.8,5,4,5,5,4.75,5,5,5,4,4.75,4,3,6,5,4,4.4,3,3,3,4,4,3.4,0,Retain,0,0
S2-0269,Ack+Support,3,1,1,1,31,Male,5,6,6,5,5,3,5,4.5,6,5,6,6,5.75,5,5,6,6,4,5.2,4,2,3,2,2.75,4,3,3,3,3.25,3,1,1,1,1,1.4,1,2,2,3,3,2.2,0,Retain,0,0
S2-0270,Ack+Alternative,1,1,0,0,22,Female,6,5,7,6,6,7,6,6.25,4,3,4,4,3.75,4,4,3,4,3,3.6,5,5,6,4,5.0,5,5,5,5,5.0,5,6,6,5,7,5.8,4,4,4,4,4,4.0,0,Retain,0,0
S2-0271,Ack+Alternative,1,1,0,0,36,Nonbinary/Other,4,4,5,6,7,5,5,5.75,4,4,4,4,4.0,2,2,3,4,2,2.6,4,4,5,5,4.5,3,4,5,4,4.0,6,6,6,4,5,5.4,4,3,3,3,5,3.6,0,Retain,0,0
S2-0272,NoAck+Support,2,0,1,0,24,Female,4,5,4,5,4,4,4,4.25,4,5,5,4,4.5,4,4,4,4,5,4.2,4,4,2,2,3.0,4,4,3,3,3.5,3,3,3,3,2,2.8,3,4,4,3,3,3.4,0,Retain,0,1
S2-0273,NoAck+Support,2,0,1,0,32,Male,5,6,3,3,4,4,4,3.75,5,5,5,4,4.75,4,5,4,4,5,4.4,4,4,3,4,3.75,1,1,1,2,1.25,4,3,3,3,3,3.2,3,2,2,2,3,2.4,0,Retain,0,0
S2-0274,Ack+Support,3,1,1,1,34,Male,5,5,5,6,5,5,5,5.25,6,6,6,6,6.0,7,6,6,7,7,6.6,2,3,2,2,2.25,2,2,2,3,2.25,2,2,1,2,3,2.0,2,2,2,2,2,2.0,0,Retain,0,0
S2-0275,NoAck+Alternative,0,0,0,0,25,Male,5,5,5,4,5,3,4,4.0,3,4,4,3,3.5,3,2,2,3,2,2.4,5,6,5,5,5.25,6,5,6,4,5.25,3,5,3,3,5,3.8,4,3,4,3,3,3.4,1,Exchange,0,0
S2-0276,Ack+Alternative,1,1,0,0,29,Female,7,5,2,6,6,5,4,5.25,2,4,3,2,2.75,4,3,4,4,3,3.6,4,4,5,6,4.75,5,3,4,5,4.25,6,5,6,7,6,6.0,3,3,3,3,3,3.0,0,Retain,0,1
S2-0277,NoAck+Support,2,0,1,0,21,Male,6,4,6,4,5,5,4,4.5,4,5,5,4,4.5,5,5,4,4,5,4.6,3,2,3,3,2.75,2,2,3,1,2.0,2,2,2,2,2,2.0,5,3,4,4,4,4.0,0,Retain,0,0
S2-0278,NoAck+Alternative,0,0,0,0,37,Male,6,6,6,3,3,4,3,3.25,3,3,4,2,3.0,4,4,2,2,2,2.8,4,5,5,5,4.75,4,5,5,5,4.75,5,5,5,4,6,5.0,3,3,3,2,3,2.8,1,Cancel,0,0
S2-0279,Ack+Alternative,1,1,0,0,35,Male,5,7,5,6,4,5,5,5.0,4,3,3,3,3.25,3,3,2,5,2,3.0,5,5,6,5,5.25,5,4,4,5,4.5,6,5,6,6,6,5.8,5,4,3,5,4,4.2,1,Exchange,0,0
S2-0280,Ack+Alternative,1,1,0,0,25,Male,5,5,5,5,6,6,5,5.5,4,3,4,4,3.75,3,4,3,3,3,3.2,5,5,6,5,5.25,5,6,5,6,5.5,6,5,5,6,6,5.6,6,5,5,5,5,5.2,0,Retain,0,0
S2-0281,NoAck+Alternative,0,0,0,0,28,Male,5,5,6,3,2,3,4,3.0,4,4,2,3,3.25,3,2,1,2,2,2.0,5,6,5,6,5.5,5,5,6,6,5.5,3,3,5,3,4,3.6,5,5,4,5,4,4.6,1,Exchange,0,1
S2-0282,Ack+Support,3,1,1,1,31,Male,6,5,5,3,5,5,6,4.75,6,6,5,5,5.5,5,7,4,5,5,5.2,2,2,2,2,2.0,3,1,3,2,2.25,2,2,2,2,2,2.0,1,2,3,3,3,2.4,0,Retain,0,0
S2-0283,NoAck+Alternative,0,0,0,0,37,Male,6,6,3,4,4,3,3,3.5,4,3,2,4,3.25,5,5,5,4,4,4.6,4,4,4,4,4.0,5,5,4,4,4.5,2,2,2,3,4,2.6,5,6,5,5,5,5.2,0,Retain,0,1
S2-0284,NoAck+Support,2,0,1,0,33,Female,5,6,3,4,4,4,5,4.25,5,4,6,6,5.25,4,5,4,5,5,4.6,2,2,2,3,2.25,1,2,2,3,2.0,1,2,2,3,1,1.8,2,2,3,2,2,2.2,0,Retain,1,0
S2-0285,NoAck+Support,2,0,1,0,18,Female,4,6,5,5,5,5,5,5.0,4,4,4,4,4.0,6,5,5,5,5,5.2,4,3,4,3,3.5,4,3,3,3,3.25,3,3,2,3,3,2.8,3,4,4,4,4,3.8,0,Retain,0,0
S2-0286,NoAck+Support,2,0,1,0,32,Male,5,6,6,5,5,5,5,5.0,4,5,4,4,4.25,5,5,5,6,6,5.4,2,3,3,4,3.0,3,4,4,4,3.75,3,3,2,1,3,2.4,1,3,1,2,3,2.0,0,Retain,1,0
S2-0287,Ack+Alternative,1,1,0,0,31,Female,6,6,4,5,4,4,5,4.5,4,5,4,4,4.25,3,4,2,4,3,3.2,6,5,5,5,5.25,5,4,5,4,4.5,4,4,4,5,5,4.4,5,5,4,5,6,5.0,1,Exchange,0,0
S2-0288,NoAck+Support,2,0,1,0,20,Female,6,5,4,5,6,5,5,5.25,6,4,6,4,5.0,5,4,5,4,5,4.6,3,3,2,3,2.75,4,1,3,3,2.75,1,3,2,2,2,2.0,3,2,2,3,3,2.6,0,Retain,0,0
S2-0289,Ack+Alternative,1,1,0,0,36,Female,5,5,6,5,5,6,6,5.5,3,5,4,4,4.0,3,3,3,3,4,3.2,6,6,5,6,5.75,5,5,5,5,5.0,5,5,7,6,6,5.8,4,4,4,4,4,4.0,0,Retain,0,0
S2-0290,Ack+Alternative,1,1,0,0,29,Female,4,5,5,6,5,4,6,5.25,3,2,3,3,2.75,3,3,2,3,2,2.6,6,7,7,7,6.75,5,6,6,6,5.75,5,4,6,4,5,4.8,4,5,6,5,4,4.8,1,Exchange,0,1
S2-0291,NoAck+Alternative,0,0,0,0,49,Male,7,4,6,5,4,5,4,4.5,4,3,3,3,3.25,4,5,4,4,5,4.4,5,6,5,5,5.25,5,3,4,5,4.25,4,4,4,4,5,4.2,4,5,4,4,4,4.2,0,Retain,0,0
S2-0292,NoAck+Alternative,0,0,0,0,21,Male,6,5,5,3,4,3,3,3.25,2,4,2,3,2.75,3,2,4,3,3,3.0,5,5,4,5,4.75,5,5,5,4,4.75,5,3,4,4,4,4.0,4,3,4,3,4,3.6,0,Retain,1,0
S2-0293,Ack+Support,3,1,1,1,18,Male,6,6,5,6,6,6,5,5.75,6,6,6,6,6.0,5,6,6,5,5,5.4,3,2,3,2,2.5,2,2,2,1,1.75,2,2,3,1,1,1.8,3,3,2,2,2,2.4,0,Retain,0,0
S2-0294,Ack+Support,3,1,1,1,43,Male,5,5,6,5,6,5,5,5.25,5,5,6,5,5.25,5,6,5,7,5,5.6,2,2,3,2,2.25,2,2,2,2,2.0,3,1,2,2,3,2.2,3,3,3,2,3,2.8,0,Retain,0,0
S2-0295,NoAck+Alternative,0,0,0,0,26,Female,6,4,4,2,2,3,3,2.5,4,4,3,2,3.25,4,3,3,3,2,3.0,5,5,6,5,5.25,4,4,5,3,4.0,4,4,5,4,4,4.2,3,4,5,4,3,3.8,1,Exchange,0,0
S2-0296,Ack+Alternative,1,1,0,0,34,Male,4,5,4,5,5,6,6,5.5,4,3,4,4,3.75,3,3,4,2,3,3.0,4,5,5,5,4.75,5,5,4,4,4.5,5,6,6,6,6,5.8,5,5,5,5,5,5.0,0,Retain,0,1
S2-0297,Ack+Support,3,1,1,1,27,Male,5,5,4,6,5,6,7,6.0,6,5,5,5,5.25,5,5,6,5,6,5.4,2,2,3,2,2.25,3,3,2,2,2.5,2,4,2,3,1,2.4,2,2,1,1,2,1.6,0,Retain,1,0
S2-0298,NoAck+Support,2,0,1,0,29,Male,5,4,4,5,6,4,4,4.75,4,6,6,5,5.25,5,5,6,5,4,5.0,3,3,2,1,2.25,3,2,3,3,2.75,2,2,1,2,1,1.6,2,3,2,2,2,2.2,0,Retain,0,0
S2-0299,NoAck+Alternative,0,0,0,0,39,Male,7,6,4,4,4,5,4,4.25,3,4,3,3,3.25,4,3,3,5,3,3.6,5,4,4,4,4.25,4,4,4,4,4.0,5,5,3,4,6,4.6,4,4,4,5,3,4.0,0,Retain,0,1
S2-0300,NoAck+Support,2,0,1,0,29,Female,5,5,4,5,5,4,5,4.75,5,4,5,5,4.75,5,5,4,5,5,4.8,3,2,3,2,2.5,3,4,2,3,3.0,1,1,3,2,3,2.0,2,2,2,2,2,2.0,0,Retain,0,0
S2-0301,Ack+Alternative,1,1,0,0,36,Male,5,4,5,6,5,5,5,5.25,3,5,4,4,4.0,4,3,4,3,3,3.4,4,3,3,4,3.5,4,4,4,3,3.75,6,6,7,7,6,6.4,5,3,5,5,4,4.4,0,Retain,0,1
S2-0302,Ack+Support,3,1,1,1,35,Female,5,5,5,5,5,7,7,6.0,4,5,5,6,5.0,6,6,6,6,6,6.0,1,3,2,3,2.25,3,3,4,3,3.25,2,2,3,3,3,2.6,3,2,3,2,2,2.4,0,Retain,0,0
S2-0303,Ack+Support,3,1,1,1,35,Male,4,7,4,4,6,5,5,5.0,5,6,5,5,5.25,5,6,6,6,5,5.6,3,3,2,3,2.75,1,2,2,3,2.0,2,3,3,3,3,2.8,1,2,1,3,3,2.0,1,Cancel,0,0
S2-0304,NoAck+Support,2,0,1,0,21,Female,5,6,5,3,4,2,2,2.75,5,4,5,5,4.75,4,4,4,4,3,3.8,3,4,2,3,3.0,3,3,2,2,2.5,3,2,3,2,2,2.4,4,3,3,2,2,2.8,1,Exchange,0,0
S2-0305,Ack+Alternative,1,1,0,0,29,Female,6,7,3,4,5,4,4,4.25,3,3,3,3,3.0,4,3,2,3,2,2.8,5,4,5,5,4.75,6,5,4,5,5.0,6,6,7,6,6,6.2,4,4,3,3,3,3.4,1,Exchange,1,0
S2-0306,Ack+Support,3,1,1,1,21,Female,6,6,6,5,6,5,5,5.25,6,6,6,6,6.0,6,6,6,6,6,6.0,2,3,1,3,2.25,2,2,2,2,2.0,2,2,2,2,2,2.0,2,2,2,3,2,2.2,0,Retain,0,0
S2-0307,Ack+Alternative,1,1,0,0,34,Male,4,7,7,5,5,5,5,5.0,3,3,3,3,3.0,4,3,3,4,3,3.4,4,4,4,4,4.0,4,4,4,4,4.0,4,5,5,5,5,4.8,4,5,5,5,4,4.6,1,Exchange,0,0
S2-0308,Ack+Support,3,1,1,1,35,Female,7,6,4,6,6,6,6,6.0,7,6,6,7,6.5,5,4,5,5,5,4.8,3,3,2,2,2.5,2,2,2,2,2.0,3,2,2,2,2,2.2,3,3,2,3,2,2.6,1,Exchange,0,0
S2-0309,NoAck+Alternative,0,0,0,0,26,Male,5,5,4,2,3,2,2,2.25,4,4,4,5,4.25,4,3,4,4,4,3.8,5,5,5,4,4.75,5,6,4,5,5.0,5,5,5,2,4,4.2,4,5,4,4,4,4.2,1,Exchange,0,0
S2-0310,Ack+Alternative,1,1,0,0,26,Male,5,5,5,6,5,4,5,5.0,4,4,5,4,4.25,2,2,3,3,4,2.8,5,5,5,6,5.25,6,5,5,6,5.5,6,6,5,5,5,5.4,4,4,4,4,4,4.0,0,Retain,0,1
S2-0311,NoAck+Alternative,0,0,0,0,25,Female,6,5,5,4,3,3,3,3.25,4,3,4,5,4.0,1,2,3,2,2,2.0,5,7,5,5,5.5,6,5,5,6,5.5,3,4,4,5,5,4.2,3,3,3,3,3,3.0,1,Exchange,0,0
S2-0312,NoAck+Support,2,0,1,0,36,Male,4,5,5,5,5,4,5,4.75,5,4,4,5,4.5,6,6,6,6,6,6.0,2,2,3,2,2.25,2,2,2,2,2.0,3,3,4,4,5,3.8,3,4,3,3,3,3.2,0,Retain,0,0
S2-0313,NoAck+Alternative,0,0,0,0,36,Female,4,5,4,3,2,3,3,2.75,3,4,4,3,3.5,2,2,2,3,1,2.0,6,7,5,5,5.75,5,5,6,6,5.5,4,5,5,4,4,4.4,4,4,5,5,4,4.4,0,Retain,1,0
S2-0314,NoAck+Alternative,0,0,0,0,21,Male,5,4,5,4,3,4,4,3.75,4,3,4,4,3.75,3,2,2,3,3,2.6,5,7,5,6,5.75,5,4,5,6,5.0,4,5,4,4,4,4.2,5,5,5,6,4,5.0,0,Retain,1,0
S2-0315,Ack+Alternative,1,1,0,0,21,Male,5,4,5,5,6,5,5,5.25,5,5,3,4,4.25,4,3,3,3,2,3.0,5,5,4,4,4.5,5,6,5,7,5.75,4,4,5,5,5,4.6,3,4,4,4,4,3.8,0,Retain,0,0
S2-0316,NoAck+Alternative,0,0,0,0,25,Female,4,5,5,4,5,4,5,4.5,5,3,4,4,4.0,2,2,3,2,2,2.2,5,5,7,6,5.75,4,4,5,4,4.25,3,5,5,5,4,4.4,3,4,4,4,4,3.8,1,Exchange,1,0
S2-0317,Ack+Support,3,1,1,1,36,Male,6,5,5,6,7,7,6,6.5,7,5,6,6,6.0,4,5,6,7,6,5.6,3,2,3,3,2.75,3,2,2,2,2.25,3,3,2,2,2,2.4,1,2,2,2,2,1.8,0,Retain,0,0
S2-0318,NoAck+Alternative,0,0,0,0,23,Male,6,6,5,3,4,3,4,3.5,4,5,4,3,4.0,4,3,3,3,4,3.4,5,6,5,5,5.25,4,5,5,6,5.0,3,3,3,3,3,3.0,3,3,3,3,4,3.2,1,Cancel,1,0
S2-0319,NoAck+Support,2,0,1,0,36,Male,5,5,6,3,4,4,4,3.75,4,4,4,4,4.0,5,5,4,4,6,4.8,3,3,3,3,3.0,3,3,2,2,2.5,2,2,3,2,2,2.2,3,2,2,2,3,2.4,0,Retain,0,0
S2-0320,Ack+Alternative,1,1,0,0,36,Female,4,6,3,4,5,4,4,4.25,4,4,3,3,3.5,2,2,2,3,3,2.4,5,6,6,6,5.75,5,6,5,6,5.5,4,5,5,5,5,4.8,5,4,3,5,5,4.4,0,Retain,1,0
S2-0321,Ack+Support,3,1,1,1,35,Female,5,5,6,6,6,5,6,5.75,6,6,7,7,6.5,5,6,6,6,6,5.8,3,3,2,2,2.5,3,3,4,3,3.25,2,2,3,2,2,2.2,5,3,3,2,3,3.2,0,Retain,0,0
S2-0322,NoAck+Alternative,0,0,0,0,18,Male,5,5,6,4,5,4,3,4.0,4,4,4,5,4.25,3,4,4,3,3,3.4,3,5,5,5,4.5,4,4,3,3,3.5,4,4,4,3,5,4.0,3,4,3,4,4,3.6,0,Retain,0,0
S2-0323,NoAck+Alternative,0,0,0,0,43,Male,4,5,5,3,4,4,4,3.75,4,4,4,4,4.0,4,3,4,3,4,3.6,3,4,5,5,4.25,4,4,5,5,4.5,4,4,4,3,3,3.6,4,3,4,4,4,3.8,0,Retain,0,1
S2-0324,Ack+Support,3,1,1,1,29,Male,4,6,5,7,7,7,6,6.75,6,7,6,7,6.5,7,6,7,7,6,6.6,2,1,2,2,1.75,2,2,2,2,2.0,2,2,3,3,2,2.4,3,4,4,3,3,3.4,0,Retain,0,0
S2-0325,Ack+Alternative,1,1,0,0,23,Male,5,4,6,5,6,6,5,5.5,3,3,4,3,3.25,4,3,3,3,4,3.4,5,4,5,4,4.5,4,4,4,3,3.75,5,5,4,6,6,5.2,3,4,5,4,3,3.8,1,Exchange,0,0
S2-0326,NoAck+Alternative,0,0,0,0,26,Female,5,4,3,4,5,4,3,4.0,5,4,4,4,4.25,4,3,3,3,3,3.2,5,4,4,5,4.5,2,3,4,3,3.0,4,4,5,4,4,4.2,2,4,3,4,2,3.0,0,Retain,1,0
S2-0327,Ack+Alternative,1,1,0,0,38,Male,4,6,5,5,5,5,5,5.0,3,2,1,3,2.25,4,4,3,3,4,3.6,3,4,3,5,3.75,4,5,4,4,4.25,5,6,5,5,6,5.4,3,4,5,4,5,4.2,0,Retain,0,0
S2-0328,Ack+Alternative,1,1,0,0,32,Male,7,7,5,5,7,7,7,6.5,3,3,3,3,3.0,3,3,4,4,4,3.6,4,4,5,5,4.5,4,4,5,6,4.75,5,5,5,6,6,5.4,3,3,4,3,3,3.2,0,Retain,0,0
S2-0329,NoAck+Support,2,0,1,0,24,Male,4,6,3,4,4,5,4,4.25,4,4,3,4,3.75,5,5,5,5,5,5.0,3,2,3,3,2.75,2,4,4,3,3.25,4,4,3,4,3,3.6,2,3,3,2,3,2.6,0,Retain,0,0
S2-0330,NoAck+Alternative,0,0,0,0,27,Male,6,5,5,4,4,4,4,4.0,3,4,3,3,3.25,4,3,4,4,3,3.6,4,4,5,5,4.5,4,4,4,4,4.0,5,6,4,6,5,5.2,5,5,5,6,5,5.2,0,Retain,0,0
S2-0331,Ack+Alternative,1,1,0,0,20,Female,6,5,4,5,5,5,5,5.0,3,3,3,3,3.0,2,2,2,2,2,2.0,4,4,5,5,4.5,6,6,5,5,5.5,5,6,5,5,5,5.2,4,5,6,5,5,5.0,0,Retain,0,1
S2-0332,Ack+Support,3,1,1,1,20,Female,5,4,6,6,6,6,5,5.75,6,5,5,5,5.25,5,4,6,5,5,5.0,4,4,4,3,3.75,3,3,4,5,3.75,1,1,3,2,2,1.8,2,2,1,1,2,1.6,0,Retain,0,0
S2-0333,Ack+Support,3,1,1,1,33,Female,6,5,4,4,6,5,5,5.0,6,6,7,6,6.25,5,6,5,6,5,5.4,2,3,4,3,3.0,2,3,2,2,2.25,3,2,2,2,3,2.4,1,1,1,3,2,1.6,0,Retain,0,0
S2-0334,NoAck+Alternative,0,0,0,0,25,Male,7,5,6,4,4,4,3,3.75,4,3,3,2,3.0,3,2,2,3,2,2.4,6,6,6,6,6.0,4,5,5,5,4.75,4,4,4,5,5,4.4,3,4,4,4,4,3.8,1,Exchange,1,1
S2-0335,Ack+Alternative,1,1,0,0,28,Nonbinary/Other,5,4,4,4,5,6,4,4.75,2,4,4,3,3.25,4,4,4,4,4,4.0,3,4,4,4,3.75,3,4,4,4,3.75,5,6,6,6,5,5.6,4,3,3,3,3,3.2,1,Exchange,1,0
S2-0336,NoAck+Support,2,0,1,0,39,Female,6,5,5,5,4,4,4,4.25,5,5,5,6,5.25,5,4,4,5,4,4.4,4,3,4,4,3.75,3,3,2,4,3.0,3,2,3,3,2,2.6,2,3,3,3,4,3.0,0,Retain,0,0
S2-0337,NoAck+Alternative,0,0,0,0,28,Female,4,5,5,3,1,3,2,2.25,3,3,3,3,3.0,4,3,3,3,3,3.2,5,5,6,6,5.5,5,4,5,5,4.75,4,3,4,3,4,3.6,4,3,3,4,4,3.6,1,Exchange,1,0
S2-0338,NoAck+Alternative,0,0,0,0,32,Female,4,5,6,3,4,4,5,4.0,5,4,4,4,4.25,3,3,3,3,4,3.2,5,5,5,5,5.0,4,6,4,5,4.75,4,4,4,5,4,4.2,3,3,4,4,4,3.6,0,Retain,0,0
S2-0339,Ack+Alternative,1,1,0,0,34,Male,6,5,7,6,6,6,6,6.0,4,4,4,5,4.25,3,3,4,4,5,3.8,4,5,5,5,4.75,4,4,4,4,4.0,6,6,6,5,6,5.8,4,3,4,3,3,3.4,0,Retain,0,1
S2-0340,NoAck+Alternative,0,0,0,0,28,Male,6,7,3,3,3,2,2,2.5,3,3,2,3,2.75,5,5,5,4,5,4.8,6,4,5,6,5.25,3,4,5,5,4.25,5,5,5,5,4,4.8,4,5,5,6,5,5.0,0,Retain,0,0
S2-0341,NoAck+Support,2,0,1,0,45,Female,6,4,6,4,5,3,4,4.0,5,5,5,4,4.75,5,7,6,6,6,6.0,1,3,2,3,2.25,1,1,1,1,1.0,4,2,3,2,3,2.8,2,3,4,2,2,2.6,0,Retain,0,0
S2-0342,Ack+Alternative,1,1,0,0,49,Male,6,6,5,4,5,6,4,4.75,4,4,4,3,3.75,3,3,4,2,3,3.0,6,6,6,7,6.25,4,4,5,4,4.25,5,5,5,4,5,4.8,4,4,4,5,4,4.2,0,Retain,1,0
S2-0343,Ack+Alternative,1,1,0,0,27,Female,6,5,5,4,4,4,3,3.75,2,2,2,3,2.25,3,3,3,2,3,2.8,5,5,4,5,4.75,5,5,5,5,5.0,6,5,6,6,5,5.6,5,5,5,5,6,5.2,1,Exchange,0,0
S2-0344,Ack+Alternative,1,1,0,0,41,Female,7,5,4,5,6,4,6,5.25,4,4,4,4,4.0,2,4,2,3,3,2.8,4,6,6,6,5.5,5,6,5,5,5.25,4,4,4,5,4,4.2,4,4,4,5,3,4.0,1,Exchange,0,1
S2-0345,NoAck+Alternative,0,0,0,0,18,Female,7,4,5,4,4,3,4,3.75,5,4,4,4,4.25,3,4,3,3,5,3.6,4,4,4,4,4.0,2,3,3,3,2.75,3,3,3,3,3,3.0,3,4,3,3,3,3.2,0,Retain,0,0
S2-0346,NoAck+Support,2,0,1,0,33,Female,5,4,6,4,4,4,5,4.25,5,5,4,4,4.5,5,6,6,6,5,5.6,4,3,2,2,2.75,4,2,3,3,3.0,3,3,2,3,3,2.8,4,3,3,4,3,3.4,0,Retain,0,0
S2-0347,NoAck+Alternative,0,0,0,0,40,Female,5,5,4,3,3,3,2,2.75,3,3,4,4,3.5,3,4,3,3,3,3.2,4,4,4,5,4.25,4,5,6,5,5.0,3,4,3,4,4,3.6,4,4,5,4,5,4.4,0,Retain,0,0
S2-0348,Ack+Alternative,1,1,0,0,18,Male,5,5,5,5,4,4,5,4.5,4,4,4,2,3.5,4,3,4,4,3,3.6,6,4,4,5,4.75,5,5,5,6,5.25,4,5,6,5,5,5.0,2,3,3,2,4,2.8,0,Retain,0,0
S2-0349,NoAck+Support,2,0,1,0,24,Female,6,5,6,6,5,5,6,5.5,5,5,5,5,5.0,4,4,5,4,5,4.4,3,3,4,2,3.0,3,2,3,3,2.75,2,2,2,3,2,2.2,3,2,3,2,4,2.8,0,Retain,0,0
S2-0350,Ack+Alternative,1,1,0,0,21,Male,5,4,2,5,7,5,6,5.75,3,4,3,4,3.5,3,2,4,4,3,3.2,4,4,4,3,3.75,4,4,5,5,4.5,6,5,6,6,5,5.6,5,4,4,5,4,4.4,0,Retain,0,0
S2-0351,Ack+Support,3,1,1,1,29,Female,4,5,5,5,5,5,5,5.0,4,5,5,6,5.0,5,5,5,5,6,5.2,2,3,3,2,2.5,3,2,2,3,2.5,3,1,1,2,3,2.0,3,2,2,2,2,2.2,0,Retain,0,0
S2-0352,Ack+Support,3,1,1,1,24,Female,6,5,7,5,6,5,5,5.25,5,5,5,4,4.75,5,6,6,7,6,6.0,2,2,2,2,2.0,1,2,2,2,1.75,1,2,1,2,1,1.4,3,3,3,3,3,3.0,0,Retain,0,0
S2-0353,Ack+Alternative,1,1,0,0,38,Female,5,4,5,7,6,6,5,6.0,4,4,3,3,3.5,3,3,3,4,3,3.2,5,4,5,6,5.0,5,5,4,6,5.0,6,6,6,5,6,5.8,4,4,4,4,4,4.0,0,Retain,1,0
S2-0354,Ack+Alternative,1,1,0,0,33,Male,5,6,4,5,5,5,5,5.0,4,3,3,3,3.25,3,3,3,3,3,3.0,4,5,5,6,5.0,4,4,5,4,4.25,5,5,4,5,4,4.6,4,5,4,5,4,4.4,0,Retain,0,0
S2-0355,Ack+Support,3,1,1,1,26,Male,6,6,4,6,5,5,6,5.5,5,5,5,4,4.75,5,5,5,5,5,5.0,3,4,2,4,3.25,2,4,3,3,3.0,3,3,3,2,3,2.8,1,2,1,2,1,1.4,0,Retain,0,0
S2-0356,Ack+Support,3,1,1,1,48,Female,6,4,4,5,7,6,6,6.0,6,6,4,6,5.5,4,5,5,5,5,4.8,3,3,2,3,2.75,3,2,4,3,3.0,2,3,3,4,3,3.0,2,2,1,2,3,2.0,0,Retain,0,0
S2-0357,NoAck+Alternative,0,0,0,0,29,Female,5,6,5,4,5,3,4,4.0,4,4,4,4,4.0,3,4,3,3,5,3.6,4,5,3,4,4.0,4,4,4,4,4.0,4,4,5,3,5,4.2,4,4,4,3,4,3.8,0,Retain,0,0
S2-0358,Ack+Support,3,1,1,1,18,Female,5,5,4,6,6,6,6,6.0,5,5,6,5,5.25,6,6,6,6,6,6.0,3,3,2,2,2.5,1,2,1,1,1.25,3,3,3,3,3,3.0,3,3,4,3,3,3.2,0,Retain,0,0
S2-0359,NoAck+Alternative,0,0,0,0,42,Male,6,6,3,4,2,3,2,2.75,3,3,3,3,3.0,3,3,3,3,2,2.8,4,5,5,5,4.75,5,4,5,5,4.75,3,3,4,4,3,3.4,4,5,4,4,4,4.2,0,Retain,0,0
S2-0360,Ack+Support,3,1,1,1,36,Female,5,5,2,5,6,5,6,5.5,6,4,5,4,4.75,7,6,7,6,6,6.4,2,1,3,2,2.0,2,1,1,1,1.25,3,4,3,4,3,3.4,2,3,4,4,3,3.2,1,Exchange,0,0
S2-0361,NoAck+Alternative,0,0,0,0,22,Female,4,6,5,4,4,4,5,4.25,3,5,3,3,3.5,3,3,3,4,3,3.2,5,5,6,6,5.5,5,5,6,5,5.25,5,4,4,4,3,4.0,3,3,3,5,5,3.8,1,Exchange,1,0
S2-0362,NoAck+Alternative,0,0,0,0,28,Female,4,5,5,2,2,3,3,2.5,4,3,3,3,3.25,4,3,4,4,4,3.8,5,4,5,5,4.75,4,3,4,6,4.25,4,4,5,4,5,4.4,3,3,3,3,3,3.0,1,Exchange,0,1
S2-0363,NoAck+Support,2,0,1,0,30,Female,5,5,5,4,4,4,3,3.75,4,5,5,4,4.5,4,6,5,6,5,5.2,3,2,3,3,2.75,3,3,2,2,2.5,3,3,1,2,2,2.2,3,3,3,4,4,3.4,0,Retain,1,0
S2-0364,NoAck+Alternative,0,0,0,0,28,Female,7,3,3,5,3,4,3,3.75,4,4,4,3,3.75,4,3,3,3,3,3.2,4,4,4,5,4.25,4,4,5,5,4.5,4,4,4,4,4,4.0,5,6,6,5,4,5.2,0,Retain,1,0
S2-0365,NoAck+Alternative,0,0,0,0,18,Female,6,5,6,3,3,4,3,3.25,3,2,3,3,2.75,3,4,4,4,3,3.6,6,5,5,6,5.5,4,4,5,4,4.25,4,4,4,4,3,3.8,3,4,4,3,3,3.4,0,Retain,0,0
S2-0366,Ack+Alternative,1,1,0,0,42,Male,5,7,5,5,5,5,5,5.0,3,5,4,4,4.0,3,4,4,4,4,3.8,6,6,5,5,5.5,4,5,6,5,5.0,5,5,5,5,5,5.0,3,3,4,4,4,3.6,1,Exchange,0,0
S2-0367,NoAck+Alternative,0,0,0,0,40,Female,6,4,4,3,4,4,4,3.75,3,5,4,4,4.0,4,3,3,4,4,3.6,4,6,5,5,5.0,4,5,5,5,4.75,2,3,3,3,3,2.8,3,4,4,4,5,4.0,1,Cancel,0,1
S2-0368,Ack+Alternative,1,1,0,0,36,Female,5,5,4,5,5,5,4,4.75,5,3,4,5,4.25,4,3,2,2,2,2.6,6,5,5,6,5.5,5,6,5,5,5.25,4,3,4,5,4,4.0,4,4,3,3,4,3.6,1,Exchange,1,0
S2-0369,NoAck+Support,2,0,1,0,21,Female,7,6,5,4,4,4,4,4.0,4,4,4,5,4.25,5,4,4,5,5,4.6,4,3,3,3,3.25,4,4,3,4,3.75,3,3,2,3,2,2.6,2,2,2,2,1,1.8,0,Retain,0,0
S2-0370,Ack+Support,3,1,1,1,22,Female,5,5,4,5,6,6,5,5.5,6,6,5,7,6.0,6,6,5,6,5,5.6,2,2,2,3,2.25,2,2,2,3,2.25,2,2,1,2,1,1.6,2,3,2,2,2,2.2,0,Retain,0,0
S2-0371,Ack+Support,3,1,1,1,22,Female,5,5,3,5,5,6,5,5.25,5,5,5,4,4.75,6,6,6,5,6,5.8,2,1,2,1,1.5,2,2,2,2,2.0,2,3,3,3,2,2.6,3,3,2,2,3,2.6,0,Retain,0,0
S2-0372,NoAck+Support,2,0,1,0,21,Female,5,5,5,3,5,5,4,4.25,4,5,4,5,4.5,5,5,5,6,6,5.4,3,3,3,3,3.0,3,2,2,3,2.5,4,4,4,5,4,4.2,1,1,1,2,2,1.4,0,Retain,0,0
S2-0373,NoAck+Alternative,0,0,0,0,24,Male,5,5,4,3,3,4,3,3.25,3,3,3,3,3.0,3,3,4,3,4,3.4,4,5,6,5,5.0,4,5,5,5,4.75,4,4,5,4,3,4.0,2,2,2,2,3,2.2,1,Exchange,1,0
S2-0374,Ack+Support,3,1,1,1,32,Female,7,4,5,6,6,6,5,5.75,6,7,5,5,5.75,5,6,6,6,5,5.6,4,3,4,3,3.5,2,1,2,4,2.25,3,2,2,3,3,2.6,2,2,2,3,2,2.2,0,Retain,0,0
S2-0375,NoAck+Support,2,0,1,0,39,Female,4,5,4,4,3,3,4,3.5,5,4,5,4,4.5,5,5,4,5,5,4.8,3,3,3,3,3.0,3,3,3,3,3.0,2,2,3,1,1,1.8,3,3,2,4,3,3.0,0,Retain,0,0
S2-0376,Ack+Support,3,1,1,1,30,Male,5,6,6,6,5,5,5,5.25,6,5,5,5,5.25,7,7,6,6,7,6.6,1,1,2,1,1.25,2,3,2,3,2.5,2,2,2,3,2,2.2,3,3,3,3,3,3.0,0,Retain,0,0
S2-0377,Ack+Alternative,1,1,0,0,36,Female,5,4,5,7,6,6,5,6.0,5,4,4,3,4.0,3,3,3,3,3,3.0,4,4,5,5,4.5,5,4,6,4,4.75,5,6,5,5,7,5.6,6,5,5,6,6,5.6,1,Exchange,0,0
S2-0378,NoAck+Support,2,0,1,0,20,Male,7,5,6,6,5,5,5,5.25,5,6,6,6,5.75,5,5,6,5,5,5.2,3,3,3,3,3.0,2,2,3,2,2.25,3,3,3,3,3,3.0,2,2,3,2,2,2.2,0,Retain,0,0
S2-0379,Ack+Support,3,1,1,1,29,Female,4,5,6,6,6,6,5,5.75,5,5,5,5,5.0,6,6,7,7,6,6.4,2,3,2,2,2.25,2,2,1,3,2.0,3,3,4,3,3,3.2,2,2,3,3,2,2.4,0,Retain,0,0
S2-0380,Ack+Support,3,1,1,1,34,Male,5,6,6,4,5,5,5,4.75,4,5,5,6,5.0,5,5,6,5,6,5.4,1,2,1,2,1.5,2,2,2,2,2.0,3,2,3,3,3,2.8,2,2,1,1,2,1.6,0,Retain,0,0
S2-0381,Ack+Alternative,1,1,0,0,18,Male,5,6,5,6,5,6,5,5.5,3,4,2,3,3.0,4,2,3,3,2,2.8,4,4,5,4,4.25,6,6,5,6,5.75,6,5,4,5,6,5.2,5,6,4,4,6,5.0,1,Exchange,0,0
S2-0382,Ack+Alternative,1,1,0,0,29,Female,5,5,4,4,5,5,5,4.75,2,3,2,2,2.25,3,4,3,3,4,3.4,5,5,5,5,5.0,5,4,4,4,4.25,6,5,6,6,5,5.6,4,6,5,5,5,5.0,0,Retain,0,0
S2-0383,Ack+Alternative,1,1,0,0,42,Female,6,6,3,5,5,6,5,5.25,3,3,3,4,3.25,3,2,3,3,3,2.8,6,6,4,6,5.5,4,4,5,5,4.5,5,6,6,5,6,5.6,4,4,3,4,5,4.0,0,Retain,1,0
S2-0384,Ack+Support,3,1,1,1,37,Male,5,5,6,6,6,7,7,6.5,6,6,4,5,5.25,4,5,5,5,5,4.8,3,2,3,4,3.0,3,3,3,3,3.0,2,3,2,3,2,2.4,2,2,2,1,1,1.6,0,Retain,0,0
S2-0385,Ack+Support,3,1,1,1,18,Male,5,6,5,6,5,6,5,5.5,4,5,5,4,4.5,5,5,4,5,4,4.6,3,3,3,3,3.0,3,3,3,3,3.0,3,3,3,3,4,3.2,2,2,3,2,2,2.2,0,Retain,0,0
S2-0386,NoAck+Alternative,0,0,0,0,21,Male,4,4,6,4,5,3,5,4.25,3,3,3,4,3.25,4,3,4,3,3,3.4,5,5,5,4,4.75,4,5,4,3,4.0,4,4,5,4,4,4.2,4,5,4,4,4,4.2,1,Exchange,0,0
S2-0387,NoAck+Support,2,0,1,0,24,Male,4,5,4,4,4,4,4,4.0,5,4,5,4,4.5,5,6,5,6,5,5.4,3,3,4,4,3.5,4,4,3,4,3.75,3,4,3,2,4,3.2,2,3,3,2,3,2.6,1,Cancel,1,0
S2-0388,NoAck+Support,2,0,1,0,38,Female,6,4,5,5,5,5,4,4.75,4,5,5,4,4.5,5,4,5,5,5,4.8,3,3,3,2,2.75,2,1,2,1,1.5,3,3,4,3,4,3.4,4,3,2,3,3,3.0,0,Retain,0,0
S2-0389,Ack+Support,3,1,1,1,28,Male,3,5,5,5,5,6,5,5.25,7,7,7,6,6.75,6,5,7,5,5,5.6,3,3,2,2,2.5,2,2,2,2,2.0,2,3,1,2,2,2.0,1,2,2,1,1,1.4,0,Retain,0,0
S2-0390,Ack+Support,3,1,1,1,34,Male,5,5,4,4,4,5,6,4.75,5,4,6,5,5.0,6,7,6,6,5,6.0,3,3,3,1,2.5,4,2,3,3,3.0,2,2,2,2,2,2.0,4,4,3,4,4,3.8,0,Retain,0,0
S2-0391,Ack+Support,3,1,1,1,40,Female,6,6,7,4,6,6,6,5.5,4,5,5,5,4.75,6,6,6,5,6,5.8,2,2,2,2,2.0,3,2,4,2,2.75,3,4,2,3,3,3.0,1,3,2,3,2,2.2,0,Retain,0,0
S2-0392,Ack+Support,3,1,1,1,34,Female,6,6,5,6,6,6,7,6.25,6,5,7,7,6.25,6,6,6,7,6,6.2,3,2,3,3,2.75,2,2,1,2,1.75,1,1,1,1,1,1.0,1,1,1,3,1,1.4,0,Retain,0,0
S2-0393,NoAck+Support,2,0,1,0,36,Female,6,6,4,4,4,5,4,4.25,5,5,5,5,5.0,5,4,4,4,4,4.2,4,4,3,2,3.25,3,4,3,4,3.5,2,2,2,3,3,2.4,2,2,3,2,3,2.4,0,Retain,0,0
S2-0394,Ack+Alternative,1,1,0,0,29,Female,4,6,5,6,5,6,5,5.5,4,4,4,4,4.0,3,3,5,4,3,3.6,4,5,4,5,4.5,4,6,6,5,5.25,5,4,5,4,5,4.6,4,3,4,4,2,3.4,1,Exchange,1,1
S2-0395,NoAck+Alternative,0,0,0,0,21,Male,5,5,6,4,5,4,4,4.25,4,4,4,5,4.25,5,5,5,7,5,5.4,3,2,4,3,3.0,4,5,3,4,4.0,3,4,4,4,4,3.8,2,3,3,5,4,3.4,0,Retain,0,1
S2-0396,NoAck+Alternative,0,0,0,0,31,Female,4,3,4,4,5,5,5,4.75,5,4,3,4,4.0,4,4,3,2,4,3.4,5,4,5,4,4.5,3,4,3,4,3.5,3,5,5,5,5,4.6,4,4,3,3,5,3.8,0,Retain,0,0
S2-0397,NoAck+Support,2,0,1,0,37,Female,5,6,6,4,4,4,4,4.0,5,5,5,5,5.0,5,7,6,6,6,6.0,2,2,2,3,2.25,3,3,3,3,3.0,3,1,2,2,2,2.0,2,3,3,3,3,2.8,1,Cancel,0,0
S2-0398,NoAck+Support,2,0,1,0,21,Male,6,6,5,3,3,4,3,3.25,5,5,5,5,5.0,5,5,5,5,4,4.8,3,3,2,3,2.75,3,3,2,2,2.5,1,2,3,2,2,2.0,3,2,2,3,2,2.4,1,Exchange,0,0
S2-0399,NoAck+Support,2,0,1,0,34,Female,5,5,3,5,5,4,5,4.75,5,6,5,5,5.25,5,5,6,6,6,5.6,4,4,4,3,3.75,4,2,3,3,3.0,2,2,3,2,2,2.2,2,4,2,2,2,2.4,0,Retain,0,0
S2-0400,NoAck+Support,2,0,1,0,18,Male,5,6,6,4,4,3,5,4.0,5,5,5,4,4.75,4,6,6,5,6,5.4,2,1,2,1,1.5,3,2,2,3,2.5,3,2,3,3,3,2.8,4,4,3,4,4,3.8,1,Exchange,0,0
S2-0401,NoAck+Support,2,0,1,0,24,Male,6,4,3,5,5,5,4,4.75,4,4,5,4,4.25,4,4,4,5,5,4.4,4,3,3,3,3.25,3,2,3,3,2.75,3,2,3,2,3,2.6,3,4,3,3,3,3.2,1,Exchange,0,0
S2-0402,Ack+Alternative,1,1,0,0,28,Female,6,4,6,6,5,6,5,5.5,3,4,5,4,4.0,3,3,2,3,3,2.8,4,5,5,6,5.0,6,6,6,5,5.75,5,6,6,5,6,5.6,4,4,4,5,5,4.4,0,Retain,0,1
S2-0403,NoAck+Alternative,0,0,0,0,33,Female,6,6,5,4,5,3,3,3.75,3,3,3,3,3.0,3,4,4,5,4,4.0,5,4,5,4,4.5,4,4,3,4,3.75,3,3,3,2,4,3.0,4,4,4,4,3,3.8,0,Retain,0,0
S2-0404,Ack+Alternative,1,1,0,0,27,Male,5,6,4,6,6,6,6,6.0,5,5,5,4,4.75,3,3,4,3,3,3.2,4,5,4,5,4.5,4,4,5,5,4.5,5,6,5,5,6,5.4,6,5,5,5,6,5.4,0,Retain,1,0
S2-0405,NoAck+Alternative,0,0,0,0,31,Male,5,5,4,2,3,3,2,2.5,3,3,4,4,3.5,3,3,3,4,4,3.4,5,5,5,5,5.0,5,4,4,5,4.5,4,5,5,4,4,4.4,4,3,4,4,4,3.8,1,Exchange,1,0
S2-0406,NoAck+Alternative,0,0,0,0,27,Male,5,5,5,3,3,3,3,3.0,4,3,3,5,3.75,3,4,3,3,4,3.4,4,5,5,4,4.5,4,4,3,5,4.0,3,3,4,2,3,3.0,4,4,4,4,5,4.2,1,Cancel,0,1
S2-0407,Ack+Alternative,1,1,0,0,34,Female,5,6,3,5,6,4,6,5.25,3,2,3,4,3.0,4,3,4,3,4,3.6,4,4,4,5,4.25,4,4,5,4,4.25,5,6,6,6,6,5.8,3,4,3,6,5,4.2,0,Retain,0,0
S2-0408,NoAck+Support,2,0,1,0,19,Nonbinary/Other,7,5,5,5,4,5,5,4.75,3,5,5,6,4.75,7,5,4,4,7,5.4,3,2,3,2,2.5,2,3,2,3,2.5,3,3,2,3,3,2.8,3,2,2,2,2,2.2,0,Retain,1,0
S2-0409,Ack+Support,3,1,1,1,22,Female,5,4,3,6,6,7,6,6.25,6,5,6,6,5.75,6,6,5,6,6,5.8,3,3,3,2,2.75,1,4,4,2,2.75,2,2,3,3,2,2.4,3,3,3,3,3,3.0,0,Retain,0,0
S2-0410,Ack+Alternative,1,1,0,0,18,Male,5,5,7,4,6,5,6,5.25,3,4,4,4,3.75,3,3,4,4,3,3.4,4,5,4,5,4.5,4,3,5,4,4.0,5,6,6,7,6,6.0,5,4,5,4,5,4.6,0,Retain,0,0
S2-0411,Ack+Alternative,1,1,0,0,30,Male,6,5,4,6,6,6,6,6.0,3,4,3,3,3.25,3,2,3,3,2,2.6,3,4,6,4,4.25,4,4,4,4,4.0,5,6,6,5,6,5.6,4,4,4,5,5,4.4,0,Retain,0,0
S2-0412,Ack+Alternative,1,1,0,0,33,Male,6,5,6,3,5,5,7,5.0,3,3,4,4,3.5,5,4,3,3,4,3.8,5,6,5,6,5.5,4,5,5,6,5.0,5,4,5,5,5,4.8,4,4,4,3,3,3.6,0,Retain,0,0
S2-0413,Ack+Alternative,1,1,0,0,23,Male,4,7,4,6,5,5,5,5.25,2,3,4,3,3.0,3,3,3,3,3,3.0,5,4,5,4,4.5,6,4,4,4,4.5,5,4,5,5,6,5.0,5,3,4,3,3,3.6,1,Exchange,1,0
S2-0414,Ack+Support,3,1,1,1,32,Nonbinary/Other,6,6,6,5,5,5,5,5.0,6,6,5,5,5.5,5,7,6,6,5,5.8,2,2,3,3,2.5,3,3,2,2,2.5,3,1,3,3,2,2.4,3,3,2,2,2,2.4,0,Retain,0,0
S2-0415,NoAck+Alternative,0,0,0,0,30,Male,6,5,5,3,3,3,3,3.0,3,3,4,4,3.5,4,4,4,4,3,3.8,5,4,4,6,4.75,3,3,5,4,3.75,5,5,4,5,4,4.6,4,3,3,4,4,3.6,0,Retain,0,0
S2-0416,NoAck+Support,2,0,1,0,29,Male,5,5,6,4,3,4,4,3.75,5,6,5,6,5.5,5,6,5,5,5,5.2,4,3,4,4,3.75,4,4,3,4,3.75,2,2,2,2,2,2.0,2,2,3,3,2,2.4,0,Retain,0,0
S2-0417,NoAck+Alternative,0,0,0,0,34,Female,5,6,3,3,3,3,3,3.0,4,4,3,4,3.75,3,2,1,2,2,2.0,6,5,6,5,5.5,4,4,4,4,4.0,4,4,4,5,3,4.0,4,4,5,5,4,4.4,0,Retain,0,0
S2-0418,Ack+Alternative,1,1,0,0,26,Male,6,5,6,4,5,4,5,4.5,4,3,4,3,3.5,5,4,3,3,4,3.8,4,4,3,5,4.0,4,4,5,5,4.5,5,5,5,5,4,4.8,4,4,2,5,3,3.6,1,Exchange,1,0
S2-0419,Ack+Support,3,1,1,1,23,Male,6,5,5,6,6,6,6,6.0,6,6,5,6,5.75,5,4,5,5,5,4.8,3,3,2,3,2.75,2,2,2,2,2.0,3,2,2,2,2,2.2,3,2,2,3,3,2.6,0,Retain,0,0
S2-0420,NoAck+Alternative,0,0,0,0,31,Male,6,6,3,3,5,3,3,3.5,4,3,5,4,4.0,5,5,4,4,4,4.4,4,5,6,5,5.0,4,5,4,4,4.25,4,4,5,4,6,4.6,5,4,3,5,3,4.0,0,Retain,1,0
S2-0421,Ack+Support,3,1,1,1,28,Female,5,6,3,3,4,5,4,4.0,4,5,5,6,5.0,6,6,5,6,6,5.8,3,2,3,3,2.75,3,2,2,1,2.0,2,2,1,3,3,2.2,3,2,2,3,2,2.4,0,Retain,0,0
S2-0422,Ack+Alternative,1,1,0,0,29,Male,6,5,5,5,5,4,5,4.75,4,3,4,3,3.5,4,3,4,4,3,3.6,5,6,4,5,5.0,4,3,4,4,3.75,5,4,5,6,6,5.2,5,5,5,6,4,5.0,0,Retain,0,0
S2-0423,NoAck+Support,2,0,1,0,21,Female,6,2,6,4,3,2,3,3.0,3,5,5,4,4.25,6,5,5,6,5,5.4,3,2,3,3,2.75,4,4,3,3,3.5,3,3,3,3,2,2.8,3,5,4,4,3,3.8,0,Retain,0,0
S2-0424,Ack+Alternative,1,1,0,0,24,Female,5,7,4,5,5,5,5,5.0,4,4,4,5,4.25,4,5,4,4,3,4.0,4,5,5,6,5.0,5,5,6,5,5.25,5,5,5,6,5,5.2,5,5,5,4,5,4.8,0,Retain,0,0
S2-0425,NoAck+Alternative,0,0,0,0,34,Female,5,6,5,5,5,5,4,4.75,6,4,5,4,4.75,3,4,4,3,4,3.6,5,5,5,6,5.25,4,5,5,4,4.5,4,4,3,4,3,3.6,4,4,3,4,4,3.8,0,Retain,1,0
S2-0426,NoAck+Alternative,0,0,0,0,20,Female,5,5,5,3,3,3,3,3.0,4,4,5,4,4.25,4,4,3,5,4,4.0,6,5,4,4,4.75,4,5,4,3,4.0,4,4,4,5,4,4.2,3,3,3,3,3,3.0,0,Retain,0,0
S2-0427,Ack+Support,3,1,1,1,27,Male,5,4,5,6,6,5,6,5.75,6,6,5,6,5.75,5,5,4,5,4,4.6,2,3,3,2,2.5,4,3,4,3,3.5,2,2,2,2,1,1.8,3,3,3,3,1,2.6,0,Retain,0,0
S2-0428,Ack+Alternative,1,1,0,0,31,Male,7,5,5,5,5,5,5,5.0,3,4,4,4,3.75,2,3,3,4,3,3.0,5,4,5,4,4.5,5,6,5,6,5.5,4,4,4,5,4,4.2,4,5,4,4,4,4.2,0,Retain,0,1
S2-0429,NoAck+Alternative,0,0,0,0,40,Nonbinary/Other,6,5,5,4,3,3,4,3.5,4,4,3,3,3.5,4,4,3,4,4,3.8,4,4,5,5,4.5,5,4,4,5,4.5,4,4,4,4,3,3.8,4,3,4,3,4,3.6,0,Retain,0,0
S2-0430,Ack+Alternative,1,1,0,0,41,Male,6,7,6,5,4,5,6,5.0,4,5,4,3,4.0,3,3,3,5,3,3.4,5,4,4,4,4.25,5,5,5,5,5.0,5,5,6,6,5,5.4,3,4,4,4,4,3.8,1,Exchange,0,0
S2-0431,NoAck+Alternative,0,0,0,0,24,Male,5,6,6,2,3,2,3,2.5,2,3,3,3,2.75,2,3,4,3,4,3.2,5,4,5,6,5.0,4,4,3,4,3.75,3,4,3,4,4,3.6,4,5,6,4,5,4.8,0,Retain,1,0
S2-0432,Ack+Support,3,1,1,1,22,Male,4,7,5,7,6,7,7,6.75,6,6,6,5,5.75,5,5,5,5,4,4.8,2,4,3,2,2.75,4,2,3,3,3.0,3,2,1,2,1,1.8,3,3,2,2,3,2.6,0,Retain,0,0
S2-0433,NoAck+Alternative,0,0,0,0,18,Male,6,5,7,4,3,3,3,3.25,4,4,3,4,3.75,4,3,3,3,4,3.4,5,6,4,6,5.25,5,5,5,5,5.0,4,4,4,3,4,3.8,4,5,5,5,4,4.6,1,Exchange,0,0
S2-0434,NoAck+Support,2,0,1,0,37,Female,5,6,5,5,5,4,4,4.5,5,4,5,5,4.75,5,4,4,6,5,4.8,3,3,2,4,3.0,3,3,3,3,3.0,4,3,4,3,2,3.2,2,3,3,3,2,2.6,0,Retain,0,0
S2-0435,NoAck+Support,2,0,1,0,41,Male,6,7,6,4,4,4,4,4.0,5,4,5,5,4.75,5,5,5,5,6,5.2,4,3,3,2,3.0,2,3,1,3,2.25,3,3,3,3,3,3.0,4,4,3,4,4,3.8,0,Retain,0,0
S2-0436,NoAck+Alternative,0,0,0,0,22,Female,5,5,6,4,3,3,3,3.25,4,3,3,3,3.25,3,4,3,4,4,3.6,5,5,6,5,5.25,4,4,4,5,4.25,4,4,3,3,3,3.4,4,5,4,4,5,4.4,0,Retain,1,0
S2-0437,NoAck+Support,2,0,1,0,41,Female,5,5,5,5,4,5,4,4.5,6,5,4,4,4.75,5,5,6,6,6,5.6,3,2,2,3,2.5,3,3,3,2,2.75,1,1,1,1,3,1.4,3,2,2,2,2,2.2,0,Retain,0,0
S2-0438,NoAck+Support,2,0,1,0,38,Female,6,4,3,3,3,4,3,3.25,5,4,5,5,4.75,6,5,5,4,5,5.0,3,4,3,3,3.25,3,3,1,3,2.5,3,3,3,2,2,2.6,3,3,3,2,3,2.8,0,Retain,0,0
S2-0439,Ack+Alternative,1,1,0,0,31,Female,3,6,6,5,6,6,6,5.75,4,5,3,3,3.75,3,3,4,2,3,3.0,5,5,6,6,5.5,5,5,5,5,5.0,5,6,6,5,5,5.4,5,5,5,6,5,5.2,0,Retain,0,1
S2-0440,Ack+Support,3,1,1,1,28,Female,5,6,6,6,5,6,5,5.5,5,6,4,5,5.0,6,6,6,7,6,6.2,2,2,2,2,2.0,2,3,3,2,2.5,2,1,2,2,1,1.6,3,1,3,3,2,2.4,0,Retain,1,0
S2-0441,NoAck+Alternative,0,0,0,0,29,Male,5,4,4,4,4,4,3,3.75,3,2,2,3,2.5,4,4,3,3,3,3.4,5,5,5,6,5.25,5,5,5,7,5.5,4,5,6,5,5,5.0,3,4,4,4,4,3.8,0,Retain,0,0
S2-0442,Ack+Alternative,1,1,0,0,38,Male,4,6,7,5,6,4,5,5.0,4,2,3,3,3.0,3,4,4,3,3,3.4,4,6,5,4,4.75,4,3,4,4,3.75,4,5,6,5,6,5.2,4,3,4,5,4,4.0,1,Cancel,0,1
S2-0443,Ack+Support,3,1,1,1,34,Male,5,5,5,5,5,5,5,5.0,4,4,4,4,4.0,5,5,6,6,5,5.4,1,2,3,1,1.75,4,3,3,2,3.0,2,2,1,3,1,1.8,3,3,3,2,3,2.8,0,Retain,0,0
S2-0444,NoAck+Support,2,0,1,0,31,Male,5,4,5,3,4,4,5,4.0,4,4,4,4,4.0,6,5,5,5,5,5.2,3,3,3,3,3.0,2,3,2,2,2.25,2,2,1,2,2,1.8,3,3,1,2,3,2.4,0,Retain,0,0
S2-0445,NoAck+Support,2,0,1,0,26,Male,6,6,5,5,5,4,5,4.75,6,5,5,5,5.25,4,5,3,4,4,4.0,3,3,3,3,3.0,2,3,4,3,3.0,3,3,2,3,3,2.8,2,2,2,2,2,2.0,0,Retain,0,0
S2-0446,NoAck+Support,2,0,1,0,30,Male,6,5,4,4,4,4,4,4.0,4,6,5,6,5.25,5,5,6,6,7,5.8,2,2,2,2,2.0,3,3,3,1,2.5,2,1,2,2,2,1.8,3,1,1,1,2,1.6,0,Retain,0,0
S2-0447,NoAck+Support,2,0,1,0,40,Male,5,4,6,4,4,5,4,4.25,6,6,5,5,5.5,5,5,6,5,5,5.2,3,1,3,2,2.25,3,2,1,2,2.0,2,1,2,3,2,2.0,3,4,4,4,3,3.6,1,Exchange,0,0
S2-0448,Ack+Support,3,1,1,1,36,Male,5,4,4,6,6,5,5,5.5,4,5,4,5,4.5,5,6,5,4,5,5.0,2,2,3,1,2.0,3,2,2,4,2.75,3,3,2,3,3,2.8,2,2,2,1,2,1.8,0,Retain,0,0
S2-0449,Ack+Alternative,1,1,0,0,28,Male,6,4,7,5,4,5,4,4.5,4,5,4,4,4.25,3,3,3,3,4,3.2,4,4,5,5,4.5,5,5,5,4,4.75,5,4,6,5,6,5.2,5,4,6,6,4,5.0,0,Retain,1,1
S2-0450,Ack+Alternative,1,1,0,0,27,Male,5,7,4,4,5,4,5,4.5,5,3,4,4,4.0,4,4,4,3,3,3.6,5,5,5,5,5.0,4,5,5,6,5.0,6,5,4,6,6,5.4,4,3,3,3,4,3.4,1,Exchange,1,0
S2-0451,Ack+Support,3,1,1,1,18,Female,5,5,4,6,6,6,6,6.0,4,5,5,5,4.75,6,6,5,6,6,5.8,2,2,3,2,2.25,2,2,2,2,2.0,3,3,2,2,1,2.2,2,3,3,2,3,2.6,0,Retain,0,0
S2-0452,Ack+Support,3,1,1,1,24,Female,5,5,5,5,5,6,6,5.5,6,6,6,7,6.25,7,6,7,6,7,6.6,1,2,2,2,1.75,1,2,2,1,1.5,2,1,2,1,1,1.4,2,2,2,3,2,2.2,0,Retain,0,0
S2-0453,Ack+Alternative,1,1,0,0,26,Male,6,4,4,5,5,6,5,5.25,4,4,4,5,4.25,1,3,2,3,4,2.6,5,6,5,5,5.25,5,5,5,4,4.75,5,5,7,5,5,5.4,4,4,4,4,3,3.8,0,Retain,0,0
S2-0454,NoAck+Support,2,0,1,0,20,Female,4,5,4,5,5,5,5,5.0,3,3,3,3,3.0,4,4,4,5,5,4.4,2,3,3,2,2.5,1,2,1,1,1.25,4,3,3,5,3,3.6,3,3,3,1,3,2.6,0,Retain,0,0
S2-0455,NoAck+Support,2,0,1,0,21,Female,5,5,5,4,5,4,4,4.25,4,6,5,5,5.0,5,5,5,5,5,5.0,3,4,4,3,3.5,4,3,3,4,3.5,2,3,4,3,2,2.8,3,2,3,2,2,2.4,0,Retain,0,0
S2-0456,Ack+Support,3,1,1,1,47,Nonbinary/Other,6,4,5,6,6,5,6,5.75,6,5,5,6,5.5,5,5,5,6,4,5.0,3,2,3,4,3.0,2,2,2,2,2.0,3,2,2,2,2,2.2,2,2,2,3,3,2.4,0,Retain,0,0
S2-0457,Ack+Support,3,1,1,1,29,Female,6,5,5,6,6,6,6,6.0,5,7,6,6,6.0,4,4,4,5,4,4.2,3,3,3,3,3.0,2,3,3,3,2.75,2,2,2,2,2,2.0,2,2,2,2,2,2.0,0,Retain,0,0
S2-0458,Ack+Support,3,1,1,1,31,Male,5,4,5,5,5,7,6,5.75,5,6,6,5,5.5,5,4,5,5,5,4.8,1,4,2,2,2.25,2,2,3,2,2.25,2,3,3,2,3,2.6,2,2,2,2,3,2.2,0,Retain,0,0
S2-0459,NoAck+Alternative,0,0,0,0,18,Male,7,6,3,3,3,3,3,3.0,2,4,4,4,3.5,3,4,3,4,3,3.4,4,6,4,3,4.25,5,4,4,5,4.5,3,4,5,5,3,4.0,5,7,5,6,6,5.8,1,Exchange,0,0
S2-0460,Ack+Support,3,1,1,1,36,Female,6,6,6,6,7,6,6,6.25,6,5,6,7,6.0,5,4,4,5,5,4.6,4,4,4,4,4.0,3,2,2,2,2.25,2,2,1,1,2,1.6,3,2,3,2,2,2.4,0,Retain,0,0
S2-0461,NoAck+Support,2,0,1,0,24,Male,6,5,5,4,4,5,4,4.25,6,5,5,5,5.25,4,5,4,4,5,4.4,4,4,4,3,3.75,3,3,2,3,2.75,2,3,2,2,3,2.4,3,1,2,2,3,2.2,0,Retain,0,0
S2-0462,NoAck+Support,2,0,1,0,38,Female,4,4,4,2,2,3,3,2.5,3,4,3,3,3.25,4,4,4,5,6,4.6,2,3,3,3,2.75,5,3,4,4,4.0,3,4,4,3,4,3.6,3,3,2,3,2,2.6,0,Retain,0,0
S2-0463,Ack+Alternative,1,1,0,0,34,Male,6,5,2,4,5,6,5,5.0,3,4,4,4,3.75,4,4,4,5,4,4.2,4,4,3,5,4.0,5,4,5,5,4.75,5,5,4,6,6,5.2,4,5,3,3,4,3.8,0,Retain,0,0
S2-0464,Ack+Support,3,1,1,1,26,Female,5,5,6,5,6,6,6,5.75,6,6,5,5,5.5,6,6,7,6,6,6.2,3,2,1,1,1.75,2,2,2,1,1.75,3,2,3,2,1,2.2,2,2,2,2,1,1.8,0,Retain,0,0
S2-0465,Ack+Alternative,1,1,0,0,36,Female,4,6,3,5,5,5,6,5.25,4,5,4,3,4.0,4,3,3,2,4,3.2,5,4,6,5,5.0,6,6,5,6,5.75,5,6,6,6,5,5.6,4,3,3,4,4,3.6,0,Retain,0,1
S2-0466,Ack+Support,3,1,1,1,24,Female,4,5,5,6,7,6,6,6.25,5,6,6,5,5.5,7,6,7,7,7,6.8,2,2,2,2,2.0,2,2,2,2,2.0,2,3,2,2,3,2.4,1,1,2,1,2,1.4,0,Retain,0,0
S2-0467,Ack+Alternative,1,1,0,0,37,Female,7,7,6,5,4,5,4,4.5,4,4,3,4,3.75,4,3,5,5,4,4.2,4,6,4,5,4.75,5,5,5,5,5.0,5,4,3,5,5,4.4,3,2,3,3,3,2.8,0,Retain,0,0
S2-0468,Ack+Alternative,1,1,0,0,42,Female,5,5,4,5,5,6,6,5.5,3,3,5,4,3.75,2,3,3,2,4,2.8,6,5,5,5,5.25,5,5,4,6,5.0,5,5,5,5,5,5.0,4,4,4,3,3,3.6,0,Retain,0,0
S2-0469,NoAck+Support,2,0,1,0,46,Male,6,5,5,4,4,4,5,4.25,4,5,5,6,5.0,5,5,6,5,6,5.4,3,3,3,3,3.0,4,2,3,4,3.25,2,3,3,2,2,2.4,3,4,3,3,3,3.2,1,Exchange,0,0
S2-0470,Ack+Alternative,1,1,0,0,19,Female,4,5,4,5,6,6,7,6.0,4,3,4,4,3.75,3,4,3,4,4,3.6,4,5,5,5,4.75,4,3,4,3,3.5,4,5,5,6,6,5.2,4,4,3,4,4,3.8,0,Retain,0,0
S2-0471,Ack+Support,3,1,1,1,27,Male,4,5,4,6,7,6,7,6.5,6,6,5,7,6.0,5,6,6,5,7,5.8,3,1,2,3,2.25,2,2,1,3,2.0,1,2,1,1,2,1.4,1,2,1,1,2,1.4,0,Retain,0,0
S2-0472,NoAck+Alternative,0,0,0,0,18,Female,7,5,6,2,2,3,2,2.25,3,2,3,4,3.0,4,4,4,5,3,4.0,4,4,4,4,4.0,4,4,4,4,4.0,5,5,4,5,4,4.6,4,4,4,4,4,4.0,0,Retain,0,0
S2-0473,NoAck+Support,2,0,1,0,25,Female,6,6,6,5,5,6,5,5.25,4,4,4,4,4.0,4,4,4,5,5,4.4,4,3,3,4,3.5,3,3,5,3,3.5,3,3,3,3,3,3.0,4,4,3,4,3,3.6,0,Retain,0,0
S2-0474,Ack+Alternative,1,1,0,0,34,Male,6,6,7,5,6,5,4,5.0,4,5,4,3,4.0,3,3,4,4,4,3.6,4,3,4,3,3.5,4,5,4,3,4.0,5,4,4,5,6,4.8,4,5,3,4,4,4.0,0,Retain,0,0
S2-0475,NoAck+Alternative,0,0,0,0,26,Male,6,7,5,4,3,3,4,3.5,3,4,4,3,3.5,4,3,3,3,4,3.4,4,4,5,4,4.25,4,4,4,4,4.0,4,5,5,4,6,4.8,2,3,2,3,2,2.4,0,Retain,0,0
S2-0476,Ack+Support,3,1,1,1,31,Male,6,5,6,5,6,6,6,5.75,6,6,4,5,5.25,7,6,7,7,6,6.6,1,2,1,1,1.25,1,1,2,1,1.25,3,2,3,3,3,2.8,3,2,3,2,3,2.6,0,Retain,0,0
S2-0477,Ack+Support,3,1,1,1,37,Female,5,6,6,5,5,6,6,5.5,5,6,5,5,5.25,5,7,6,6,6,6.0,4,3,3,3,3.25,4,3,4,4,3.75,2,3,1,2,1,1.8,2,2,3,2,3,2.4,0,Retain,0,0
S2-0478,Ack+Alternative,1,1,0,0,52,Female,4,5,4,4,6,4,5,4.75,5,4,4,3,4.0,4,4,5,3,4,4.0,4,4,5,5,4.5,4,6,6,5,5.25,4,5,5,5,5,4.8,6,5,6,6,6,5.8,0,Retain,1,1
S2-0479,Ack+Alternative,1,1,0,0,20,Female,6,7,5,4,5,5,4,4.5,4,2,3,3,3.0,3,3,4,4,3,3.4,4,4,4,5,4.25,5,4,5,5,4.75,5,6,6,6,6,5.8,3,4,4,4,4,3.8,0,Retain,1,0
S2-0480,NoAck+Support,2,0,1,0,24,Female,4,6,5,3,3,4,4,3.5,4,5,3,5,4.25,6,4,6,6,6,5.6,3,3,4,3,3.25,2,3,2,2,2.25,2,3,3,3,3,2.8,3,3,3,4,3,3.2,0,Retain,0,0
S2-0481,NoAck+Support,2,0,1,0,24,Nonbinary/Other,5,7,6,4,4,4,4,4.0,5,5,5,5,5.0,6,6,6,5,6,5.8,3,2,2,2,2.25,2,2,2,1,1.75,1,2,3,2,3,2.2,3,3,3,2,2,2.6,0,Retain,0,0
S2-0482,Ack+Support,3,1,1,1,30,Nonbinary/Other,5,5,5,6,7,6,6,6.25,6,6,6,7,6.25,6,4,6,6,5,5.4,2,3,3,4,3.0,3,3,2,2,2.5,2,2,2,1,1,1.6,2,3,3,2,2,2.4,0,Retain,0,0
S2-0483,Ack+Support,3,1,1,1,36,Female,5,3,4,4,5,5,5,4.75,4,7,6,5,5.5,5,5,4,5,5,4.8,3,3,3,2,2.75,3,1,3,2,2.25,1,1,2,1,1,1.2,2,2,2,3,3,2.4,0,Retain,0,0
S2-0484,NoAck+Support,2,0,1,0,18,Female,4,6,3,5,6,5,5,5.25,4,4,5,4,4.25,4,5,5,5,4,4.6,3,2,4,3,3.0,4,4,4,5,4.25,3,4,4,2,4,3.4,2,2,1,2,2,1.8,0,Retain,0,0
S2-0485,Ack+Support,3,1,1,1,26,Male,5,4,4,5,5,6,6,5.5,6,5,5,6,5.5,6,6,5,6,6,5.8,2,3,3,3,2.75,3,2,2,2,2.25,2,2,2,1,1,1.6,2,2,3,3,3,2.6,0,Retain,0,0
S2-0486,Ack+Alternative,1,1,0,0,30,Male,7,6,7,5,6,6,5,5.5,3,3,3,4,3.25,4,3,4,5,4,4.0,4,5,5,5,4.75,5,4,3,5,4.25,6,5,7,5,6,5.8,5,4,4,4,4,4.2,1,Exchange,0,1
S2-0487,Ack+Support,3,1,1,1,21,Female,5,4,6,5,5,5,5,5.0,6,4,4,5,4.75,6,6,5,6,6,5.8,3,2,2,3,2.5,2,2,2,1,1.75,2,2,2,2,2,2.0,1,2,3,3,2,2.2,0,Retain,0,0
S2-0488,NoAck+Alternative,0,0,0,0,35,Female,6,6,6,4,4,3,4,3.75,4,4,5,3,4.0,4,2,3,2,2,2.6,6,5,7,6,6.0,5,5,5,6,5.25,3,2,3,3,4,3.0,5,5,4,4,4,4.4,1,Exchange,0,0
S2-0489,NoAck+Support,2,0,1,0,31,Male,6,7,4,4,3,3,3,3.25,5,6,6,6,5.75,5,6,6,7,5,5.8,1,2,2,2,1.75,3,3,3,3,3.0,2,1,2,3,2,2.0,3,3,4,1,3,2.8,0,Retain,0,0
S2-0490,Ack+Support,3,1,1,1,39,Female,5,6,4,5,4,5,5,4.75,5,4,6,5,5.0,6,5,5,6,4,5.2,4,3,2,3,3.0,2,3,3,1,2.25,2,1,1,2,1,1.4,1,2,2,1,2,1.6,1,Exchange,0,0
S2-0491,NoAck+Support,2,0,1,0,33,Male,4,6,5,4,4,4,4,4.0,5,5,6,6,5.5,5,3,4,4,3,3.8,3,4,3,2,3.0,3,3,3,2,2.75,1,1,1,2,1,1.2,4,3,3,3,3,3.2,0,Retain,0,1
S2-0492,NoAck+Support,2,0,1,0,34,Male,5,5,4,4,5,5,6,5.0,6,5,5,6,5.5,5,4,5,5,5,4.8,2,3,3,3,2.75,3,4,4,2,3.25,2,3,3,4,3,3.0,3,1,4,1,2,2.2,1,Cancel,0,0
S2-0493,NoAck+Alternative,0,0,0,0,18,Male,6,5,5,4,3,5,5,4.25,5,4,4,3,4.0,2,2,3,3,3,2.6,5,5,6,5,5.25,5,4,5,4,4.5,4,3,4,4,4,3.8,4,4,4,4,4,4.0,1,Exchange,0,0
S2-0494,NoAck+Alternative,0,0,0,0,23,Female,5,4,3,2,3,2,3,2.5,2,2,2,3,2.25,4,5,4,3,4,4.0,4,5,4,5,4.5,4,4,4,5,4.25,3,3,4,3,3,3.2,3,4,3,3,4,3.4,1,Exchange,0,0
S2-0495,NoAck+Alternative,0,0,0,0,18,Male,6,4,6,2,3,3,2,2.5,4,3,4,3,3.5,5,5,5,5,4,4.8,2,3,2,3,2.5,3,4,4,4,3.75,3,4,2,3,4,3.2,4,4,3,5,3,3.8,0,Retain,0,0
S2-0496,Ack+Support,3,1,1,1,31,Female,5,6,6,5,5,5,6,5.25,5,5,5,6,5.25,5,6,6,6,5,5.6,2,2,3,2,2.25,3,3,1,2,2.25,3,2,1,3,3,2.4,2,2,3,2,3,2.4,0,Retain,0,0
S2-0497,NoAck+Alternative,0,0,0,0,40,Male,6,5,4,3,4,4,3,3.5,3,4,4,4,3.75,3,3,4,4,3,3.4,4,3,5,4,4.0,3,4,4,4,3.75,4,4,5,4,4,4.2,5,5,6,5,5,5.2,1,Exchange,0,1
S2-0498,Ack+Support,3,1,1,1,24,Male,5,4,5,7,5,6,6,6.0,5,5,5,6,5.25,5,4,5,7,6,5.4,3,2,2,1,2.0,3,1,3,2,2.25,1,2,2,2,2,1.8,3,3,2,4,3,3.0,0,Retain,0,1
S2-0499,NoAck+Support,2,0,1,0,23,Male,6,5,6,5,5,4,4,4.5,4,5,5,5,4.75,6,7,6,6,6,6.2,2,3,3,1,2.25,2,2,2,2,2.0,4,2,3,3,3,3.0,3,2,2,3,3,2.6,0,Retain,0,0
S2-0500,NoAck+Alternative,0,0,0,0,22,Male,5,4,5,2,3,3,2,2.5,4,3,4,4,3.75,4,4,3,4,3,3.6,4,5,4,4,4.25,4,3,4,3,3.5,4,4,5,3,3,3.8,3,3,3,2,2,2.6,0,Retain,0,0
S2-0501,Ack+Alternative,1,1,0,0,18,Male,6,5,6,4,4,4,5,4.25,3,3,4,4,3.5,4,2,3,2,3,2.8,5,6,6,5,5.5,6,5,5,5,5.25,4,4,5,6,5,4.8,5,6,4,5,5,5.0,1,Cancel,0,1
S2-0502,NoAck+Alternative,0,0,0,0,25,Male,7,4,6,3,5,5,4,4.25,4,5,4,4,4.25,4,4,4,4,4,4.0,3,3,5,4,3.75,3,4,4,4,3.75,5,5,5,5,6,5.2,3,4,5,5,5,4.4,1,Exchange,0,0
S2-0503,NoAck+Alternative,0,0,0,0,37,Male,5,5,6,5,4,5,5,4.75,4,4,4,4,4.0,2,3,3,3,3,2.8,5,5,4,5,4.75,4,6,5,5,5.0,4,5,5,5,5,4.8,6,5,6,6,6,5.8,0,Retain,0,0
S2-0504,NoAck+Alternative,0,0,0,0,26,Female,5,5,5,3,4,4,5,4.0,4,3,4,3,3.5,4,3,4,4,3,3.6,5,4,5,4,4.5,5,5,5,6,5.25,4,5,5,5,6,5.0,4,5,4,4,5,4.4,0,Retain,0,0
S2-0505,NoAck+Support,2,0,1,0,28,Male,5,4,5,5,6,5,4,5.0,4,4,5,4,4.25,5,5,4,4,5,4.6,4,3,2,3,3.0,3,3,3,3,3.0,4,4,3,4,3,3.6,3,2,3,1,2,2.2,0,Retain,0,0
S2-0506,Ack+Support,3,1,1,1,31,Female,5,5,7,4,5,6,6,5.25,5,5,5,6,5.25,5,5,6,5,6,5.4,2,2,3,1,2.0,2,4,2,3,2.75,2,1,3,3,1,2.0,1,1,2,2,2,1.6,0,Retain,0,0
S2-0507,Ack+Support,3,1,1,1,23,Female,6,6,5,6,5,7,7,6.25,6,7,7,6,6.5,6,6,5,6,6,5.8,3,2,1,2,2.0,2,3,2,2,2.25,3,3,2,2,3,2.6,2,2,3,3,2,2.4,0,Retain,0,0
S2-0508,Ack+Alternative,1,1,0,0,20,Male,4,5,7,5,5,4,5,4.75,4,3,3,4,3.5,3,3,4,4,4,3.6,5,5,5,6,5.25,5,4,6,4,4.75,6,5,5,5,6,5.4,4,4,4,5,5,4.4,1,Cancel,0,1
S2-0509,Ack+Alternative,1,1,0,0,34,Male,6,4,6,6,4,5,5,5.0,4,4,4,4,4.0,3,3,3,3,3,3.0,5,5,4,5,4.75,5,5,6,5,5.25,6,6,6,5,5,5.6,5,5,4,5,5,4.8,1,Exchange,1,0
S2-0510,Ack+Support,3,1,1,1,18,Female,6,6,5,6,7,7,6,6.5,6,6,6,6,6.0,5,6,4,4,4,4.6,3,3,2,3,2.75,2,2,3,2,2.25,2,2,4,1,2,2.2,5,4,4,4,5,4.4,1,Exchange,0,1
S2-0511,NoAck+Alternative,0,0,0,0,42,Male,7,6,4,4,4,4,3,3.75,4,5,4,4,4.25,3,4,4,4,5,4.0,6,5,6,6,5.75,5,4,4,6,4.75,4,5,5,4,6,4.8,4,4,3,4,4,3.8,1,Exchange,0,0
S2-0512,Ack+Support,3,1,1,1,25,Female,6,5,4,5,6,5,6,5.5,5,4,5,5,4.75,5,5,6,6,6,5.6,2,2,3,3,2.5,2,4,2,2,2.5,2,2,2,3,2,2.2,2,2,1,1,2,1.6,0,Retain,0,0
S2-0513,Ack+Alternative,1,1,0,0,26,Male,5,6,4,5,5,5,5,5.0,4,6,5,4,4.75,4,4,3,4,4,3.8,4,5,4,5,4.5,4,5,4,5,4.5,5,5,6,5,6,5.4,3,3,4,4,4,3.6,0,Retain,0,0
S2-0514,NoAck+Support,2,0,1,0,24,Male,4,6,4,5,5,5,4,4.75,6,4,5,5,5.0,5,6,5,6,7,5.8,3,3,3,2,2.75,3,2,1,3,2.25,1,2,2,2,2,1.8,1,3,1,2,2,1.8,0,Retain,0,0
S2-0515,NoAck+Support,2,0,1,0,31,Female,5,5,5,4,4,4,4,4.0,5,5,6,5,5.25,5,6,5,6,5,5.4,3,2,3,3,2.75,3,3,2,3,2.75,1,2,3,2,1,1.8,3,4,4,5,5,4.2,1,Exchange,0,0
S2-0516,NoAck+Support,2,0,1,0,24,Male,6,6,4,6,5,5,4,5.0,5,4,5,6,5.0,6,5,6,6,5,5.6,3,3,2,3,2.75,2,3,3,3,2.75,3,2,3,4,3,3.0,4,2,2,3,3,2.8,0,Retain,0,0
S2-0517,Ack+Support,3,1,1,1,30,Female,5,4,4,5,6,5,6,5.5,5,5,5,5,5.0,5,5,5,6,5,5.2,2,3,2,2,2.25,2,3,3,2,2.5,3,3,2,2,1,2.2,1,2,2,2,2,1.8,0,Retain,0,0
S2-0518,Ack+Alternative,1,1,0,0,27,Male,5,5,5,5,4,5,5,4.75,5,4,4,5,4.5,3,3,3,4,4,3.4,3,5,6,4,4.5,4,5,3,4,4.0,6,6,7,6,6,6.2,5,4,4,4,3,4.0,1,Exchange,0,0
S2-0519,NoAck+Alternative,0,0,0,0,30,Female,5,4,5,4,2,3,3,3.0,3,3,3,2,2.75,3,3,3,4,3,3.2,5,4,5,5,4.75,4,5,5,4,4.5,3,5,5,5,4,4.4,4,3,4,4,4,3.8,1,Exchange,0,0
S2-0520,Ack+Alternative,1,1,0,0,48,Female,3,5,6,5,6,6,6,5.75,3,4,4,4,3.75,4,3,4,4,4,3.8,4,4,4,4,4.0,5,4,4,5,4.5,5,5,5,5,5,5.0,5,5,5,6,6,5.4,1,Cancel,0,0
S2-0521,NoAck+Support,2,0,1,0,34,Female,5,5,7,5,5,4,5,4.75,5,5,4,5,4.75,6,7,6,6,5,6.0,3,2,2,2,2.25,2,3,3,2,2.5,3,3,3,2,2,2.6,3,3,5,3,2,3.2,0,Retain,0,0
S2-0522,NoAck+Support,2,0,1,0,28,Female,4,4,5,4,5,3,4,4.0,6,4,5,6,5.25,4,5,6,5,5,5.0,2,2,3,3,2.5,3,2,2,2,2.25,3,3,3,2,3,2.8,2,2,2,2,2,2.0,0,Retain,0,0
S2-0523,Ack+Support,3,1,1,1,40,Female,5,3,4,6,5,6,6,5.75,5,5,5,6,5.25,5,5,5,5,6,5.2,2,3,2,2,2.25,3,2,1,3,2.25,1,1,1,3,3,1.8,2,3,2,3,3,2.6,0,Retain,0,0
S2-0524,Ack+Support,3,1,1,1,18,Male,3,6,4,7,6,6,7,6.5,5,6,5,5,5.25,5,6,6,6,6,5.8,3,2,3,3,2.75,3,2,3,3,2.75,3,2,2,2,2,2.2,1,2,2,2,1,1.6,0,Retain,0,0
S2-0525,Ack+Support,3,1,1,1,39,Female,6,6,5,6,6,7,6,6.25,6,6,6,7,6.25,4,5,5,6,5,5.0,2,2,2,2,2.0,1,1,2,2,1.5,3,2,3,3,2,2.6,3,2,3,2,2,2.4,0,Retain,0,0
S2-0526,NoAck+Alternative,0,0,0,0,27,Female,6,5,5,3,3,3,3,3.0,2,1,2,2,1.75,3,4,3,4,3,3.4,5,5,4,6,5.0,6,6,5,5,5.5,5,4,4,5,5,4.6,3,4,4,4,4,3.8,0,Retain,1,0
S2-0527,Ack+Alternative,1,1,0,0,25,Male,4,6,4,5,5,6,6,5.5,3,4,4,4,3.75,5,3,4,3,3,3.6,5,5,5,5,5.0,4,4,6,5,4.75,5,5,6,5,5,5.2,4,5,5,5,5,4.8,1,Exchange,0,0
S2-0528,NoAck+Alternative,0,0,0,0,30,Male,6,6,4,3,4,4,3,3.5,3,3,2,4,3.0,2,3,2,3,3,2.6,7,6,6,6,6.25,5,6,5,6,5.5,5,5,5,4,4,4.6,4,5,5,3,6,4.6,1,Exchange,0,0
S2-0529,NoAck+Support,2,0,1,0,28,Male,5,5,5,5,5,5,5,5.0,4,5,4,4,4.25,5,5,5,7,6,5.6,3,3,3,3,3.0,2,2,2,1,1.75,3,3,3,2,3,2.8,3,2,3,3,2,2.6,0,Retain,0,0
S2-0530,Ack+Alternative,1,1,0,0,24,Female,4,5,5,5,6,5,4,5.0,4,4,4,2,3.5,3,3,4,3,3,3.2,6,5,6,6,5.75,4,5,4,6,4.75,6,6,7,6,7,6.4,4,4,3,5,4,4.0,1,Exchange,1,0
S2-0531,NoAck+Alternative,0,0,0,0,24,Male,6,5,7,3,3,3,3,3.0,3,3,3,4,3.25,3,2,2,3,3,2.6,6,6,6,6,6.0,5,6,6,5,5.5,3,4,2,3,4,3.2,3,3,4,3,2,3.0,0,Retain,0,0
S2-0532,NoAck+Alternative,0,0,0,0,27,Female,4,6,4,4,3,3,3,3.25,3,4,3,3,3.25,2,4,3,4,4,3.4,5,5,5,4,4.75,5,4,5,6,5.0,4,5,4,4,4,4.2,3,4,5,4,5,4.2,0,Retain,1,0
S2-0533,NoAck+Alternative,0,0,0,0,37,Male,5,5,3,3,3,3,3,3.0,4,4,3,4,3.75,3,3,3,3,3,3.0,5,5,5,5,5.0,5,5,5,5,5.0,3,4,4,4,3,3.6,4,4,5,4,4,4.2,0,Retain,0,0
S2-0534,NoAck+Support,2,0,1,0,38,Female,7,5,6,5,4,5,3,4.25,4,3,5,4,4.0,6,5,5,6,6,5.6,3,2,2,3,2.5,2,3,2,2,2.25,2,4,4,3,4,3.4,3,4,2,3,3,3.0,0,Retain,0,0
S2-0535,NoAck+Support,2,0,1,0,23,Female,4,4,3,4,5,4,3,4.0,5,4,5,4,4.5,5,4,4,4,6,4.6,3,3,3,2,2.75,2,1,3,2,2.0,2,1,2,2,2,1.8,3,3,2,3,3,2.8,0,Retain,0,0
S2-0536,Ack+Support,3,1,1,1,43,Male,6,7,6,5,7,6,6,6.0,6,6,5,6,5.75,5,6,6,6,5,5.6,2,4,3,2,2.75,2,1,1,1,1.25,3,2,2,2,2,2.2,1,2,1,2,2,1.6,0,Retain,0,0
S2-0537,NoAck+Support,2,0,1,0,28,Male,6,6,5,5,4,5,5,4.75,4,4,4,5,4.25,5,4,6,6,5,5.2,3,3,4,3,3.25,3,3,2,2,2.5,2,3,3,2,2,2.4,3,4,5,4,3,3.8,0,Retain,0,0
S2-0538,NoAck+Alternative,0,0,0,0,28,Male,4,6,3,3,4,3,4,3.5,4,5,4,4,4.25,4,4,4,3,3,3.6,4,5,5,6,5.0,4,2,4,4,3.5,4,5,2,4,3,3.6,4,5,4,6,4,4.6,0,Retain,0,1
S2-0539,NoAck+Alternative,0,0,0,0,23,Male,4,4,3,4,4,4,4,4.0,4,4,4,4,4.0,4,3,4,5,3,3.8,5,5,5,5,5.0,5,5,4,5,4.75,5,5,4,5,5,4.8,4,3,4,4,4,3.8,0,Retain,0,0
S2-0540,NoAck+Alternative,0,0,0,0,30,Female,5,6,5,4,3,4,4,3.75,5,5,5,5,5.0,4,3,4,3,3,3.4,5,5,6,5,5.25,4,4,3,4,3.75,3,4,3,4,4,3.6,5,5,6,6,6,5.6,0,Retain,0,0
S2-0541,NoAck+Alternative,0,0,0,0,26,Female,5,6,4,4,3,3,4,3.5,3,2,3,2,2.5,3,3,4,5,3,3.6,4,4,6,5,4.75,5,5,3,5,4.5,4,5,5,5,5,4.8,5,5,5,4,4,4.6,0,Retain,0,0
S2-0542,NoAck+Alternative,0,0,0,0,35,Male,6,5,7,4,4,4,3,3.75,2,4,3,2,2.75,3,3,3,4,3,3.2,5,5,5,5,5.0,3,5,5,5,4.5,5,5,5,5,4,4.8,3,4,3,4,3,3.4,1,Exchange,0,0
S2-0543,NoAck+Support,2,0,1,0,38,Male,6,6,5,5,5,4,5,4.75,5,5,5,5,5.0,6,6,5,6,6,5.8,2,2,2,2,2.0,4,3,2,2,2.75,4,3,2,2,3,2.8,3,3,2,3,3,2.8,0,Retain,0,0
S2-0544,Ack+Support,3,1,1,1,35,Female,6,4,4,6,4,5,5,5.0,6,6,7,6,6.25,5,6,7,6,4,5.6,1,1,2,1,1.25,2,2,1,2,1.75,1,3,2,2,3,2.2,3,3,3,2,3,2.8,0,Retain,0,0
S2-0545,NoAck+Support,2,0,1,0,21,Female,6,5,7,5,6,5,4,5.0,5,5,5,6,5.25,6,5,6,6,6,5.8,3,2,2,3,2.5,3,2,3,2,2.5,1,3,2,2,2,2.0,2,2,4,2,1,2.2,0,Retain,0,0
S2-0546,NoAck+Support,2,0,1,0,27,Male,5,5,4,4,6,6,5,5.25,5,6,6,6,5.75,5,5,5,3,5,4.6,3,4,4,4,3.75,3,3,4,3,3.25,3,2,2,3,2,2.4,3,3,2,4,3,3.0,1,Cancel,1,0
S2-0547,Ack+Alternative,1,1,0,0,18,Male,7,5,5,6,6,4,5,5.25,4,4,4,4,4.0,4,4,3,4,4,3.8,4,3,4,4,3.75,5,5,5,4,4.75,5,5,5,5,5,5.0,4,3,4,3,4,3.6,0,Retain,1,0
S2-0548,NoAck+Alternative,0,0,0,0,24,Male,5,4,5,3,4,2,3,3.0,4,3,4,4,3.75,4,4,3,3,2,3.2,5,6,5,6,5.5,6,4,5,7,5.5,5,5,5,5,6,5.2,4,4,5,4,5,4.4,1,Exchange,0,1
S2-0549,NoAck+Alternative,0,0,0,0,45,Female,6,4,4,3,5,3,4,3.75,4,3,3,4,3.5,3,4,2,3,3,3.0,5,7,4,5,5.25,4,3,5,5,4.25,4,5,5,4,4,4.4,4,3,3,4,4,3.6,1,Cancel,0,0
S2-0550,NoAck+Support,2,0,1,0,22,Male,5,5,4,4,5,5,5,4.75,5,5,4,5,4.75,5,5,3,4,3,4.0,3,3,3,3,3.0,4,3,4,4,3.75,2,3,2,2,3,2.4,2,3,2,3,3,2.6,0,Retain,0,0
S2-0551,NoAck+Alternative,0,0,0,0,38,Female,5,6,5,3,4,2,3,3.0,3,4,4,3,3.5,3,3,3,3,3,3.0,6,5,6,5,5.5,4,4,4,4,4.0,5,5,4,4,3,4.2,4,4,4,3,3,3.6,1,Exchange,0,1
S2-0552,NoAck+Alternative,0,0,0,0,18,Female,7,3,6,3,3,2,3,2.75,3,3,3,3,3.0,4,5,4,4,4,4.2,3,4,4,5,4.0,4,3,4,4,3.75,4,5,4,4,4,4.2,4,3,3,3,3,3.2,0,Retain,0,0
S2-0553,NoAck+Support,2,0,1,0,21,Male,4,6,5,5,6,5,5,5.25,5,5,5,5,5.0,4,4,4,5,4,4.2,4,4,4,5,4.25,4,4,4,4,4.0,2,1,2,3,2,2.0,3,3,3,3,3,3.0,0,Retain,0,0
S2-0554,NoAck+Support,2,0,1,0,30,Female,4,5,4,4,3,3,5,3.75,5,5,6,5,5.25,5,4,4,4,5,4.4,3,3,3,3,3.0,3,3,3,3,3.0,4,3,4,3,3,3.4,4,3,3,3,3,3.2,0,Retain,0,0
S2-0555,NoAck+Alternative,0,0,0,0,24,Male,5,6,7,5,5,4,4,4.5,5,4,4,4,4.25,4,4,4,3,4,3.8,4,4,4,5,4.25,4,3,4,4,3.75,4,4,3,4,4,3.8,4,3,4,4,4,3.8,0,Retain,0,1
S2-0556,NoAck+Support,2,0,1,0,27,Female,4,4,6,4,4,4,5,4.25,4,4,3,4,3.75,5,6,7,6,6,6.0,2,1,2,2,1.75,2,1,1,1,1.25,2,3,4,2,3,2.8,3,3,2,2,2,2.4,0,Retain,0,0
S2-0557,NoAck+Support,2,0,1,0,34,Male,7,4,4,3,5,4,4,4.0,5,4,5,5,4.75,5,4,5,5,5,4.8,2,3,3,3,2.75,2,2,1,3,2.0,3,2,3,4,4,3.2,3,3,4,2,2,2.8,0,Retain,0,0
S2-0558,NoAck+Alternative,0,0,0,0,31,Male,6,5,6,3,3,3,3,3.0,3,4,3,3,3.25,2,3,4,3,4,3.2,4,5,4,4,4.25,6,4,5,5,5.0,5,4,5,4,3,4.2,5,2,3,4,3,3.4,0,Retain,0,0
S2-0559,Ack+Alternative,1,1,0,0,18,Female,5,4,7,6,6,5,6,5.75,4,4,4,5,4.25,3,3,2,3,2,2.6,5,5,5,5,5.0,4,4,6,6,5.0,4,4,5,4,4,4.2,3,3,4,4,4,3.6,1,Exchange,0,0
S2-0560,Ack+Support,3,1,1,1,29,Male,5,6,4,5,4,5,5,4.75,5,5,6,5,5.25,6,6,6,6,6,6.0,3,2,3,3,2.75,2,2,3,3,2.5,1,2,1,2,2,1.6,3,2,2,3,1,2.2,0,Retain,0,0
S2-0561,Ack+Support,3,1,1,1,29,Male,4,5,5,5,6,6,6,5.75,5,6,6,7,6.0,5,6,6,5,6,5.6,2,3,3,2,2.5,3,2,3,3,2.75,3,3,2,2,2,2.4,2,2,2,2,2,2.0,0,Retain,0,0
S2-0562,Ack+Alternative,1,1,0,0,31,Male,6,6,7,5,5,6,6,5.5,4,3,4,4,3.75,2,2,3,3,3,2.6,4,5,5,5,4.75,6,5,5,5,5.25,5,5,7,6,7,6.0,3,4,4,3,5,3.8,1,Exchange,0,0
S2-0563,Ack+Support,3,1,1,1,18,Male,5,6,4,6,6,7,6,6.25,5,4,5,7,5.25,6,7,5,6,7,6.2,3,2,3,1,2.25,1,2,3,2,2.0,3,3,3,2,2,2.6,4,2,2,2,3,2.6,0,Retain,0,0
S2-0564,Ack+Support,3,1,1,1,34,Female,6,5,4,5,6,5,5,5.25,6,6,7,6,6.25,6,6,7,7,7,6.6,2,2,2,2,2.0,3,2,1,1,1.75,2,3,2,3,3,2.6,3,3,3,2,2,2.6,0,Retain,0,0
S2-0565,NoAck+Alternative,0,0,0,0,27,Female,5,3,5,3,3,4,3,3.25,4,4,4,4,4.0,4,3,4,4,5,4.0,4,4,5,5,4.5,5,4,5,4,4.5,4,4,5,5,5,4.6,4,4,5,5,5,4.6,0,Retain,1,0
S2-0566,NoAck+Support,2,0,1,0,31,Male,6,6,3,4,3,4,3,3.5,5,4,5,5,4.75,4,4,3,4,3,3.6,3,3,3,3,3.0,3,3,3,3,3.0,4,3,3,5,3,3.6,5,4,3,4,4,4.0,0,Retain,0,0
S2-0567,Ack+Support,3,1,1,1,36,Female,4,7,5,4,5,5,5,4.75,5,5,5,5,5.0,7,7,6,7,7,6.8,1,2,1,2,1.5,1,1,2,2,1.5,2,3,3,3,2,2.6,3,3,3,3,3,3.0,0,Retain,0,0
S2-0568,NoAck+Support,2,0,1,0,32,Female,6,3,4,4,4,5,4,4.25,4,5,5,6,5.0,5,5,5,5,6,5.2,3,3,3,2,2.75,3,3,2,3,2.75,2,4,2,2,2,2.4,2,2,3,2,2,2.2,0,Retain,0,0
S2-0569,Ack+Support,3,1,1,1,41,Male,4,5,4,4,6,5,5,5.0,6,4,5,5,5.0,6,5,6,5,5,5.4,3,3,2,2,2.5,3,4,2,3,3.0,1,2,2,1,2,1.6,2,2,4,3,3,2.8,0,Retain,0,0
S2-0570,Ack+Alternative,1,1,0,0,31,Female,6,4,4,4,5,5,5,4.75,4,3,4,2,3.25,2,2,3,2,4,2.6,6,6,5,7,6.0,5,6,6,6,5.75,6,5,7,5,6,5.8,5,6,5,5,4,5.0,1,Exchange,1,0
S2-0571,NoAck+Support,2,0,1,0,24,Female,6,5,4,5,5,5,4,4.75,6,5,4,4,4.75,4,4,5,5,6,4.8,2,4,4,3,3.25,2,3,4,2,2.75,3,2,3,3,3,2.8,1,2,3,2,2,2.0,0,Retain,0,0
S2-0572,NoAck+Support,2,0,1,0,18,Male,4,4,6,4,5,4,4,4.25,3,4,4,4,3.75,5,5,5,4,4,4.6,4,5,4,3,4.0,2,3,4,4,3.25,3,3,3,3,5,3.4,2,2,2,2,2,2.0,0,Retain,0,0
S2-0573,NoAck+Support,2,0,1,0,39,Female,6,6,3,5,5,5,5,5.0,6,5,5,6,5.5,5,4,5,5,5,4.8,4,2,3,3,3.0,3,3,2,2,2.5,3,2,2,2,2,2.2,3,3,3,4,3,3.2,1,Exchange,1,0
S2-0574,NoAck+Alternative,0,0,0,0,23,Female,6,6,6,4,4,4,4,4.0,4,4,4,3,3.75,4,3,3,3,4,3.4,4,4,4,4,4.0,4,4,4,6,4.5,4,5,3,4,5,4.2,3,3,3,4,4,3.4,1,Exchange,0,0
S2-0575,Ack+Alternative,1,1,0,0,21,Female,3,6,5,6,5,6,6,5.75,3,4,4,3,3.5,3,2,3,2,3,2.6,6,4,4,5,4.75,5,5,6,6,5.5,5,5,4,5,5,4.8,4,5,4,4,4,4.2,0,Retain,0,0
S2-0576,Ack+Alternative,1,1,0,0,30,Male,5,4,5,5,5,5,6,5.25,3,4,4,3,3.5,2,2,2,3,2,2.2,6,7,5,7,6.25,6,6,6,6,6.0,6,5,6,6,5,5.6,4,4,3,3,4,3.6,1,Cancel,1,0
S2-0577,Ack+Support,3,1,1,1,28,Male,5,5,4,6,6,6,6,6.0,5,5,6,5,5.25,6,6,6,6,7,6.2,2,2,3,2,2.25,3,3,3,2,2.75,3,3,3,1,2,2.4,2,2,2,2,1,1.8,0,Retain,1,0
S2-0578,Ack+Support,3,1,1,1,25,Male,5,5,5,4,5,6,5,5.0,5,5,6,5,5.25,5,5,6,5,6,5.4,2,2,3,3,2.5,2,3,1,1,1.75,2,2,1,1,1,1.4,4,3,3,3,4,3.4,0,Retain,0,0
S2-0579,Ack+Alternative,1,1,0,0,30,Male,6,6,5,5,4,5,5,4.75,3,4,3,2,3.0,2,3,2,3,2,2.4,5,5,6,6,5.5,6,6,5,6,5.75,5,4,5,6,6,5.2,5,5,5,5,5,5.0,0,Retain,1,0
S2-0580,Ack+Alternative,1,1,0,0,35,Female,6,4,6,6,6,5,6,5.75,5,5,4,5,4.75,3,3,5,4,4,3.8,5,5,5,5,5.0,4,5,5,5,4.75,5,6,6,5,6,5.6,3,5,4,6,3,4.2,0,Retain,0,1
S2-0581,NoAck+Alternative,0,0,0,0,31,Male,5,6,7,3,3,3,3,3.0,4,4,4,4,4.0,4,3,4,3,3,3.4,4,5,5,5,4.75,4,4,4,4,4.0,3,4,4,4,4,3.8,4,4,5,5,5,4.6,1,Exchange,0,0
S2-0582,NoAck+Alternative,0,0,0,0,26,Female,6,4,4,5,4,4,4,4.25,5,4,4,4,4.25,3,4,3,2,3,3.0,3,6,4,5,4.5,4,4,5,5,4.5,5,5,4,5,4,4.6,4,4,5,4,5,4.4,1,Exchange,0,0
S2-0583,Ack+Alternative,1,1,0,0,19,Female,5,5,5,5,7,6,6,6.0,4,4,3,4,3.75,3,3,3,3,4,3.2,5,4,5,5,4.75,4,4,5,5,4.5,5,7,5,6,6,5.8,3,5,4,4,5,4.2,0,Retain,0,0
S2-0584,Ack+Support,3,1,1,1,34,Female,7,5,7,5,6,4,6,5.25,4,5,6,4,4.75,6,6,6,5,5,5.6,3,3,1,3,2.5,2,3,2,3,2.5,3,3,3,3,4,3.2,3,3,3,3,2,2.8,0,Retain,0,0
S2-0585,Ack+Alternative,1,1,0,0,36,Male,6,6,5,7,6,6,6,6.25,3,5,3,3,3.5,2,2,2,3,3,2.4,6,5,5,5,5.25,7,5,6,6,6.0,5,5,5,5,5,5.0,4,5,5,4,3,4.2,0,Retain,1,0
S2-0586,Ack+Support,3,1,1,1,23,Female,5,6,4,6,6,6,7,6.25,6,7,6,7,6.5,4,5,6,5,5,5.0,3,2,3,1,2.25,1,2,2,1,1.5,2,3,3,3,2,2.6,3,3,3,3,3,3.0,0,Retain,0,0
S2-0587,NoAck+Alternative,0,0,0,0,28,Female,5,3,5,2,4,3,3,3.0,4,4,3,4,3.75,3,2,3,3,2,2.6,5,6,5,5,5.25,6,6,6,6,6.0,4,3,5,4,4,4.0,4,5,4,4,4,4.2,0,Retain,1,0
S2-0588,Ack+Support,3,1,1,1,20,Male,5,5,5,5,6,6,6,5.75,5,5,5,6,5.25,5,5,7,4,6,5.4,2,1,2,3,2.0,2,2,2,2,2.0,2,3,2,2,3,2.4,2,2,3,2,3,2.4,0,Retain,0,0
S2-0589,Ack+Support,3,1,1,1,36,Male,4,5,4,6,5,4,5,5.0,6,5,5,5,5.25,5,5,6,5,6,5.4,2,1,3,2,2.0,2,2,2,3,2.25,3,3,4,3,4,3.4,1,2,1,1,1,1.2,0,Retain,0,0
S2-0590,Ack+Support,3,1,1,1,41,Female,6,4,3,5,4,4,4,4.25,5,6,6,6,5.75,5,5,5,5,4,4.8,2,2,3,3,2.5,3,3,3,2,2.75,1,1,2,1,2,1.4,3,2,2,4,2,2.6,0,Retain,0,0
S2-0591,Ack+Alternative,1,1,0,0,21,Female,5,5,4,5,3,4,5,4.25,3,3,3,2,2.75,4,4,4,3,4,3.8,5,5,6,5,5.25,4,5,5,5,4.75,5,5,6,6,6,5.6,4,5,5,5,4,4.6,0,Retain,0,0
S2-0592,NoAck+Support,2,0,1,0,39,Male,6,5,6,3,4,5,3,3.75,3,4,3,4,3.5,5,4,4,5,5,4.6,3,2,3,2,2.5,2,4,3,3,3.0,2,3,2,3,3,2.6,3,4,3,4,3,3.4,0,Retain,1,1
S2-0593,Ack+Alternative,1,1,0,0,32,Female,6,5,6,5,5,6,5,5.25,4,3,4,4,3.75,4,3,3,3,3,3.2,5,5,5,5,5.0,5,6,6,6,5.75,6,6,6,5,4,5.4,5,4,4,4,5,4.4,1,Exchange,1,0
S2-0594,NoAck+Support,2,0,1,0,26,Female,6,4,5,4,5,5,5,4.75,5,5,5,4,4.75,6,4,5,4,5,4.8,4,3,3,3,3.25,3,2,2,3,2.5,3,1,2,2,2,2.0,2,2,2,2,2,2.0,0,Retain,0,0
S2-0595,NoAck+Support,2,0,1,0,46,Female,5,4,5,4,3,3,4,3.5,4,4,4,5,4.25,4,5,5,5,5,4.8,2,2,3,4,2.75,2,2,3,3,2.5,2,3,3,2,3,2.6,4,4,3,2,2,3.0,0,Retain,0,0
S2-0596,Ack+Support,3,1,1,1,27,Male,5,6,4,5,6,6,5,5.5,6,5,5,5,5.25,5,6,7,6,5,5.8,1,2,1,2,1.5,2,3,2,2,2.25,2,2,3,3,2,2.4,2,1,2,2,2,1.8,0,Retain,0,0
S2-0597,Ack+Support,3,1,1,1,30,Male,4,7,4,6,7,7,5,6.25,6,6,6,6,6.0,6,5,6,6,6,5.8,3,3,3,3,3.0,3,2,3,3,2.75,2,2,1,3,2,2.0,1,2,3,1,1,1.6,1,Exchange,0,0
S2-0598,NoAck+Support,2,0,1,0,25,Male,6,4,3,4,5,4,4,4.25,5,4,4,4,4.25,4,5,4,4,5,4.4,3,3,4,3,3.25,3,4,4,3,3.5,4,3,3,3,3,3.2,3,3,2,3,1,2.4,1,Cancel,0,0
S2-0599,NoAck+Support,2,0,1,0,30,Male,3,6,5,4,3,3,4,3.5,5,5,5,5,5.0,5,4,7,5,5,5.2,3,3,2,2,2.5,3,2,2,2,2.25,3,3,4,2,3,3.0,3,3,2,3,2,2.6,0,Retain,0,0
S2-0600,NoAck+Support,2,0,1,0,39,Female,4,5,5,4,6,6,5,5.25,6,5,6,7,6.0,5,6,6,7,6,6.0,1,2,3,2,2.0,3,2,3,2,2.5,3,3,4,3,2,3.0,2,3,3,3,2,2.6,0,Retain,0,0
S2-0601,NoAck+Alternative,0,0,0,0,32,Female,6,6,5,4,5,4,3,4.0,3,4,4,4,3.75,4,4,5,4,4,4.2,3,2,3,3,2.75,3,4,3,4,3.5,4,4,4,5,4,4.2,4,2,4,3,3,3.2,0,Retain,0,0
S2-0602,Ack+Alternative,1,1,0,0,24,Male,6,7,4,5,5,6,5,5.25,3,3,3,2,2.75,3,3,4,4,4,3.6,4,5,5,5,4.75,4,4,4,4,4.0,5,5,5,6,5,5.2,4,4,5,4,5,4.4,0,Retain,1,0
S2-0603,Ack+Alternative,1,1,0,0,35,Male,5,5,5,4,5,5,5,4.75,3,4,3,4,3.5,4,4,4,4,4,4.0,5,5,5,5,5.0,4,4,4,4,4.0,6,7,6,7,6,6.4,3,4,2,4,3,3.2,0,Retain,0,0
S2-0604,Ack+Alternative,1,1,0,0,21,Female,5,4,4,4,5,4,5,4.5,4,3,3,3,3.25,2,2,3,3,3,2.6,5,5,6,5,5.25,6,5,5,5,5.25,6,6,6,6,7,6.2,4,4,4,5,5,4.4,1,Exchange,0,0
S2-0605,NoAck+Alternative,0,0,0,0,18,Male,5,3,5,3,2,2,2,2.25,3,3,4,4,3.5,3,3,3,3,3,3.0,3,5,5,5,4.5,4,3,5,5,4.25,5,4,4,3,3,3.8,4,3,5,4,4,4.0,0,Retain,0,0
S2-0606,Ack+Support,3,1,1,1,21,Female,4,5,6,4,4,4,4,4.0,5,5,5,5,5.0,5,5,5,7,5,5.4,3,2,3,3,2.75,2,2,2,2,2.0,2,3,3,2,2,2.4,1,2,2,1,2,1.6,0,Retain,0,0
S2-0607,Ack+Support,3,1,1,1,36,Female,5,6,5,6,5,6,7,6.0,6,5,7,7,6.25,6,6,5,6,6,5.8,2,2,2,2,2.0,2,1,1,1,1.25,1,2,2,2,3,2.0,2,1,2,2,2,1.8,0,Retain,0,0
S2-0608,Ack+Support,3,1,1,1,30,Male,6,5,4,6,5,5,5,5.25,5,6,4,7,5.5,6,5,5,6,5,5.4,2,1,3,2,2.0,2,2,3,2,2.25,3,1,2,3,2,2.2,3,3,2,2,3,2.6,0,Retain,1,0
S2-0609,NoAck+Alternative,0,0,0,0,34,Female,5,7,4,4,4,4,5,4.25,4,5,3,4,4.0,2,2,2,2,3,2.2,6,5,6,7,6.0,5,6,5,5,5.25,5,4,4,5,4,4.4,2,4,3,3,3,3.0,0,Retain,1,0
S2-0610,Ack+Support,3,1,1,1,36,Female,5,4,3,4,5,5,5,4.75,5,6,5,5,5.25,6,6,7,6,7,6.4,3,3,2,1,2.25,2,2,2,2,2.0,2,2,2,2,2,2.0,3,3,3,3,3,3.0,0,Retain,0,0
S2-0611,NoAck+Support,2,0,1,0,18,Male,5,7,5,4,4,5,5,4.5,5,5,5,5,5.0,5,5,4,4,4,4.4,3,4,4,4,3.75,3,3,3,3,3.0,3,3,2,3,1,2.4,3,4,3,1,1,2.4,0,Retain,0,0
S2-0612,Ack+Alternative,1,1,0,0,31,Male,4,5,4,4,5,6,5,5.0,3,4,4,4,3.75,3,4,3,4,4,3.6,4,5,5,5,4.75,5,5,5,5,5.0,6,6,5,5,6,5.6,5,5,5,5,4,4.8,0,Retain,0,0
S2-0613,Ack+Alternative,1,1,0,0,33,Male,6,5,6,5,5,5,6,5.25,5,4,5,4,4.5,5,4,3,4,4,4.0,4,3,3,3,3.25,5,4,4,4,4.25,4,4,5,5,6,4.8,5,4,4,4,5,4.4,1,Cancel,0,0
S2-0614,Ack+Support,3,1,1,1,28,Male,5,5,6,6,7,7,7,6.75,7,6,5,6,6.0,5,5,5,6,5,5.2,3,2,2,2,2.25,2,2,2,2,2.0,3,2,2,3,2,2.4,2,3,3,2,2,2.4,0,Retain,0,0
S2-0615,NoAck+Alternative,0,0,0,0,30,Female,5,6,6,4,3,4,4,3.75,4,4,5,5,4.5,4,3,2,2,4,3.0,6,5,5,6,5.5,4,5,4,4,4.25,3,4,3,3,3,3.2,4,4,4,4,4,4.0,0,Retain,1,0
S2-0616,Ack+Alternative,1,1,0,0,37,Male,5,6,7,5,6,6,6,5.75,5,3,4,4,4.0,4,4,3,3,3,3.4,3,4,5,5,4.25,5,4,4,5,4.5,5,5,4,6,5,5.0,4,5,5,4,3,4.2,0,Retain,0,1
S2-0617,Ack+Support,3,1,1,1,32,Female,5,5,7,6,5,7,6,6.0,5,6,7,6,6.0,6,6,6,6,6,6.0,1,3,2,3,2.25,1,1,1,1,1.0,1,2,1,1,2,1.4,2,2,2,2,2,2.0,0,Retain,0,0
S2-0618,NoAck+Alternative,0,0,0,0,37,Female,7,4,4,4,3,4,4,3.75,3,4,4,4,3.75,4,3,3,3,4,3.4,4,5,6,5,5.0,5,5,5,6,5.25,3,3,4,3,4,3.4,4,4,4,6,5,4.6,0,Retain,0,0
S2-0619,Ack+Support,3,1,1,1,30,Male,7,5,5,5,5,5,6,5.25,5,6,4,6,5.25,5,5,5,5,7,5.4,2,2,3,3,2.5,3,3,2,3,2.75,3,3,3,2,2,2.6,3,3,3,3,3,3.0,0,Retain,0,0
S2-0620,NoAck+Support,2,0,1,0,40,Female,4,6,4,4,4,5,5,4.5,6,6,6,5,5.75,6,5,5,5,5,5.2,2,4,2,4,3.0,3,2,3,3,2.75,1,2,2,2,2,1.8,2,2,1,2,2,1.8,0,Retain,0,0
S2-0621,Ack+Alternative,1,1,0,0,42,Female,4,6,7,5,5,4,5,4.75,3,3,3,3,3.0,3,4,3,4,3,3.4,5,5,5,4,4.75,4,5,5,4,4.5,6,7,7,6,6,6.4,6,5,5,6,5,5.4,0,Retain,0,0
S2-0622,NoAck+Alternative,0,0,0,0,26,Male,4,5,5,4,4,4,4,4.0,3,3,3,4,3.25,4,4,4,4,3,3.8,5,3,5,5,4.5,4,3,5,4,4.0,3,5,4,4,4,4.0,4,3,3,5,4,3.8,1,Exchange,0,0
S2-0623,NoAck+Alternative,0,0,0,0,31,Female,5,5,5,3,4,3,3,3.25,4,4,4,4,4.0,3,4,4,3,3,3.4,5,5,5,5,5.0,5,4,4,4,4.25,3,4,4,4,4,3.8,3,3,3,4,4,3.4,1,Exchange,0,0
S2-0624,NoAck+Alternative,0,0,0,0,42,Female,7,4,7,3,3,3,3,3.0,4,4,2,4,3.5,4,4,3,5,4,4.0,4,4,4,5,4.25,4,4,4,4,4.0,4,5,4,5,4,4.4,4,4,4,3,4,3.8,0,Retain,0,0
S2-0625,Ack+Support,3,1,1,1,36,Male,5,5,5,5,4,4,6,4.75,5,5,6,4,5.0,5,6,5,5,6,5.4,2,2,4,3,2.75,3,3,2,3,2.75,2,2,3,3,2,2.4,2,2,2,1,2,1.8,0,Retain,0,0
S2-0626,Ack+Alternative,1,1,0,0,34,Male,5,6,7,5,4,5,6,5.0,4,4,3,4,3.75,3,4,3,4,3,3.4,4,5,4,5,4.5,5,5,5,6,5.25,5,5,5,5,5,5.0,4,4,4,4,5,4.2,0,Retain,0,0
S2-0627,Ack+Support,3,1,1,1,32,Female,5,5,3,4,4,4,4,4.0,6,5,5,5,5.25,6,5,6,6,7,6.0,4,2,3,2,2.75,3,2,2,2,2.25,2,2,2,2,2,2.0,3,4,4,3,3,3.4,0,Retain,0,0
S2-0628,Ack+Alternative,1,1,0,0,28,Female,6,5,3,5,6,5,5,5.25,3,3,3,4,3.25,4,4,4,4,3,3.8,5,5,5,6,5.25,5,5,5,4,4.75,5,5,5,6,4,5.0,4,4,4,4,4,4.0,0,Retain,1,0
S2-0629,Ack+Alternative,1,1,0,0,35,Female,7,6,3,6,6,5,6,5.75,4,4,4,5,4.25,3,3,3,2,3,2.8,5,4,5,5,4.75,5,5,5,6,5.25,6,6,6,6,5,5.8,6,5,4,5,4,4.8,1,Exchange,0,0
S2-0630,Ack+Support,3,1,1,1,27,Male,3,7,4,5,6,7,6,6.0,5,6,7,6,6.0,7,6,6,7,7,6.6,2,2,1,1,1.5,2,3,3,2,2.5,3,3,2,3,3,2.8,3,2,3,2,1,2.2,0,Retain,0,1
S2-0631,Ack+Support,3,1,1,1,30,Male,4,4,5,4,5,5,5,4.75,5,5,5,6,5.25,5,6,5,5,5,5.2,3,2,4,4,3.25,2,2,3,2,2.25,2,1,3,2,3,2.2,3,1,2,2,2,2.0,0,Retain,1,0
S2-0632,Ack+Support,3,1,1,1,18,Female,6,6,5,7,6,6,7,6.5,6,5,5,6,5.5,6,5,6,5,7,5.8,2,3,3,2,2.5,2,2,2,2,2.0,2,1,2,2,2,1.8,1,1,2,1,1,1.2,0,Retain,0,1
S2-0633,NoAck+Alternative,0,0,0,0,29,Male,4,6,5,5,4,4,4,4.25,5,4,3,3,3.75,3,4,2,5,3,3.4,5,5,4,5,4.75,4,5,4,5,4.5,4,2,4,4,4,3.6,5,5,5,4,4,4.6,0,Retain,0,0
S2-0634,NoAck+Support,2,0,1,0,37,Female,5,3,3,4,4,3,4,3.75,5,6,6,6,5.75,5,5,6,6,4,5.2,4,3,3,3,3.25,3,3,3,3,3.0,2,2,3,1,2,2.0,2,3,3,2,1,2.2,0,Retain,0,0
S2-0635,NoAck+Alternative,0,0,0,0,38,Female,5,6,5,4,4,4,4,4.0,3,3,4,4,3.5,3,3,3,4,3,3.2,6,6,5,5,5.5,5,5,5,6,5.25,4,4,4,4,3,3.8,4,4,4,4,4,4.0,1,Exchange,1,0
S2-0636,Ack+Support,3,1,1,1,23,Male,5,6,3,5,5,6,5,5.25,4,5,5,4,4.5,6,5,6,4,5,5.2,2,3,2,2,2.25,3,2,2,1,2.0,2,2,2,3,3,2.4,3,3,2,3,3,2.8,0,Retain,0,0
S2-0637,NoAck+Support,2,0,1,0,36,Male,6,6,4,3,4,4,3,3.5,2,3,2,2,2.25,5,6,5,5,4,5.0,3,2,3,2,2.5,1,1,2,2,1.5,3,5,5,4,3,4.0,2,2,4,3,3,2.8,0,Retain,0,0
S2-0638,Ack+Support,3,1,1,1,26,Male,5,5,5,5,6,6,5,5.5,5,5,5,4,4.75,6,6,6,7,5,6.0,2,2,3,3,2.5,1,2,2,2,1.75,3,3,3,2,3,2.8,3,3,3,3,3,3.0,0,Retain,0,0
S2-0639,NoAck+Alternative,0,0,0,0,40,Female,5,4,5,3,3,2,3,2.75,3,4,4,4,3.75,4,5,4,5,3,4.2,5,4,4,4,4.25,2,3,4,3,3.0,4,3,4,4,4,3.8,3,3,3,3,4,3.2,0,Retain,1,1
S2-0640,NoAck+Alternative,0,0,0,0,40,Male,5,5,4,3,3,4,2,3.0,4,3,3,4,3.5,3,3,4,4,3,3.4,4,5,5,4,4.5,6,5,5,5,5.25,5,4,5,5,4,4.6,4,5,4,5,5,4.6,1,Exchange,0,1
S2-0641,Ack+Alternative,1,1,0,0,24,Male,6,5,5,5,5,5,5,5.0,2,3,2,3,2.5,4,3,3,3,3,3.2,4,3,4,5,4.0,5,4,5,5,4.75,5,5,4,5,5,4.8,5,5,5,6,7,5.6,0,Retain,0,1
S2-0642,NoAck+Alternative,0,0,0,0,23,Male,5,6,6,3,3,2,3,2.75,3,3,3,4,3.25,3,4,4,3,4,3.6,5,4,5,5,4.75,4,4,4,3,3.75,3,3,4,4,4,3.6,3,3,3,4,2,3.0,0,Retain,0,0
S2-0643,NoAck+Alternative,0,0,0,0,28,Male,4,5,5,3,2,3,1,2.25,2,3,3,2,2.5,4,5,5,4,4,4.4,4,4,5,3,4.0,5,5,5,4,4.75,4,3,3,5,3,3.6,4,5,4,3,4,4.0,0,Retain,1,0
S2-0644,Ack+Alternative,1,1,0,0,19,Male,5,4,6,6,7,6,6,6.25,4,4,5,3,4.0,4,4,4,4,4,4.0,4,5,5,5,4.75,4,4,3,5,4.0,5,6,6,6,5,5.6,5,4,5,5,5,4.8,0,Retain,1,1
S2-0645,NoAck+Alternative,0,0,0,0,22,Male,5,6,3,3,4,5,3,3.75,4,4,4,4,4.0,4,2,3,2,2,2.6,5,5,5,6,5.25,5,6,5,6,5.5,3,3,4,4,4,3.6,3,5,3,5,4,4.0,1,Exchange,0,1
S2-0646,NoAck+Support,2,0,1,0,40,Female,4,5,4,5,5,4,4,4.5,5,4,3,6,4.5,6,5,6,6,5,5.6,3,2,3,3,2.75,4,3,3,3,3.25,3,3,4,3,4,3.4,3,2,2,3,3,2.6,1,Cancel,0,1
S2-0647,Ack+Alternative,1,1,0,0,19,Male,5,4,4,6,5,6,5,5.5,5,5,5,5,5.0,2,3,2,1,2,2.0,6,5,6,5,5.5,6,5,6,4,5.25,4,6,6,6,6,5.6,4,3,4,3,4,3.6,1,Cancel,1,0
S2-0648,Ack+Support,3,1,1,1,20,Male,6,3,4,5,6,6,6,5.75,6,6,6,5,5.75,5,6,5,5,5,5.2,3,3,3,2,2.75,2,3,2,3,2.5,3,1,2,3,4,2.6,1,2,1,2,2,1.6,1,Exchange,0,0
S2-0649,Ack+Support,3,1,1,1,21,Male,7,5,4,7,6,6,6,6.25,6,7,6,5,6.0,4,4,4,4,4,4.0,3,3,5,3,3.5,2,3,3,4,3.0,2,2,2,3,2,2.2,2,3,3,2,2,2.4,0,Retain,0,0
S2-0650,NoAck+Support,2,0,1,0,19,Female,6,6,4,4,5,5,6,5.0,5,5,5,4,4.75,5,5,4,5,5,4.8,2,3,3,3,2.75,3,2,1,3,2.25,3,2,3,3,2,2.6,3,4,5,5,3,4.0,0,Retain,0,1
S2-0651,NoAck+Support,2,0,1,0,26,Male,6,5,5,4,3,4,5,4.0,4,3,4,4,3.75,3,4,4,4,4,3.8,2,3,2,3,2.5,3,3,4,4,3.5,3,3,3,3,2,2.8,2,3,3,3,3,2.8,1,Exchange,0,0
S2-0652,NoAck+Support,2,0,1,0,35,Male,4,6,6,4,4,5,4,4.25,5,5,5,5,5.0,6,5,5,4,5,5.0,4,4,4,4,4.0,2,3,3,4,3.0,4,4,4,4,5,4.2,4,3,4,3,3,3.4,0,Retain,0,0
S2-0653,Ack+Support,3,1,1,1,26,Female,5,4,5,7,6,6,6,6.25,5,5,5,5,5.0,4,3,3,3,3,3.2,4,3,3,3,3.25,3,2,3,4,3.0,3,4,4,3,2,3.2,5,4,4,3,3,3.8,1,Exchange,0,0
S2-0654,NoAck+Support,2,0,1,0,28,Male,6,4,5,5,5,5,4,4.75,6,5,6,5,5.5,6,5,5,5,6,5.4,3,4,4,3,3.5,3,2,2,1,2.0,3,4,2,2,3,2.8,3,4,4,3,4,3.6,0,Retain,0,0
S2-0655,Ack+Alternative,1,1,0,0,18,Male,6,5,6,5,5,7,5,5.5,4,4,4,3,3.75,3,2,3,2,4,2.8,5,6,6,6,5.75,6,6,6,6,6.0,5,6,4,5,5,5.0,4,4,5,3,3,3.8,1,Exchange,1,0
S2-0656,NoAck+Alternative,0,0,0,0,27,Female,6,4,5,3,3,3,3,3.0,3,3,3,3,3.0,3,4,3,3,4,3.4,4,4,6,5,4.75,4,4,5,5,4.5,3,3,2,4,4,3.2,5,5,5,5,5,5.0,0,Retain,0,1
S2-0657,NoAck+Support,2,0,1,0,30,Male,5,7,6,5,4,6,5,5.0,4,6,4,4,4.5,5,5,5,5,6,5.2,3,3,3,4,3.25,3,3,4,3,3.25,3,3,4,3,4,3.4,3,3,3,4,3,3.2,0,Retain,0,0
S2-0658,NoAck+Alternative,0,0,0,0,29,Male,5,5,5,3,4,3,3,3.25,2,3,3,4,3.0,4,3,3,4,3,3.4,4,4,4,4,4.0,3,3,4,2,3.0,4,4,4,4,4,4.0,3,4,4,5,5,4.2,1,Exchange,0,0
S2-0659,NoAck+Alternative,0,0,0,0,41,Male,4,3,6,3,5,3,3,3.5,3,4,4,4,3.75,5,5,5,4,4,4.6,2,4,4,4,3.5,4,4,3,4,3.75,4,4,3,4,3,3.6,4,3,3,4,4,3.6,0,Retain,0,0
S2-0660,Ack+Alternative,1,1,0,0,33,Female,5,5,5,4,5,5,5,4.75,4,3,3,3,3.25,4,4,4,4,5,4.2,5,4,5,4,4.5,6,5,5,5,5.25,6,6,6,5,5,5.6,5,4,4,4,4,4.2,0,Retain,1,0
S2-0661,NoAck+Support,2,0,1,0,28,Male,6,5,4,5,5,5,5,5.0,4,5,5,5,4.75,5,5,6,6,5,5.4,3,4,3,2,3.0,3,4,3,2,3.0,4,3,2,3,4,3.2,3,2,3,3,3,2.8,0,Retain,0,0
S2-0662,Ack+Support,3,1,1,1,20,Female,6,6,5,5,5,5,4,4.75,5,5,5,5,5.0,5,5,7,6,6,5.8,1,1,2,2,1.5,2,1,2,2,1.75,2,3,2,2,1,2.0,1,2,3,3,2,2.2,0,Retain,0,0
S2-0663,NoAck+Support,2,0,1,0,25,Female,5,5,4,5,4,5,4,4.5,4,5,4,4,4.25,5,4,4,5,4,4.4,3,3,3,3,3.0,3,3,3,4,3.25,3,4,3,3,4,3.4,1,2,2,3,2,2.0,1,Exchange,1,0
S2-0664,Ack+Support,3,1,1,1,20,Nonbinary/Other,5,4,5,5,6,5,6,5.5,5,6,6,6,5.75,6,5,6,7,6,6.0,2,3,2,3,2.5,2,1,2,4,2.25,2,2,2,3,2,2.2,2,3,2,3,3,2.6,0,Retain,0,0
S2-0665,NoAck+Support,2,0,1,0,31,Female,7,6,5,4,5,5,5,4.75,5,5,4,4,4.5,5,4,5,6,5,5.0,3,3,2,3,2.75,1,3,3,2,2.25,3,3,3,3,4,3.2,4,3,4,3,3,3.4,0,Retain,0,0
S2-0666,NoAck+Support,2,0,1,0,38,Male,6,6,5,4,5,4,4,4.25,4,5,3,3,3.75,6,5,4,5,5,5.0,4,4,3,3,3.5,2,2,2,4,2.5,3,3,3,3,4,3.2,4,2,2,3,3,2.8,0,Retain,0,0
S2-0667,Ack+Alternative,1,1,0,0,37,Female,7,5,6,3,4,5,4,4.0,3,4,4,3,3.5,3,4,3,3,4,3.4,4,4,4,5,4.25,3,4,5,3,3.75,6,5,5,5,5,5.2,4,5,5,4,4,4.4,0,Retain,0,0
S2-0668,Ack+Support,3,1,1,1,42,Female,5,6,4,5,5,5,5,5.0,5,5,5,6,5.25,7,6,6,6,7,6.4,3,3,2,2,2.5,2,1,2,2,1.75,1,1,2,1,1,1.2,3,3,3,2,2,2.6,0,Retain,0,0
S2-0669,NoAck+Support,2,0,1,0,21,Female,6,5,4,5,4,5,5,4.75,4,6,5,5,5.0,3,3,4,4,5,3.8,3,4,3,3,3.25,3,3,3,4,3.25,2,1,1,2,1,1.4,3,3,3,2,2,2.6,0,Retain,0,0
S2-0670,NoAck+Support,2,0,1,0,18,Male,6,6,3,4,4,4,5,4.25,4,5,5,6,5.0,6,5,6,7,6,6.0,3,3,2,3,2.75,3,3,2,2,2.5,3,3,2,3,3,2.8,2,1,1,2,1,1.4,0,Retain,0,0
S2-0671,NoAck+Support,2,0,1,0,31,Male,5,5,4,5,5,5,4,4.75,4,3,4,5,4.0,5,5,5,5,5,5.0,3,3,2,3,2.75,3,3,3,3,3.0,4,3,4,3,2,3.2,3,3,3,3,3,3.0,0,Retain,0,0
S2-0672,NoAck+Support,2,0,1,0,25,Male,5,5,5,4,5,4,5,4.5,4,4,5,5,4.5,4,5,4,5,4,4.4,4,3,4,4,3.75,2,2,2,2,2.0,2,4,2,4,2,2.8,1,2,3,2,2,2.0,0,Retain,0,0
S2-0673,Ack+Alternative,1,1,0,0,30,Female,5,6,2,4,5,5,6,5.0,5,5,4,5,4.75,3,3,3,3,3,3.0,6,5,5,5,5.25,5,3,4,5,4.25,4,3,4,3,4,3.6,4,4,3,4,4,3.8,0,Retain,1,0
S2-0674,Ack+Alternative,1,1,0,0,18,Female,5,4,4,4,5,4,5,4.5,4,4,4,3,3.75,3,2,2,2,2,2.2,5,5,6,6,5.5,5,5,5,5,5.0,5,6,5,5,5,5.2,5,4,5,5,4,4.6,1,Exchange,0,0
S2-0675,Ack+Support,3,1,1,1,21,Female,6,4,6,7,6,5,7,6.25,5,6,4,5,5.0,5,6,6,6,5,5.6,2,2,3,2,2.25,2,3,2,2,2.25,3,3,4,4,3,3.4,2,1,1,2,1,1.4,0,Retain,0,0
S2-0676,Ack+Alternative,1,1,0,0,18,Male,5,5,6,6,6,5,6,5.75,4,4,4,4,4.0,3,2,3,3,2,2.6,5,5,5,5,5.0,5,6,5,4,5.0,6,6,6,6,6,6.0,3,4,5,5,4,4.2,0,Retain,1,0
S2-0677,NoAck+Alternative,0,0,0,0,35,Male,5,5,7,2,3,4,2,2.75,3,2,3,3,2.75,3,2,3,3,3,2.8,5,4,4,7,5.0,4,5,6,5,5.0,4,4,5,5,5,4.6,3,2,3,3,2,2.6,0,Retain,1,0
S2-0678,Ack+Support,3,1,1,1,29,Male,7,4,5,6,5,5,6,5.5,5,6,6,5,5.5,6,5,6,6,5,5.6,2,3,2,3,2.5,2,2,2,3,2.25,2,2,2,1,1,1.6,3,2,3,2,2,2.4,0,Retain,0,0
S2-0679,NoAck+Alternative,0,0,0,0,41,Female,4,5,7,3,3,2,3,2.75,4,3,4,3,3.5,3,4,4,3,3,3.4,4,5,3,4,4.0,5,3,4,5,4.25,4,3,3,4,4,3.6,4,4,4,4,4,4.0,0,Retain,0,0
S2-0680,Ack+Alternative,1,1,0,0,22,Female,6,5,7,7,6,7,6,6.5,3,4,4,4,3.75,2,2,2,2,3,2.2,5,6,6,5,5.5,5,6,6,5,5.5,4,5,5,5,5,4.8,3,4,4,5,3,3.8,1,Cancel,1,0
S2-0681,Ack+Support,3,1,1,1,29,Female,5,6,4,7,6,6,6,6.25,7,6,6,7,6.5,5,5,4,5,5,4.8,2,2,2,3,2.25,2,2,2,1,1.75,1,3,2,1,1,1.6,2,1,1,3,1,1.6,0,Retain,0,0
S2-0682,NoAck+Alternative,0,0,0,0,23,Female,4,6,6,3,4,3,4,3.5,4,4,3,3,3.5,4,4,2,4,3,3.4,4,6,5,6,5.25,3,4,4,3,3.5,3,3,4,2,4,3.2,4,4,4,5,5,4.4,0,Retain,0,0
S2-0683,Ack+Alternative,1,1,0,0,28,Female,5,6,4,5,4,5,4,4.5,4,3,4,4,3.75,5,4,3,4,3,3.8,4,4,5,4,4.25,4,4,4,5,4.25,6,5,5,5,5,5.2,5,3,4,4,4,4.0,1,Cancel,1,0
S2-0684,Ack+Alternative,1,1,0,0,38,Male,5,6,4,4,5,5,5,4.75,3,3,4,4,3.5,2,3,3,3,3,2.8,5,5,5,6,5.25,5,5,4,5,4.75,6,6,6,7,6,6.2,3,4,4,4,6,4.2,0,Retain,1,0
S2-0685,NoAck+Alternative,0,0,0,0,32,Female,6,7,3,3,2,2,3,2.5,3,3,3,3,3.0,3,3,4,4,4,3.6,4,4,3,4,3.75,3,4,4,3,3.5,2,3,3,4,3,3.0,3,3,3,3,3,3.0,0,Retain,1,0
S2-0686,Ack+Support,3,1,1,1,20,Male,5,6,5,5,7,6,7,6.25,5,6,5,7,5.75,6,6,6,6,6,6.0,2,2,2,2,2.0,2,2,3,1,2.0,3,3,2,2,2,2.4,2,2,4,3,3,2.8,0,Retain,0,1
S2-0687,Ack+Support,3,1,1,1,44,Male,5,5,5,5,6,6,6,5.75,6,5,5,6,5.5,5,5,5,5,6,5.2,3,2,3,3,2.75,4,3,3,2,3.0,3,2,3,3,3,2.8,3,3,4,3,3,3.2,1,Cancel,0,0
S2-0688,Ack+Alternative,1,1,0,0,42,Female,6,4,4,5,4,5,5,4.75,4,4,4,5,4.25,5,5,4,5,5,4.8,4,5,4,4,4.25,4,3,5,4,4.0,6,6,7,6,7,6.4,4,4,5,4,4,4.2,0,Retain,0,0
S2-0689,Ack+Support,3,1,1,1,34,Male,5,4,5,3,4,5,5,4.25,5,6,7,5,5.75,5,6,5,6,5,5.4,3,1,2,3,2.25,4,2,3,3,3.0,1,1,1,1,1,1.0,4,2,3,2,2,2.6,1,Exchange,0,0
S2-0690,NoAck+Alternative,0,0,0,0,36,Male,6,6,4,1,3,3,2,2.25,4,4,3,4,3.75,5,5,5,4,5,4.8,3,5,4,4,4.0,3,4,3,4,3.5,3,4,3,4,4,3.6,4,4,4,4,5,4.2,1,Exchange,0,0
S2-0691,Ack+Support,3,1,1,1,48,Female,3,6,7,4,4,6,6,5.0,5,5,6,5,5.25,5,5,4,6,5,5.0,3,3,2,2,2.5,2,4,4,3,3.25,2,2,2,3,3,2.4,2,2,3,2,2,2.2,0,Retain,0,0
S2-0692,Ack+Alternative,1,1,0,0,20,Male,4,7,5,5,7,5,7,6.0,4,3,5,4,4.0,3,4,3,3,3,3.2,4,4,5,6,4.75,4,5,5,5,4.75,6,6,5,4,5,5.2,3,4,4,3,4,3.6,1,Exchange,0,1
S2-0693,Ack+Alternative,1,1,0,0,18,Female,7,6,5,4,5,5,4,4.5,3,4,4,4,3.75,4,4,5,4,4,4.2,5,5,5,5,5.0,3,4,4,5,4.0,5,5,6,5,5,5.2,4,4,5,5,4,4.4,0,Retain,0,0
S2-0694,Ack+Support,3,1,1,1,36,Male,6,5,7,5,5,5,5,5.0,6,6,6,6,6.0,5,6,6,6,5,5.6,2,3,3,3,2.75,2,3,4,2,2.75,2,1,1,3,1,1.6,2,1,2,2,2,1.8,1,Cancel,0,0
S2-0695,Ack+Alternative,1,1,0,0,31,Female,4,7,3,4,5,5,4,4.5,3,3,3,3,3.0,4,3,4,4,4,3.8,6,5,5,5,5.25,4,4,5,4,4.25,4,6,5,5,5,5.0,5,6,4,5,6,5.2,1,Cancel,0,1
S2-0696,Ack+Alternative,1,1,0,0,45,Female,4,5,6,4,5,5,5,4.75,3,3,4,4,3.5,3,3,3,1,2,2.4,5,5,6,6,5.5,7,6,6,7,6.5,5,6,7,6,6,6.0,4,6,4,5,5,4.8,1,Exchange,0,0
S2-0697,NoAck+Alternative,0,0,0,0,23,Female,4,4,4,3,3,2,3,2.75,3,3,3,2,2.75,4,4,4,3,4,3.8,5,4,4,3,4.0,4,5,4,4,4.25,5,4,4,5,4,4.4,4,5,5,6,5,5.0,0,Retain,0,0
S2-0698,Ack+Alternative,1,1,0,0,20,Male,5,4,4,6,5,5,6,5.5,4,5,5,3,4.25,4,3,3,3,3,3.2,7,5,6,6,6.0,5,4,5,5,4.75,6,6,5,6,7,6.0,4,4,3,4,5,4.0,0,Retain,0,0
S2-0699,NoAck+Support,2,0,1,0,23,Male,6,5,5,4,4,4,4,4.0,4,5,5,4,4.5,5,5,4,5,6,5.0,2,4,2,2,2.5,2,2,3,2,2.25,3,3,4,4,4,3.6,1,1,1,2,2,1.4,0,Retain,0,0
S2-0700,Ack+Support,3,1,1,1,38,Female,5,5,5,6,6,6,6,6.0,5,6,5,7,5.75,5,5,5,5,4,4.8,3,2,3,2,2.5,3,3,2,2,2.5,1,2,2,2,1,1.6,3,3,2,1,2,2.2,0,Retain,0,0
S2-0701,Ack+Alternative,1,1,0,0,27,Male,5,7,3,5,5,6,5,5.25,5,4,3,4,4.0,3,3,4,3,3,3.2,5,6,6,5,5.5,5,6,6,5,5.5,4,5,5,5,5,4.8,4,4,5,5,5,4.6,0,Retain,1,0
S2-0702,NoAck+Alternative,0,0,0,0,32,Female,5,4,5,3,3,4,3,3.25,4,4,4,4,4.0,4,5,4,5,6,4.8,4,4,3,4,3.75,3,4,3,2,3.0,3,3,4,4,4,3.6,4,5,4,4,4,4.2,0,Retain,0,0
S2-0703,NoAck+Support,2,0,1,0,26,Female,6,5,5,3,3,4,3,3.25,5,5,6,5,5.25,5,5,4,3,6,4.6,3,3,3,3,3.0,4,3,3,4,3.5,2,2,1,1,1,1.4,2,2,3,3,3,2.6,0,Retain,0,0
S2-0704,Ack+Support,3,1,1,1,46,Male,6,4,6,6,6,6,6,6.0,7,6,6,7,6.5,5,6,3,4,5,4.6,4,4,4,4,4.0,3,2,4,3,3.0,1,3,2,1,2,1.8,2,3,2,3,3,2.6,0,Retain,0,0
S2-0705,Ack+Alternative,1,1,0,0,26,Male,4,6,6,5,6,7,6,6.0,4,4,4,4,4.0,3,3,3,3,3,3.0,5,6,5,6,5.5,5,6,5,5,5.25,4,5,5,5,5,4.8,4,4,4,4,4,4.0,1,Exchange,0,1
S2-0706,Ack+Alternative,1,1,0,0,26,Male,5,4,4,5,5,5,4,4.75,3,3,4,3,3.25,3,4,3,4,4,3.6,5,5,5,5,5.0,4,3,4,5,4.0,5,5,6,6,6,5.6,4,4,3,4,3,3.6,0,Retain,0,0
S2-0707,NoAck+Alternative,0,0,0,0,43,Male,5,4,3,3,3,3,4,3.25,4,4,4,4,4.0,3,3,3,2,3,2.8,5,5,5,6,5.25,4,5,4,5,4.5,4,4,4,5,5,4.4,4,4,3,4,4,3.8,1,Exchange,0,1
S2-0708,Ack+Alternative,1,1,0,0,33,Female,6,5,3,6,5,6,6,5.75,4,3,4,3,3.5,2,2,3,3,3,2.6,4,4,5,4,4.25,4,5,4,4,4.25,5,7,6,6,6,6.0,6,5,5,5,4,5.0,1,Cancel,0,1
S2-0709,NoAck+Alternative,0,0,0,0,30,Female,6,5,4,3,2,3,4,3.0,3,3,3,3,3.0,4,3,4,3,3,3.4,4,5,5,4,4.5,5,5,6,5,5.25,5,5,4,5,5,4.8,2,3,2,3,3,2.6,1,Exchange,1,0
S2-0710,Ack+Support,3,1,1,1,25,Nonbinary/Other,5,4,7,6,6,5,6,5.75,7,6,5,6,6.0,5,6,6,5,6,5.6,3,2,4,2,2.75,2,2,3,2,2.25,2,2,2,2,2,2.0,3,2,3,3,3,2.8,0,Retain,0,0
S2-0711,NoAck+Alternative,0,0,0,0,30,Female,5,6,5,4,5,3,4,4.0,4,4,5,4,4.25,4,4,4,5,4,4.2,5,6,5,5,5.25,5,4,5,4,4.5,3,3,3,3,4,3.2,4,4,4,5,4,4.2,0,Retain,1,1
S2-0712,NoAck+Alternative,0,0,0,0,34,Female,7,5,5,3,3,2,3,2.75,3,3,2,4,3.0,4,3,4,3,4,3.6,5,4,6,4,4.75,5,5,6,5,5.25,5,4,4,4,5,4.4,4,4,4,4,3,3.8,1,Exchange,0,0
S2-0713,Ack+Support,3,1,1,1,20,Female,5,5,6,4,5,6,5,5.0,5,5,5,5,5.0,6,6,6,7,5,6.0,3,3,3,1,2.5,3,3,4,3,3.25,2,2,2,2,3,2.2,2,2,2,1,2,1.8,0,Retain,1,0
S2-0714,NoAck+Support,2,0,1,0,32,Female,5,6,2,3,4,4,5,4.0,5,4,4,5,4.5,5,5,5,4,5,4.8,4,4,3,4,3.75,2,4,3,3,3.0,4,3,2,3,4,3.2,3,3,3,3,3,3.0,0,Retain,0,0
S2-0715,Ack+Support,3,1,1,1,18,Male,6,5,7,6,5,6,6,5.75,7,5,6,7,6.25,6,5,6,6,7,6.0,2,3,3,3,2.75,1,2,3,3,2.25,2,3,1,2,1,1.8,2,2,1,3,1,1.8,0,Retain,0,0
S2-0716,NoAck+Support,2,0,1,0,19,Male,5,7,3,3,4,4,5,4.0,5,5,6,5,5.25,4,4,4,3,4,3.8,4,4,4,3,3.75,4,4,4,4,4.0,3,2,3,3,3,2.8,3,2,3,4,4,3.2,0,Retain,0,0
S2-0717,NoAck+Alternative,0,0,0,0,34,Female,5,5,5,3,4,3,4,3.5,4,4,5,4,4.25,4,3,3,2,2,2.8,5,4,6,5,5.0,5,6,6,6,5.75,4,3,3,5,5,4.0,4,5,4,5,4,4.4,1,Exchange,0,1
S2-0718,NoAck+Alternative,0,0,0,0,23,Male,7,6,6,3,2,1,2,2.0,3,3,3,3,3.0,4,4,4,4,3,3.8,4,5,5,4,4.5,4,4,3,3,3.5,3,5,4,4,4,4.0,4,4,5,5,4,4.4,1,Cancel,0,0
S2-0719,NoAck+Support,2,0,1,0,33,Female,4,4,5,4,3,4,5,4.0,5,5,5,4,4.75,7,5,5,7,7,6.2,3,1,3,2,2.25,2,2,2,4,2.5,2,2,2,3,2,2.2,2,2,4,3,2,2.6,0,Retain,0,0
S2-0720,NoAck+Alternative,0,0,0,0,18,Male,4,6,5,4,6,6,4,5.0,4,3,4,4,3.75,3,3,3,3,3,3.0,4,6,5,5,5.0,4,6,4,5,4.75,4,3,3,3,4,3.4,4,4,4,3,5,4.0,1,Exchange,1,0
S2-0721,Ack+Alternative,1,1,0,0,31,Female,5,4,5,5,6,5,5,5.25,4,4,4,4,4.0,3,4,2,5,2,3.2,5,5,5,5,5.0,4,3,5,6,4.5,5,6,6,6,5,5.6,3,3,3,3,3,3.0,0,Retain,1,1
S2-0722,Ack+Alternative,1,1,0,0,26,Male,5,6,5,4,4,4,3,3.75,3,3,4,3,3.25,4,4,4,5,3,4.0,4,4,4,4,4.0,3,3,3,4,3.25,6,6,5,6,7,6.0,5,5,5,4,4,4.6,0,Retain,0,0
S2-0723,Ack+Alternative,1,1,0,0,18,Male,5,5,4,4,4,4,4,4.0,3,4,2,3,3.0,3,3,4,3,3,3.2,5,6,4,4,4.75,5,5,6,5,5.25,5,6,6,5,7,5.8,6,5,6,6,5,5.6,1,Exchange,1,0
S2-0724,Ack+Support,3,1,1,1,27,Male,5,6,5,4,4,5,5,4.5,5,4,5,5,4.75,5,6,6,6,6,5.8,2,3,3,3,2.75,2,2,1,1,1.5,3,4,3,3,3,3.2,4,2,2,3,3,2.8,0,Retain,0,0
S2-0725,Ack+Support,3,1,1,1,30,Female,6,5,4,5,6,6,6,5.75,5,4,5,5,4.75,6,5,6,7,6,6.0,1,3,2,1,1.75,2,2,2,2,2.0,1,1,2,1,2,1.4,2,2,3,2,3,2.4,0,Retain,0,0
S2-0726,NoAck+Support,2,0,1,0,23,Male,5,5,5,4,5,4,5,4.5,4,4,4,4,4.0,4,5,6,5,5,5.0,3,3,3,4,3.25,2,3,3,3,2.75,4,3,3,3,3,3.2,4,5,4,3,5,4.2,0,Retain,0,0
S2-0727,Ack+Support,3,1,1,1,40,Female,5,5,6,7,6,6,6,6.25,6,5,6,6,5.75,6,6,7,6,5,6.0,2,3,3,2,2.5,1,2,1,2,1.5,1,1,1,1,1,1.0,3,2,2,3,1,2.2,0,Retain,0,0
S2-0728,Ack+Alternative,1,1,0,0,30,Male,3,5,4,5,5,6,6,5.5,4,4,4,4,4.0,4,2,2,3,3,2.8,6,6,6,6,6.0,4,5,5,5,4.75,6,4,5,6,6,5.4,4,4,4,4,3,3.8,0,Retain,0,0
S2-0729,NoAck+Support,2,0,1,0,40,Female,4,5,7,3,5,4,3,3.75,6,5,5,5,5.25,5,5,6,5,4,5.0,3,4,3,3,3.25,3,3,3,3,3.0,2,1,3,3,3,2.4,3,3,3,3,2,2.8,0,Retain,1,0
S2-0730,NoAck+Support,2,0,1,0,37,Male,5,4,5,5,4,4,4,4.25,5,4,4,4,4.25,5,6,6,6,5,5.6,1,2,2,2,1.75,2,3,2,2,2.25,4,3,3,3,3,3.2,3,2,3,3,3,2.8,0,Retain,0,0
S2-0731,NoAck+Alternative,0,0,0,0,39,Male,5,5,3,3,2,2,1,2.0,3,3,4,4,3.5,3,3,4,4,4,3.6,6,6,6,6,6.0,4,4,5,5,4.5,4,3,3,4,4,3.6,5,4,4,3,4,4.0,0,Retain,0,1
S2-0732,NoAck+Alternative,0,0,0,0,19,Male,5,6,5,4,4,4,4,4.0,4,5,4,4,4.25,4,4,3,3,4,3.6,4,4,5,6,4.75,4,5,5,5,4.75,2,4,5,3,5,3.8,4,4,5,5,4,4.4,0,Retain,1,1
S2-0733,NoAck+Support,2,0,1,0,28,Female,5,4,5,5,4,6,5,5.0,5,5,5,4,4.75,5,6,6,5,6,5.6,2,1,2,2,1.75,2,2,2,2,2.0,2,3,3,4,3,3.0,3,4,3,4,4,3.6,0,Retain,0,0
S2-0734,NoAck+Alternative,0,0,0,0,38,Male,5,6,4,4,4,3,4,3.75,3,3,3,4,3.25,4,4,4,4,4,4.0,5,4,4,3,4.0,3,3,4,4,3.5,4,3,4,4,5,4.0,4,5,4,3,4,4.0,1,Cancel,0,0
S2-0735,Ack+Support,3,1,1,1,29,Female,6,5,6,5,5,5,5,5.0,5,6,6,4,5.25,6,5,5,5,5,5.2,1,2,2,2,1.75,2,2,2,2,2.0,2,1,2,1,2,1.6,3,3,3,3,3,3.0,0,Retain,1,0
S2-0736,Ack+Support,3,1,1,1,22,Female,5,6,5,7,6,5,6,6.0,5,6,6,6,5.75,6,5,5,6,4,5.2,3,3,4,3,3.25,3,3,3,3,3.0,2,1,1,1,2,1.4,2,2,3,2,2,2.2,0,Retain,1,0
S2-0737,Ack+Support,3,1,1,1,36,Female,6,5,4,7,6,6,7,6.5,7,6,6,6,6.25,6,7,6,6,6,6.2,3,3,3,2,2.75,3,1,3,3,2.5,1,2,2,3,2,2.0,3,3,3,3,3,3.0,0,Retain,1,0
S2-0738,Ack+Alternative,1,1,0,0,18,Female,5,4,5,6,6,7,6,6.25,5,5,4,4,4.5,2,2,2,3,3,2.4,5,5,5,5,5.0,4,3,4,4,3.75,5,6,5,6,6,5.6,5,5,5,6,6,5.4,0,Retain,0,0
S2-0739,Ack+Alternative,1,1,0,0,29,Female,4,6,5,4,5,6,5,5.0,4,4,4,4,4.0,3,3,3,3,1,2.6,6,5,6,5,5.5,5,5,6,5,5.25,6,5,5,6,5,5.4,4,4,5,4,5,4.4,0,Retain,1,1
S2-0740,Ack+Support,3,1,1,1,20,Female,6,6,5,6,5,5,6,5.5,5,6,5,5,5.25,5,6,5,6,6,5.6,2,2,2,3,2.25,2,3,3,2,2.5,2,2,2,1,1,1.6,3,3,4,3,2,3.0,0,Retain,0,0
S2-0741,NoAck+Support,2,0,1,0,26,Male,5,6,4,3,2,3,3,2.75,5,5,4,4,4.5,5,6,5,6,5,5.4,2,2,2,3,2.25,3,3,2,3,2.75,2,2,2,1,1,1.6,2,3,2,3,2,2.4,0,Retain,0,0
S2-0742,Ack+Alternative,1,1,0,0,18,Male,5,5,5,4,5,5,4,4.5,3,3,3,3,3.0,3,2,3,3,3,2.8,5,6,5,5,5.25,6,7,5,5,5.75,6,6,6,7,6,6.2,5,5,6,6,5,5.4,0,Retain,0,0
S2-0743,Ack+Support,3,1,1,1,30,Female,5,6,6,7,6,7,7,6.75,6,7,6,7,6.5,5,4,5,5,4,4.6,3,2,2,2,2.25,2,4,2,2,2.5,2,2,2,2,3,2.2,2,2,2,2,1,1.8,0,Retain,0,0
S2-0744,Ack+Alternative,1,1,0,0,19,Female,6,6,3,6,7,7,6,6.5,6,5,5,6,5.5,3,4,3,4,3,3.4,5,6,6,6,5.75,5,5,5,6,5.25,5,5,4,5,4,4.6,5,5,5,4,4,4.6,0,Retain,0,0
S2-0745,NoAck+Support,2,0,1,0,39,Male,6,5,4,4,4,4,4,4.0,5,5,5,5,5.0,4,4,4,4,5,4.2,4,3,3,4,3.5,2,3,2,2,2.25,2,2,1,1,1,1.4,3,2,2,2,3,2.4,0,Retain,0,0
S2-0746,NoAck+Support,2,0,1,0,28,Male,5,4,5,4,4,4,3,3.75,3,4,4,4,3.75,4,4,5,6,6,5.0,2,3,2,3,2.5,3,3,2,2,2.5,3,3,2,4,2,2.8,3,3,4,3,3,3.2,1,Exchange,0,0
S2-0747,NoAck+Support,2,0,1,0,31,Female,5,6,6,4,4,4,3,3.75,6,5,5,4,5.0,6,6,6,4,5,5.4,3,2,4,4,3.25,3,2,4,2,2.75,2,2,2,2,2,2.0,4,2,4,3,4,3.4,0,Retain,0,0
S2-0748,NoAck+Support,2,0,1,0,18,Male,6,5,6,4,5,5,4,4.5,5,4,6,5,5.0,5,4,4,5,4,4.4,3,3,3,3,3.0,3,4,3,4,3.5,2,1,3,3,3,2.4,3,3,3,3,4,3.2,0,Retain,0,0
S2-0749,Ack+Alternative,1,1,0,0,22,Female,4,5,6,6,5,5,5,5.25,2,4,2,2,2.5,4,4,2,3,4,3.4,5,4,6,5,5.0,5,5,5,6,5.25,5,6,6,6,6,5.8,4,6,6,6,5,5.4,1,Exchange,0,1
S2-0750,Ack+Alternative,1,1,0,0,29,Female,6,5,6,5,5,6,6,5.5,2,4,3,3,3.0,5,4,4,4,4,4.2,4,5,5,4,4.5,4,4,4,5,4.25,6,6,6,6,6,6.0,3,4,4,5,3,3.8,0,Retain,0,0
S2-0751,NoAck+Alternative,0,0,0,0,20,Male,6,3,4,3,4,3,4,3.5,1,4,2,3,2.5,3,3,2,4,3,3.0,4,4,4,4,4.0,4,4,5,4,4.25,6,6,6,6,6,6.0,3,4,4,4,4,3.8,0,Retain,0,0
S2-0752,NoAck+Support,2,0,1,0,40,Male,6,7,3,4,4,3,3,3.5,6,4,4,5,4.75,6,5,5,6,5,5.4,3,3,3,3,3.0,3,3,2,2,2.5,1,2,1,2,1,1.4,3,3,2,2,2,2.4,0,Retain,0,0
S2-0753,Ack+Alternative,1,1,0,0,26,Female,5,6,5,4,5,6,5,5.0,3,5,5,3,4.0,3,2,3,3,3,2.8,4,5,5,5,4.75,6,5,5,5,5.25,5,5,5,5,4,4.8,4,5,4,4,3,4.0,0,Retain,0,0
S2-0754,NoAck+Alternative,0,0,0,0,19,Male,5,5,6,3,2,3,4,3.0,3,4,3,3,3.25,2,3,3,2,1,2.2,5,6,5,5,5.25,4,5,5,4,4.5,4,4,5,4,4,4.2,4,4,4,3,4,3.8,1,Exchange,0,1
S2-0755,Ack+Alternative,1,1,0,0,27,Female,4,5,7,4,5,6,4,4.75,5,5,5,4,4.75,3,5,4,4,4,4.0,5,5,6,4,5.0,5,5,4,5,4.75,4,6,4,5,5,4.8,4,5,5,4,5,4.6,0,Retain,0,1
S2-0756,Ack+Support,3,1,1,1,18,Male,4,6,5,6,7,7,7,6.75,6,6,6,5,5.75,6,6,7,6,6,6.2,3,2,3,2,2.5,1,3,3,1,2.0,3,3,3,2,4,3.0,2,2,2,1,3,2.0,0,Retain,0,0
S2-0757,Ack+Alternative,1,1,0,0,24,Male,6,6,5,6,6,6,6,6.0,4,5,3,5,4.25,3,3,2,3,2,2.6,5,5,4,4,4.5,5,5,5,5,5.0,4,6,5,4,5,4.8,3,4,4,4,3,3.6,0,Retain,0,1
S2-0758,NoAck+Support,2,0,1,0,18,Female,5,4,4,5,4,5,4,4.5,5,5,4,5,4.75,6,6,6,6,6,6.0,3,3,3,3,3.0,2,1,2,2,1.75,3,2,2,1,3,2.2,2,2,2,2,3,2.2,1,Exchange,0,0
S2-0759,Ack+Alternative,1,1,0,0,18,Female,6,5,4,5,5,5,5,5.0,4,4,5,5,4.5,3,4,3,3,2,3.0,5,5,5,5,5.0,5,4,5,5,4.75,6,6,5,5,6,5.6,5,5,5,5,5,5.0,0,Retain,0,1
S2-0760,Ack+Support,3,1,1,1,28,Male,5,6,4,6,5,6,5,5.5,6,6,6,5,5.75,5,6,5,6,5,5.4,2,1,3,2,2.0,1,2,2,2,1.75,1,1,2,3,1,1.6,4,3,3,2,3,3.0,0,Retain,0,0
S2-0761,Ack+Alternative,1,1,0,0,28,Male,5,7,5,5,5,5,5,5.0,4,4,4,3,3.75,3,4,5,4,4,4.0,4,5,5,5,4.75,4,5,5,5,4.75,6,6,6,5,6,5.8,5,5,5,5,5,5.0,0,Retain,0,0
S2-0762,NoAck+Alternative,0,0,0,0,42,Male,5,5,3,4,3,3,2,3.0,3,2,3,3,2.75,3,3,3,3,2,2.8,5,5,6,6,5.5,5,4,5,4,4.5,3,3,4,4,3,3.4,4,4,3,5,5,4.2,0,Retain,0,1
S2-0763,Ack+Support,3,1,1,1,31,Male,6,4,5,5,5,5,5,5.0,5,5,4,5,4.75,4,5,3,3,3,3.6,4,3,5,4,4.0,4,4,4,4,4.0,2,2,3,2,2,2.2,1,1,2,2,1,1.4,0,Retain,0,0
S2-0764,NoAck+Support,2,0,1,0,26,Female,5,5,5,5,4,5,3,4.25,5,5,5,5,5.0,4,5,4,5,5,4.6,3,2,4,2,2.75,3,3,3,3,3.0,2,3,2,2,3,2.4,2,2,1,2,1,1.6,1,Exchange,0,0
S2-0765,NoAck+Support,2,0,1,0,33,Male,6,5,5,5,5,5,5,5.0,4,4,5,4,4.25,4,5,4,5,4,4.4,3,2,3,2,2.5,2,2,3,2,2.25,2,3,3,3,2,2.6,4,4,4,4,4,4.0,1,Exchange,0,0
S2-0766,NoAck+Support,2,0,1,0,32,Female,5,6,5,5,4,4,4,4.25,4,5,6,5,5.0,4,4,4,5,3,4.0,5,4,4,5,4.5,4,3,4,4,3.75,2,4,3,3,2,2.8,3,3,2,2,3,2.6,0,Retain,0,0
S2-0767,Ack+Alternative,1,1,0,0,18,Female,6,4,5,6,5,6,4,5.25,3,4,2,4,3.25,4,4,3,3,3,3.4,5,3,4,5,4.25,4,5,4,4,4.25,6,6,6,5,6,5.8,4,4,4,4,4,4.0,0,Retain,0,1
S2-0768,Ack+Support,3,1,1,1,30,Male,4,5,4,6,6,5,6,5.75,6,6,6,6,6.0,5,5,4,5,6,5.0,2,2,2,2,2.0,3,2,1,3,2.25,2,2,2,2,2,2.0,3,2,3,3,3,2.8,0,Retain,1,0
S2-0769,Ack+Support,3,1,1,1,24,Female,5,6,3,6,5,5,5,5.25,4,5,6,5,5.0,4,6,6,6,5,5.4,2,3,3,2,2.5,3,3,3,2,2.75,3,3,3,3,3,3.0,2,2,2,3,2,2.2,0,Retain,0,0
S2-0770,NoAck+Alternative,0,0,0,0,39,Female,6,5,3,5,4,4,5,4.5,4,4,4,4,4.0,4,4,4,5,4,4.2,4,3,4,5,4.0,3,4,5,3,3.75,4,4,4,4,4,4.0,4,4,4,3,4,3.8,0,Retain,0,0
S2-0771,NoAck+Alternative,0,0,0,0,18,Male,6,5,4,4,4,4,5,4.25,4,5,5,5,4.75,4,4,4,3,4,3.8,4,4,5,4,4.25,4,4,3,5,4.0,3,3,3,4,3,3.2,4,5,4,4,5,4.4,1,Exchange,0,1
S2-0772,NoAck+Alternative,0,0,0,0,31,Male,6,5,6,4,3,4,4,3.75,4,3,4,4,3.75,2,4,2,3,4,3.0,5,4,5,5,4.75,3,4,5,5,4.25,3,5,4,4,4,4.0,4,5,3,6,5,4.6,0,Retain,0,0
S2-0773,Ack+Support,3,1,1,1,32,Male,7,5,4,4,6,5,5,5.0,5,5,5,4,4.75,5,6,6,6,5,5.6,2,3,2,2,2.25,3,3,3,3,3.0,2,3,2,2,2,2.2,2,1,1,2,2,1.6,0,Retain,0,0
S2-0774,NoAck+Support,2,0,1,0,28,Female,5,6,3,5,4,5,5,4.75,4,5,6,4,4.75,6,6,6,6,6,6.0,3,2,2,3,2.5,1,2,2,1,1.5,3,3,2,1,2,2.2,2,3,3,2,3,2.6,0,Retain,0,0
S2-0775,NoAck+Alternative,0,0,0,0,33,Male,5,3,4,3,4,4,3,3.5,3,3,3,3,3.0,3,5,4,5,4,4.2,5,5,4,3,4.25,4,5,5,5,4.75,5,4,5,5,4,4.6,3,3,4,5,4,3.8,1,Exchange,1,0
S2-0776,NoAck+Support,2,0,1,0,20,Female,6,4,5,4,5,4,5,4.5,4,4,4,5,4.25,5,6,4,4,4,4.6,3,4,3,3,3.25,5,4,5,4,4.5,3,3,3,2,3,2.8,3,3,3,4,3,3.2,0,Retain,0,0
S2-0777,NoAck+Alternative,0,0,0,0,25,Male,5,6,3,4,4,4,4,4.0,3,4,3,2,3.0,4,5,4,4,3,4.0,4,3,4,4,3.75,4,2,4,3,3.25,4,4,5,5,5,4.6,4,5,5,5,5,4.8,0,Retain,1,0
S2-0778,Ack+Support,3,1,1,1,23,Female,5,5,4,4,6,6,4,5.0,5,5,4,5,4.75,6,6,5,5,5,5.4,3,2,2,3,2.5,2,2,2,3,2.25,4,3,3,2,3,3.0,2,2,1,3,2,2.0,0,Retain,0,0
S2-0779,Ack+Support,3,1,1,1,28,Male,5,5,4,4,5,5,5,4.75,5,6,4,5,5.0,3,4,4,4,5,4.0,3,3,3,4,3.25,1,2,3,2,2.0,3,3,3,3,3,3.0,3,4,3,5,4,3.8,0,Retain,0,0
S2-0780,NoAck+Support,2,0,1,0,18,Male,4,5,5,5,3,4,4,4.0,4,5,5,5,4.75,5,6,6,6,5,5.6,3,2,2,2,2.25,3,2,3,3,2.75,1,1,3,2,1,1.6,4,3,4,3,3,3.4,0,Retain,0,0
S2-0781,Ack+Alternative,1,1,0,0,29,Female,5,6,4,4,6,5,5,5.0,5,3,3,4,3.75,3,4,4,3,2,3.2,5,5,6,5,5.25,5,5,5,5,5.0,5,5,5,6,5,5.2,5,5,4,6,5,5.0,0,Retain,0,1
S2-0782,NoAck+Alternative,0,0,0,0,26,Female,6,5,3,3,3,4,3,3.25,4,3,3,3,3.25,4,3,3,3,3,3.2,5,6,4,5,5.0,3,3,4,5,3.75,3,3,4,3,3,3.2,4,4,3,3,3,3.4,0,Retain,0,0
S2-0783,NoAck+Alternative,0,0,0,0,36,Female,6,5,5,5,4,4,4,4.25,4,4,4,4,4.0,3,4,3,4,2,3.2,4,4,4,4,4.0,3,4,4,4,3.75,5,3,4,3,4,3.8,4,4,4,4,3,3.8,0,Retain,0,0
S2-0784,NoAck+Support,2,0,1,0,30,Female,6,6,6,4,3,4,3,3.5,4,5,4,5,4.5,4,5,4,5,5,4.6,3,4,2,3,3.0,3,3,4,3,3.25,2,3,3,3,2,2.6,2,3,3,2,3,2.6,0,Retain,0,0
S2-0785,Ack+Support,3,1,1,1,30,Male,5,5,4,7,6,7,6,6.5,5,5,5,6,5.25,6,5,6,6,6,5.8,3,2,3,2,2.5,1,3,2,2,2.0,2,3,2,2,2,2.2,2,2,1,1,2,1.6,0,Retain,0,0
S2-0786,NoAck+Support,2,0,1,0,41,Female,5,5,4,4,4,3,4,3.75,5,5,5,5,5.0,6,6,6,5,5,5.6,3,3,3,4,3.25,3,4,4,5,4.0,3,3,2,2,3,2.6,3,2,3,1,2,2.2,0,Retain,1,0
S2-0787,Ack+Support,3,1,1,1,32,Female,5,5,5,5,6,5,5,5.25,5,6,5,5,5.25,6,6,7,6,6,6.2,4,2,2,3,2.75,3,3,4,3,3.25,2,2,2,2,2,2.0,2,2,2,3,2,2.2,0,Retain,0,0
S2-0788,NoAck+Support,2,0,1,0,30,Female,5,6,3,4,4,5,3,4.0,3,3,4,4,3.5,6,5,5,6,5,5.4,3,4,4,3,3.5,5,6,3,4,4.5,3,3,4,4,3,3.4,3,3,3,4,3,3.2,0,Retain,0,1
S2-0789,NoAck+Support,2,0,1,0,28,Female,6,5,5,5,5,5,4,4.75,4,3,4,5,4.0,4,4,4,5,4,4.2,4,3,3,4,3.5,4,3,3,4,3.5,3,3,4,2,4,3.2,4,2,3,3,2,2.8,1,Exchange,0,0
S2-0790,Ack+Support,3,1,1,1,26,Male,6,6,4,7,7,6,5,6.25,5,6,5,5,5.25,6,6,6,5,6,5.8,3,2,2,3,2.5,3,2,2,2,2.25,4,2,3,3,1,2.6,2,2,1,2,2,1.8,0,Retain,0,0
S2-0791,Ack+Alternative,1,1,0,0,28,Male,2,5,3,6,6,6,7,6.25,4,3,4,6,4.25,4,4,3,4,3,3.6,4,4,5,4,4.25,4,5,6,6,5.25,5,7,6,6,5,5.8,4,4,4,4,4,4.0,1,Exchange,1,0
S2-0792,Ack+Support,3,1,1,1,31,Male,5,4,7,5,6,6,7,6.0,5,5,6,5,5.25,7,6,7,6,7,6.6,2,3,1,2,2.0,1,2,3,2,2.0,2,3,1,2,1,1.8,2,1,1,2,2,1.6,0,Retain,0,0
S2-0793,NoAck+Alternative,0,0,0,0,26,Female,6,7,4,3,3,3,3,3.0,3,4,3,2,3.0,3,4,4,3,2,3.2,5,5,6,5,5.25,5,5,5,5,5.0,4,5,5,5,6,5.0,5,5,4,4,4,4.4,0,Retain,0,0
S2-0794,Ack+Alternative,1,1,0,0,28,Female,6,6,5,6,5,5,5,5.25,4,3,3,4,3.5,3,4,4,3,4,3.6,5,5,4,4,4.5,5,4,4,4,4.25,6,5,5,5,6,5.4,6,5,5,6,5,5.4,0,Retain,0,0
S2-0795,Ack+Alternative,1,1,0,0,22,Female,5,6,4,5,4,5,5,4.75,3,4,4,3,3.5,3,4,4,3,4,3.6,5,6,5,4,5.0,5,5,6,6,5.5,5,6,6,6,7,6.0,4,4,4,4,5,4.2,0,Retain,0,0
S2-0796,Ack+Alternative,1,1,0,0,25,Male,6,4,5,6,6,6,7,6.25,4,3,3,3,3.25,4,2,3,3,3,3.0,4,5,4,4,4.25,3,4,4,4,3.75,6,4,5,5,5,5.0,4,4,6,6,5,5.0,0,Retain,0,0
S2-0797,Ack+Alternative,1,1,0,0,37,Male,5,5,5,6,6,6,6,6.0,4,4,3,4,3.75,3,3,2,2,2,2.4,6,6,6,5,5.75,5,6,6,4,5.25,5,5,6,5,5,5.2,3,3,3,4,4,3.4,1,Exchange,0,0
S2-0798,Ack+Alternative,1,1,0,0,43,Female,6,6,6,6,6,5,5,5.5,4,3,3,4,3.5,4,3,4,3,3,3.4,5,6,6,5,5.5,4,5,4,4,4.25,5,5,4,5,4,4.6,3,2,3,5,3,3.2,0,Retain,0,0
S2-0799,NoAck+Support,2,0,1,0,18,Male,6,5,4,4,4,5,7,5.0,5,5,6,5,5.25,6,7,6,6,6,6.2,4,3,2,1,2.5,1,2,2,1,1.5,2,2,3,2,3,2.4,1,1,1,2,1,1.2,0,Retain,0,0
S2-0800,Ack+Support,3,1,1,1,31,Male,5,6,4,5,6,5,6,5.5,6,5,5,6,5.5,5,4,4,6,5,4.8,2,3,3,3,2.75,2,2,3,1,2.0,3,3,4,4,3,3.4,2,3,3,3,3,2.8,1,Exchange,0,0
