ID,condition,condition_code,age,gender,initial_confidence,initial_satisfaction,choice_difficulty,product_involvement,category_knowledge,prior_return_frequency,platform_use_frequency,ad_skepticism,maximizing_tendency,price_sensitivity,IDN1,IDN2,IDN3,SIM1,SIM2,SIM3,ADV1,ADV2,ADV3,REP1,REP2,REP3,PAL1,PAL2,PAL3,PAL4,TRU1,TRU2,TRU3,TRU4,CLO1,CLO2,CLO3,CLO4,CLO5,CFT1,CFT2,CFT3,CFT4,REG1,REG2,REG3,REG4,RET1,RET2,RET3,RET4,RET5,AVO1,AVO2,AVO3,AVO4,AVO5,IRR1,IRR2,IRR3,IRR4,IRR5,ACC1,ACC2,ACC3,FIT1,FIT2,FIT3,PAL,Trust,Closure,Counterfactual,Regret,Return,Avoidance,Irritation,Accuracy,CurrentFit,same_vs_rest,superior_vs_rest
S1-0001,Unrelated,0,29,Male,3,6,4,5,3,3,6,4,4,5,2,2,2,2,3,2,3,2,2,2,2,2,4,3,4,5,5,5,4,6,6,6,6,7,7,2,2,1,2,2,2,2,2,2,3,3,3,5,2,2,3,3,3,5,4,4,5,5,4,4,3,4,6,5,4.0,5.0,6.4,1.75,2.0,2.8,2.6,4.6,3.6666666666666665,5.0,-0.3333333333333333,-0.3333333333333333
S1-0002,Superior-alternative,3,38,Female,7,6,3,6,4,3,5,4,5,4,2,2,2,5,6,4,5,5,5,5,5,5,5,5,5,4,4,5,5,4,3,3,2,2,2,6,6,5,6,4,6,6,6,6,5,6,4,3,2,2,2,2,3,4,4,4,5,4,4,5,5,3,3,3,4.75,4.5,2.4,5.75,5.5,5.2,2.2,4.2,4.666666666666667,3.0,-0.3333333333333333,1.0
S1-0003,Superior-alternative,3,34,Female,6,6,4,5,4,1,6,4,4,6,2,2,1,6,7,7,5,6,6,5,5,4,5,4,5,5,4,4,5,5,2,3,1,3,1,5,5,4,5,5,6,6,5,4,4,4,4,4,4,4,4,4,4,5,4,5,4,4,5,5,5,4,3,3,4.75,4.5,2.0,4.75,5.5,4.0,4.0,4.4,5.0,3.3333333333333335,-0.3333333333333333,1.0
S1-0004,Similar-product,2,27,Male,3,4,4,3,4,3,5,5,4,3,1,1,2,5,6,6,4,4,5,4,5,5,4,3,2,3,4,5,4,5,6,5,5,5,6,3,2,2,4,2,2,2,2,2,2,3,2,5,3,4,4,3,3,5,4,4,5,3,4,4,5,3,3,3,3.0,4.5,5.4,2.75,2.0,2.4,3.4,4.2,4.333333333333333,3.0,-0.3333333333333333,-0.3333333333333333
S1-0005,Same-product,1,42,Male,5,7,5,5,5,2,7,3,4,7,7,6,7,7,6,6,2,2,2,6,6,6,3,3,3,3,4,3,3,3,4,5,4,5,5,3,2,3,2,4,3,3,2,2,3,3,2,5,6,6,5,6,6,4,6,5,5,6,6,5,6,3,2,3,3.0,3.25,4.6,2.5,3.0,2.6,5.8,5.2,5.666666666666667,2.6666666666666665,1.0,-0.3333333333333333
S1-0006,Unrelated,0,23,Male,4,6,3,4,5,3,4,3,5,5,2,1,1,2,2,1,3,2,2,3,2,2,5,4,4,5,4,4,5,5,5,6,5,5,5,3,2,2,2,3,3,2,3,3,2,3,2,5,2,3,3,3,3,2,3,2,3,3,3,4,3,4,3,4,4.5,4.5,5.2,2.25,2.75,2.6,2.8,2.6,3.3333333333333335,3.6666666666666665,-0.3333333333333333,-0.3333333333333333
S1-0007,Similar-product,2,27,Female,7,5,4,4,4,3,4,4,6,6,2,3,1,6,6,6,3,3,4,5,5,5,4,4,5,4,4,5,6,5,4,4,3,3,4,4,3,5,4,4,3,2,2,2,3,3,4,5,4,4,5,4,4,3,5,5,3,5,4,3,3,3,3,5,4.25,5.0,3.6,4.0,2.75,3.0,4.2,4.2,3.3333333333333335,3.6666666666666665,-0.3333333333333333,-0.3333333333333333
S1-0008,Unrelated,0,36,Female,6,5,3,4,5,3,4,5,5,4,1,1,3,1,2,1,2,2,3,3,3,2,6,6,5,5,6,5,5,5,6,5,6,7,6,3,2,2,2,2,1,2,1,2,1,1,1,6,2,2,2,3,1,2,3,2,2,1,5,4,4,4,5,4,5.5,5.25,6.0,2.25,1.5,1.4,2.0,2.0,4.333333333333333,4.333333333333333,-0.3333333333333333,-0.3333333333333333
S1-0009,Superior-alternative,3,18,Male,5,5,5,5,5,3,3,5,4,6,2,1,1,6,6,6,5,7,7,4,3,4,6,5,6,6,4,3,5,6,2,2,1,2,2,6,5,7,6,6,6,6,6,4,4,4,5,3,2,3,3,2,2,5,5,4,3,4,4,4,3,2,3,3,5.75,4.5,1.8,6.0,6.0,4.4,2.4,4.2,3.6666666666666665,2.6666666666666665,-0.3333333333333333,1.0
S1-0010,Similar-product,2,35,Female,5,5,4,5,3,4,7,5,5,4,2,2,2,5,7,5,2,3,3,5,4,4,3,4,4,4,5,4,4,5,3,4,3,3,3,4,4,5,6,5,5,5,4,4,3,4,5,3,4,4,3,5,4,4,3,4,4,5,5,6,4,3,3,2,3.75,4.5,3.2,4.75,4.75,4.2,4.0,4.0,5.0,2.6666666666666665,-0.3333333333333333,-0.3333333333333333
S1-0011,Unrelated,0,29,Nonbinary/Other,4,4,4,5,5,2,4,3,4,5,2,1,2,2,2,1,1,2,1,2,2,1,6,6,6,6,6,5,5,5,6,6,6,5,5,3,2,3,3,3,2,2,3,2,3,3,2,5,2,3,1,2,2,3,3,2,3,2,4,4,5,4,3,5,6.0,5.25,5.6,2.75,2.5,2.6,2.0,2.6,4.333333333333333,4.0,-0.3333333333333333,-0.3333333333333333
S1-0012,Similar-product,2,23,Female,5,4,4,7,4,3,5,4,4,5,2,3,3,6,6,6,3,3,3,4,4,4,4,3,3,3,4,3,3,5,3,4,4,5,4,4,3,4,3,4,4,5,4,3,2,2,2,5,3,5,4,5,5,4,4,4,4,4,5,4,4,3,3,4,3.25,3.75,4.0,3.5,4.25,2.4,4.4,4.0,4.333333333333333,3.3333333333333335,-0.3333333333333333,-0.3333333333333333
S1-0013,Same-product,1,24,Male,7,4,5,4,5,3,4,4,3,5,6,5,6,7,7,7,3,3,3,5,6,6,4,4,5,5,4,5,5,5,4,5,5,4,4,4,3,4,4,2,2,3,3,4,3,3,3,4,4,3,4,4,3,5,4,4,5,4,5,4,5,3,2,3,4.5,4.75,4.4,3.75,2.5,3.4,3.6,4.4,4.666666666666667,2.6666666666666665,1.0,-0.3333333333333333
S1-0014,Same-product,1,18,Female,5,4,5,4,5,4,5,4,4,5,5,5,6,7,6,7,1,2,1,7,7,6,3,3,3,3,4,4,3,4,4,4,5,4,5,3,3,3,4,2,3,3,2,3,2,2,2,5,5,5,5,5,6,6,5,6,6,5,5,5,5,3,4,4,3.0,3.75,4.4,3.25,2.5,2.4,5.2,5.6,5.0,3.6666666666666665,1.0,-0.3333333333333333
S1-0015,Similar-product,2,31,Male,5,6,4,6,3,2,7,5,6,4,2,2,1,6,6,6,3,3,3,3,3,3,6,5,5,5,4,5,4,5,6,6,5,6,6,3,4,3,3,4,3,4,4,3,4,2,3,5,2,2,2,2,3,4,3,4,4,3,5,5,5,4,4,3,5.25,4.5,5.8,3.25,3.75,3.0,2.2,3.6,5.0,3.6666666666666665,-0.3333333333333333,-0.3333333333333333
S1-0016,Superior-alternative,3,27,Female,4,5,3,5,2,2,5,4,5,4,2,1,2,6,7,6,5,5,6,5,4,4,6,6,6,5,5,5,5,5,4,4,4,4,4,5,6,5,6,5,4,5,5,5,4,4,4,3,5,4,4,4,5,5,4,5,5,5,6,5,5,3,4,3,5.75,5.0,4.0,5.5,4.75,4.4,4.4,4.8,5.333333333333333,3.3333333333333335,-0.3333333333333333,1.0
S1-0017,Superior-alternative,3,28,Female,5,6,3,4,6,3,5,3,5,5,2,2,3,5,5,6,6,7,7,5,5,5,4,4,5,3,5,2,4,4,3,3,3,4,4,5,4,5,4,4,6,5,5,4,5,5,6,1,3,3,3,3,3,2,2,2,3,2,6,4,5,3,4,4,4.0,3.75,3.4,4.5,5.0,5.4,3.0,2.2,5.0,3.6666666666666665,-0.3333333333333333,1.0
S1-0018,Unrelated,0,33,Female,5,5,4,6,6,3,3,5,4,5,3,2,2,2,2,2,2,2,3,2,3,3,5,6,4,4,5,4,4,4,5,5,6,5,7,3,2,3,2,4,2,2,1,2,2,2,1,7,3,4,3,3,4,3,2,3,3,3,2,3,2,4,5,4,4.75,4.25,5.6,2.5,2.25,1.6,3.4,2.8,2.3333333333333335,4.333333333333333,-0.3333333333333333,-0.3333333333333333
S1-0019,Unrelated,0,33,Female,5,5,3,7,4,2,6,3,5,3,2,1,2,2,1,2,3,2,2,3,2,2,5,5,6,4,5,6,6,6,6,7,6,6,7,2,2,2,1,2,2,2,3,3,1,3,1,6,2,2,2,2,2,3,3,2,2,3,3,2,3,4,3,3,5.0,5.75,6.4,1.75,2.25,2.0,2.0,2.6,2.6666666666666665,3.3333333333333335,-0.3333333333333333,-0.3333333333333333
S1-0020,Similar-product,2,39,Female,6,6,3,3,4,3,5,5,5,5,2,3,1,7,6,6,4,3,4,4,5,4,5,5,4,5,5,5,3,4,3,4,4,4,3,4,4,3,3,3,4,4,4,3,3,2,2,5,4,3,3,4,4,4,4,3,2,3,4,5,4,4,3,4,4.75,4.25,3.6,3.5,3.75,2.6,3.6,3.2,4.333333333333333,3.6666666666666665,-0.3333333333333333,-0.3333333333333333
S1-0021,Same-product,1,35,Male,4,4,3,4,4,2,5,4,7,4,6,6,6,6,6,6,2,2,2,6,6,6,5,6,4,5,4,5,4,3,3,5,4,4,4,3,4,4,3,2,3,3,3,1,1,3,2,6,5,5,5,5,5,5,5,5,5,5,6,5,4,2,3,1,5.0,4.0,4.0,3.5,2.75,1.8,5.0,5.0,5.0,2.0,1.0,-0.3333333333333333
S1-0022,Superior-alternative,3,25,Female,5,6,2,3,5,3,6,3,4,6,2,1,2,7,5,6,5,5,5,4,4,5,5,5,5,5,4,5,4,6,4,3,3,4,4,4,4,5,5,5,4,5,6,5,4,5,5,3,4,4,4,4,4,6,6,6,5,5,4,5,5,4,4,4,5.0,4.75,3.6,4.5,5.0,4.8,4.0,5.6,4.666666666666667,4.0,-0.3333333333333333,1.0
S1-0023,Unrelated,0,24,Female,5,5,2,3,5,3,5,6,5,6,2,1,2,2,2,2,1,2,2,2,2,2,5,5,6,5,5,6,5,6,5,6,5,5,6,2,3,2,3,2,3,3,2,2,2,2,2,6,2,2,2,2,3,2,2,2,2,2,3,2,3,4,4,4,5.25,5.5,5.4,2.5,2.5,2.0,2.2,2.0,2.6666666666666665,4.0,-0.3333333333333333,-0.3333333333333333
S1-0024,Superior-alternative,3,41,Male,5,4,4,3,2,3,6,6,4,5,3,2,1,5,6,6,5,5,6,4,4,3,4,5,5,5,4,3,3,4,2,4,3,2,3,4,6,5,5,5,5,5,5,5,5,5,6,3,5,4,4,3,4,3,4,5,4,5,5,5,4,3,4,3,4.75,3.5,2.8,5.0,5.0,5.2,4.0,4.2,4.666666666666667,3.3333333333333335,-0.3333333333333333,1.0
S1-0025,Superior-alternative,3,31,Female,4,6,1,4,6,4,4,6,5,5,2,2,2,4,5,6,5,6,7,3,5,4,5,6,5,5,4,4,5,5,2,2,2,2,2,5,6,6,7,6,5,6,5,4,5,5,5,2,5,4,4,4,5,5,5,6,5,5,3,5,5,3,2,2,5.25,4.5,2.0,6.0,5.5,5.0,4.4,5.2,4.333333333333333,2.3333333333333335,-0.3333333333333333,1.0
S1-0026,Superior-alternative,3,36,Male,7,5,2,3,7,1,6,4,6,5,2,1,1,6,6,6,5,6,6,4,4,3,4,4,4,4,5,5,4,5,3,3,3,4,3,5,4,5,5,4,5,5,5,6,5,5,5,3,4,3,4,3,2,3,4,3,3,3,6,6,5,4,4,4,4.0,4.75,3.2,4.75,4.75,5.2,3.2,3.2,5.666666666666667,4.0,-0.3333333333333333,1.0
S1-0027,Unrelated,0,21,Male,6,5,4,5,4,3,7,6,5,6,2,1,2,1,1,1,2,1,1,2,2,1,6,5,5,5,5,4,5,4,5,6,5,6,7,3,2,2,2,3,2,3,3,3,2,1,2,6,3,3,3,2,3,4,3,3,4,3,5,4,4,4,5,4,5.25,4.5,5.8,2.25,2.75,2.0,2.8,3.4,4.333333333333333,4.333333333333333,-0.3333333333333333,-0.3333333333333333
S1-0028,Superior-alternative,3,28,Female,6,5,1,4,5,2,3,3,5,4,1,1,1,4,5,5,6,6,6,3,4,4,3,3,2,3,3,3,3,3,3,3,2,3,5,5,4,4,5,5,5,5,5,4,5,6,6,3,4,4,4,5,5,3,2,3,4,4,4,5,5,3,2,2,2.75,3.0,3.2,4.5,5.0,5.2,4.4,3.2,4.666666666666667,2.3333333333333335,-0.3333333333333333,1.0
S1-0029,Similar-product,2,38,Female,6,5,4,6,4,3,7,6,5,4,2,3,1,7,7,6,3,4,4,4,4,5,3,3,3,5,3,4,3,4,4,5,4,5,5,3,4,3,3,3,3,3,2,4,3,3,2,4,5,5,4,5,5,5,4,4,4,4,5,4,3,4,5,4,3.5,3.5,4.6,3.25,2.75,3.2,4.8,4.2,4.0,4.333333333333333,-0.3333333333333333,-0.3333333333333333
S1-0030,Superior-alternative,3,19,Male,6,3,5,5,3,1,5,3,5,4,2,2,2,6,6,6,5,6,6,5,4,4,4,4,5,5,3,5,4,4,4,4,4,2,3,4,5,5,5,4,4,5,4,4,3,4,4,3,4,4,4,4,5,4,4,4,5,5,4,4,4,3,3,3,4.5,4.0,3.4,4.75,4.25,4.0,4.2,4.4,4.0,3.0,-0.3333333333333333,1.0
S1-0031,Similar-product,2,38,Male,5,5,5,7,5,2,4,5,3,5,2,2,2,5,6,5,3,3,3,4,4,4,5,4,4,4,4,4,3,3,3,4,5,4,3,4,4,4,2,4,4,4,4,3,3,3,3,6,4,5,5,4,5,4,3,4,3,4,5,5,6,2,3,4,4.25,3.5,3.8,3.5,4.0,2.8,4.6,3.6,5.333333333333333,3.0,-0.3333333333333333,-0.3333333333333333
S1-0032,Superior-alternative,3,25,Male,6,7,3,5,6,4,6,3,6,6,2,2,1,5,5,6,6,6,6,4,5,5,5,6,5,5,4,5,5,4,2,2,2,2,3,5,4,5,5,4,5,4,6,3,3,5,4,4,4,4,4,3,3,4,3,4,4,4,6,6,5,3,4,3,5.25,4.5,2.2,4.75,4.75,3.8,3.6,3.8,5.666666666666667,3.3333333333333335,-0.3333333333333333,1.0
S1-0033,Similar-product,2,32,Female,6,7,4,4,3,1,4,4,5,4,1,1,1,5,6,6,3,3,3,5,4,4,4,4,4,4,4,4,6,5,4,3,4,3,4,5,6,4,4,4,4,3,4,3,4,4,4,5,4,3,4,4,3,2,4,4,3,4,5,6,4,4,4,4,4.0,4.75,3.6,4.75,3.75,3.6,3.6,3.4,5.0,4.0,-0.3333333333333333,-0.3333333333333333
S1-0034,Unrelated,0,32,Male,6,6,4,4,3,2,4,6,5,6,2,1,2,3,2,2,3,3,3,2,2,2,4,4,3,4,5,5,5,5,5,5,6,5,5,3,4,3,3,3,2,2,2,3,2,2,3,4,3,3,3,3,2,2,2,2,2,2,4,4,5,6,5,6,3.75,5.0,5.2,3.25,2.25,2.8,2.8,2.0,4.333333333333333,5.666666666666667,-0.3333333333333333,-0.3333333333333333
S1-0035,Similar-product,2,24,Female,5,5,3,5,5,2,6,3,2,5,1,2,1,6,6,6,4,4,3,5,5,5,4,4,4,5,5,4,5,4,4,5,4,3,4,4,4,4,4,3,3,4,3,3,3,3,4,5,4,5,3,5,5,4,4,4,5,4,3,4,4,3,3,4,4.25,4.5,4.0,4.0,3.25,3.2,4.4,4.2,3.6666666666666665,3.3333333333333335,-0.3333333333333333,-0.3333333333333333
S1-0036,Unrelated,0,42,Female,5,6,4,5,4,3,5,6,4,4,2,2,2,2,1,2,3,3,3,3,3,3,5,6,5,5,4,6,5,5,5,6,7,6,7,2,3,3,2,1,2,2,1,2,2,1,2,7,1,1,1,2,1,3,3,2,2,3,4,2,2,3,5,4,5.25,5.0,6.2,2.5,1.5,1.6,1.2,2.6,2.6666666666666665,4.0,-0.3333333333333333,-0.3333333333333333
S1-0037,Similar-product,2,19,Female,7,6,3,5,6,4,4,2,5,4,2,2,2,6,6,6,4,3,3,3,4,3,5,3,4,4,3,3,4,4,4,5,4,4,5,4,3,3,4,3,2,4,2,4,4,3,3,5,4,3,5,5,3,4,4,3,4,4,5,6,6,3,4,4,4.0,3.5,4.4,3.5,2.75,3.4,4.0,3.8,5.666666666666667,3.6666666666666665,-0.3333333333333333,-0.3333333333333333
S1-0038,Similar-product,2,33,Male,5,4,3,4,3,2,4,4,4,7,1,1,2,5,6,6,3,4,4,4,3,4,4,3,3,5,3,3,4,5,4,4,4,4,4,3,3,3,2,2,4,3,3,3,4,3,3,4,5,4,3,4,4,5,5,4,5,4,6,6,5,4,4,3,3.75,3.75,4.0,2.75,3.0,3.4,4.0,4.6,5.666666666666667,3.6666666666666665,-0.3333333333333333,-0.3333333333333333
S1-0039,Unrelated,0,34,Male,5,4,5,3,3,3,5,4,5,5,1,2,1,2,3,3,2,1,1,2,3,2,5,5,6,6,5,6,5,6,4,5,4,4,4,4,2,3,3,3,3,4,4,3,3,3,3,4,2,2,3,1,1,3,3,3,4,3,2,3,3,3,3,4,5.5,5.5,4.2,3.0,3.5,3.2,1.8,3.2,2.6666666666666665,3.3333333333333335,-0.3333333333333333,-0.3333333333333333
S1-0040,Similar-product,2,31,Female,5,4,1,5,5,2,6,5,7,7,3,2,3,5,5,5,4,4,4,3,4,3,5,5,5,4,6,4,6,4,5,4,4,5,5,4,3,4,3,3,2,3,4,3,2,3,2,6,3,3,4,3,2,4,4,4,5,4,6,4,4,3,2,3,4.75,5.0,4.6,3.5,3.0,2.4,3.0,4.2,4.666666666666667,2.6666666666666665,-0.3333333333333333,-0.3333333333333333
S1-0041,Same-product,1,45,Female,5,5,3,5,5,2,4,4,5,5,6,6,5,7,7,6,2,2,2,6,6,6,5,4,4,4,3,4,3,3,4,5,4,4,5,3,3,4,4,3,3,3,4,3,3,3,3,5,3,4,4,4,3,5,5,6,5,6,5,5,5,2,1,1,4.25,3.25,4.4,3.5,3.25,3.0,3.6,5.4,5.0,1.3333333333333333,1.0,-0.3333333333333333
S1-0042,Superior-alternative,3,37,Male,5,6,3,5,5,3,5,5,6,4,2,2,3,5,6,5,6,5,6,4,4,4,5,3,4,4,4,5,5,4,4,3,4,3,3,4,6,4,5,3,5,3,4,4,5,3,3,4,3,4,3,2,2,3,4,4,5,4,4,4,4,4,4,3,4.0,4.5,3.4,4.75,3.75,3.8,2.8,4.0,4.0,3.6666666666666665,-0.3333333333333333,1.0
S1-0043,Similar-product,2,39,Male,5,6,3,4,3,3,5,6,5,5,2,2,3,6,5,7,3,4,4,4,4,3,3,5,5,5,4,5,4,4,4,2,3,4,4,4,5,4,5,4,4,4,4,4,4,5,4,4,5,3,4,4,4,4,5,6,5,4,4,4,4,3,4,5,4.5,4.25,3.4,4.5,4.0,4.2,4.0,4.8,4.0,4.0,-0.3333333333333333,-0.3333333333333333
S1-0044,Superior-alternative,3,18,Female,5,7,3,3,6,3,5,4,5,3,2,1,1,6,6,7,5,5,5,3,4,4,4,4,4,5,6,5,5,5,3,4,3,3,2,5,4,4,4,5,5,5,5,4,5,5,4,2,3,5,4,5,4,5,5,5,5,5,6,5,6,3,2,3,4.25,5.25,3.0,4.25,5.0,4.8,4.2,5.0,5.666666666666667,2.6666666666666665,-0.3333333333333333,1.0
S1-0045,Similar-product,2,34,Male,4,5,4,5,5,4,3,4,3,4,2,1,2,5,5,6,3,4,3,4,4,4,5,6,4,5,5,4,5,5,4,5,5,4,4,4,5,4,4,4,3,3,3,2,3,5,4,4,3,3,3,3,3,3,3,3,4,3,5,5,4,3,4,4,5.0,4.75,4.4,4.25,3.25,3.6,3.0,3.2,4.666666666666667,3.6666666666666665,-0.3333333333333333,-0.3333333333333333
S1-0046,Unrelated,0,37,Female,7,5,5,4,6,5,4,4,4,5,1,1,2,3,2,3,2,2,1,2,2,1,7,6,6,6,6,6,7,6,3,4,4,3,3,2,2,2,4,3,3,3,4,3,1,2,2,6,2,2,1,1,1,3,3,3,3,2,3,3,3,4,4,5,6.25,6.25,3.4,2.5,3.25,2.0,1.4,2.8,3.0,4.333333333333333,-0.3333333333333333,-0.3333333333333333
S1-0047,Unrelated,0,44,Male,3,6,4,2,4,1,6,6,4,5,2,2,1,2,2,2,1,2,2,3,3,3,5,5,5,5,4,5,5,5,6,5,4,5,4,4,2,3,2,2,2,1,2,3,2,4,3,6,3,2,2,3,2,2,3,1,1,1,4,4,4,5,5,5,5.0,4.75,4.8,2.75,1.75,2.8,2.4,1.6,4.0,5.0,-0.3333333333333333,-0.3333333333333333
S1-0048,Unrelated,0,25,Male,5,5,4,3,5,5,4,5,5,4,2,2,2,2,2,1,2,1,2,1,2,2,6,6,5,5,5,4,4,5,4,4,4,4,5,1,3,3,2,1,2,1,1,2,2,2,2,6,3,3,4,4,3,3,4,3,2,2,3,2,2,3,4,3,5.5,4.5,4.2,2.25,1.25,2.0,3.4,2.8,2.3333333333333335,3.3333333333333335,-0.3333333333333333,-0.3333333333333333
S1-0049,Unrelated,0,31,Female,5,6,3,5,4,1,5,4,3,5,1,1,2,1,1,2,2,3,2,2,2,2,6,6,6,7,6,6,6,6,5,6,6,6,7,2,2,3,2,3,1,1,2,2,3,1,2,6,2,1,1,3,1,3,2,2,2,2,3,3,3,5,4,4,6.25,6.0,6.0,2.25,1.75,2.0,1.6,2.2,3.0,4.333333333333333,-0.3333333333333333,-0.3333333333333333
S1-0050,Same-product,1,41,Male,6,6,1,5,4,3,3,7,4,6,5,5,6,6,6,6,3,2,3,6,6,7,4,3,4,4,3,5,4,4,4,5,5,5,6,2,3,2,2,1,3,2,2,1,1,2,1,7,4,5,5,5,4,6,6,5,7,5,5,5,5,2,3,3,3.75,4.0,5.0,2.25,2.0,1.2,4.6,5.8,5.0,2.6666666666666665,1.0,-0.3333333333333333
S1-0051,Similar-product,2,33,Nonbinary/Other,6,5,3,6,6,4,6,6,3,5,1,1,1,5,5,5,4,4,3,4,4,4,5,4,5,5,5,5,5,5,5,3,5,4,4,3,3,2,3,2,2,3,3,3,3,3,2,4,4,4,3,5,4,6,5,5,6,6,5,5,6,3,3,2,4.75,5.0,4.2,2.75,2.5,3.0,4.0,5.6,5.333333333333333,2.6666666666666665,-0.3333333333333333,-0.3333333333333333
S1-0052,Similar-product,2,28,Male,6,5,1,3,4,1,4,4,4,6,2,1,2,5,6,7,3,3,3,4,4,5,3,4,3,4,3,5,3,3,4,4,5,6,6,3,4,2,3,3,2,3,3,2,2,3,2,6,4,4,4,4,5,4,5,4,4,5,5,5,5,5,4,4,3.5,3.5,5.0,3.0,2.75,2.2,4.2,4.4,5.0,4.333333333333333,-0.3333333333333333,-0.3333333333333333
S1-0053,Same-product,1,21,Female,5,6,2,3,4,4,5,3,3,6,6,6,7,6,5,7,3,2,2,5,5,5,4,5,4,5,4,5,3,4,5,6,5,6,6,1,2,1,2,1,2,2,2,3,2,3,2,6,6,5,5,5,5,5,5,5,6,5,5,4,4,2,3,1,4.5,4.0,5.6,1.5,1.75,2.4,5.2,5.2,4.333333333333333,2.0,1.0,-0.3333333333333333
S1-0054,Similar-product,2,19,Female,5,6,4,5,5,4,5,3,5,6,1,1,2,5,5,5,4,4,4,3,4,3,4,4,5,5,5,4,5,4,4,4,4,4,4,3,3,4,3,3,3,4,3,3,3,1,2,6,3,4,3,3,4,4,4,4,4,4,6,4,4,3,3,3,4.5,4.5,4.0,3.25,3.25,2.2,3.4,4.0,4.666666666666667,3.0,-0.3333333333333333,-0.3333333333333333
S1-0055,Unrelated,0,18,Male,4,7,3,3,7,3,3,5,4,5,2,2,2,2,3,2,2,2,2,2,2,2,5,5,5,7,6,6,6,5,6,6,5,6,5,2,2,3,2,1,2,1,2,1,1,2,2,6,3,3,2,2,2,4,4,4,4,3,5,5,5,5,5,4,5.5,5.75,5.6,2.25,1.5,1.6,2.4,3.8,5.0,4.666666666666667,-0.3333333333333333,-0.3333333333333333
S1-0056,Same-product,1,31,Male,5,4,2,5,3,6,5,5,7,4,5,6,6,5,6,6,4,3,3,5,6,5,3,3,3,5,4,3,4,3,4,4,4,6,4,3,3,3,3,4,4,4,4,2,3,3,2,6,5,4,5,4,5,5,5,5,6,5,5,5,4,2,2,2,3.5,3.5,4.4,3.0,4.0,2.4,4.6,5.2,4.666666666666667,2.0,1.0,-0.3333333333333333
S1-0057,Same-product,1,23,Female,5,6,3,6,4,2,7,3,4,4,6,7,7,6,5,6,3,3,3,6,5,5,4,4,4,5,4,4,4,5,5,5,5,6,5,3,3,2,3,3,3,3,3,3,3,3,3,5,4,5,4,4,4,5,5,5,5,5,6,7,6,3,2,3,4.25,4.25,5.2,2.75,3.0,3.0,4.2,5.0,6.333333333333333,2.6666666666666665,1.0,-0.3333333333333333
S1-0058,Same-product,1,53,Female,6,4,3,5,4,4,4,2,3,5,4,6,5,6,6,6,2,3,2,7,6,6,3,4,3,3,3,4,2,4,6,5,5,6,5,2,3,2,2,3,3,3,2,2,1,2,2,6,5,4,4,5,5,5,5,5,5,5,5,5,5,4,3,3,3.25,3.25,5.4,2.25,2.75,1.8,4.6,5.0,5.0,3.3333333333333335,1.0,-0.3333333333333333
S1-0059,Similar-product,2,38,Male,5,7,4,5,4,4,3,3,4,6,2,2,2,5,5,5,3,3,3,4,5,5,4,3,4,3,5,5,5,4,3,4,3,3,4,3,4,4,4,4,3,3,3,3,3,3,2,5,3,3,3,3,3,4,2,2,3,3,4,5,4,3,4,4,3.5,4.75,3.4,3.75,3.25,2.8,3.0,2.8,4.333333333333333,3.6666666666666665,-0.3333333333333333,-0.3333333333333333
S1-0060,Same-product,1,18,Male,6,5,3,6,4,3,7,3,6,5,5,6,6,6,6,6,4,3,2,5,5,6,4,3,4,3,4,4,4,3,5,5,5,5,7,4,2,3,2,3,3,3,3,3,3,2,3,5,4,3,4,4,5,6,6,7,6,6,4,5,4,3,2,3,3.5,3.75,5.4,2.75,3.0,2.8,4.0,6.2,4.333333333333333,2.6666666666666665,1.0,-0.3333333333333333
S1-0061,Unrelated,0,23,Female,4,5,4,7,5,3,6,4,6,4,2,2,1,2,2,2,2,2,2,3,2,3,6,5,5,5,5,5,6,5,5,6,6,6,5,2,2,2,2,3,2,1,3,2,2,2,2,6,1,1,2,1,1,3,3,2,3,2,5,4,3,5,4,4,5.25,5.25,5.6,2.0,2.25,2.0,1.2,2.6,4.0,4.333333333333333,-0.3333333333333333,-0.3333333333333333
S1-0062,Superior-alternative,3,31,Male,6,4,5,4,6,3,6,3,4,2,2,2,2,6,6,6,4,5,6,3,3,5,5,5,6,5,5,5,4,4,3,3,3,2,2,5,6,6,6,4,5,5,5,6,4,4,6,2,4,3,4,3,4,4,3,3,4,3,5,4,5,3,3,3,5.25,4.5,2.6,5.75,4.75,5.2,3.6,3.4,4.666666666666667,3.0,-0.3333333333333333,1.0
S1-0063,Superior-alternative,3,33,Female,5,4,2,4,4,3,7,7,6,4,3,3,1,6,6,7,5,6,6,4,4,5,4,4,5,6,2,3,3,4,4,3,4,5,4,4,5,5,3,4,4,4,5,3,4,4,5,4,5,5,5,5,5,2,4,3,4,3,6,5,5,3,2,4,4.75,3.0,4.0,4.25,4.25,4.0,5.0,3.2,5.333333333333333,3.0,-0.3333333333333333,1.0
S1-0064,Similar-product,2,20,Male,5,4,5,3,4,2,6,4,5,4,2,2,3,5,6,6,3,4,3,4,4,4,5,5,3,5,5,5,5,4,4,4,4,4,6,4,3,3,3,3,3,3,3,2,3,3,3,5,3,4,2,2,2,4,3,4,3,3,5,5,6,4,4,5,4.5,4.75,4.4,3.25,3.0,2.8,2.6,3.4,5.333333333333333,4.333333333333333,-0.3333333333333333,-0.3333333333333333
S1-0065,Unrelated,0,34,Female,5,5,4,6,5,3,5,6,5,5,1,1,2,2,2,2,3,2,2,2,3,3,6,4,5,5,5,6,5,4,5,5,5,5,6,2,2,3,2,1,3,3,1,1,2,3,2,7,3,4,4,4,4,3,3,3,3,5,3,4,5,4,5,5,5.0,5.0,5.2,2.25,2.0,1.8,3.8,3.4,4.0,4.666666666666667,-0.3333333333333333,-0.3333333333333333
S1-0066,Unrelated,0,31,Nonbinary/Other,5,4,5,6,4,4,4,6,5,5,2,2,1,2,1,2,1,1,1,3,2,3,4,6,4,4,5,5,5,4,6,5,7,6,6,3,3,3,3,2,3,2,1,2,2,2,2,5,2,3,4,3,2,2,2,2,1,1,4,5,4,4,4,4,4.5,4.75,6.0,3.0,2.0,2.2,2.8,1.6,4.333333333333333,4.0,-0.3333333333333333,-0.3333333333333333
S1-0067,Same-product,1,39,Male,5,6,3,7,5,3,6,4,4,6,6,5,6,5,6,6,3,2,2,5,6,5,4,3,2,4,3,3,2,3,5,4,5,5,5,3,2,2,2,1,3,3,3,2,2,3,2,6,5,5,6,5,5,5,6,5,7,6,4,4,5,2,3,2,3.25,2.75,4.8,2.25,2.5,2.2,5.2,5.8,4.333333333333333,2.3333333333333335,1.0,-0.3333333333333333
S1-0068,Superior-alternative,3,22,Male,6,6,3,6,6,1,5,3,6,5,1,3,2,6,6,7,5,6,6,4,4,4,4,3,4,3,4,5,5,4,4,5,3,5,4,5,4,4,5,4,4,5,4,3,4,4,4,5,5,5,4,5,5,5,5,5,5,5,4,4,5,3,2,4,3.5,4.5,4.2,4.5,4.25,3.6,4.8,5.0,4.333333333333333,3.0,-0.3333333333333333,1.0
S1-0069,Similar-product,2,31,Male,4,5,2,7,6,1,6,4,4,5,2,2,2,6,5,6,3,3,3,4,4,4,5,5,4,3,5,3,4,4,4,4,4,4,4,4,5,4,4,3,3,3,3,3,3,3,4,5,2,3,3,3,3,4,4,4,4,4,4,4,5,5,3,4,4.25,4.0,4.0,4.25,3.0,3.2,2.8,4.0,4.333333333333333,4.0,-0.3333333333333333,-0.3333333333333333
S1-0070,Similar-product,2,27,Female,5,6,4,3,5,5,4,3,4,6,3,3,3,6,6,6,3,3,3,5,4,5,5,5,4,6,5,5,4,4,4,4,3,3,3,4,4,5,4,3,5,4,5,4,3,4,3,4,4,3,4,3,3,4,4,5,5,3,5,5,6,4,5,4,5.0,4.5,3.4,4.25,4.25,3.6,3.4,4.2,5.333333333333333,4.333333333333333,-0.3333333333333333,-0.3333333333333333
S1-0071,Similar-product,2,31,Male,5,7,4,3,5,4,4,3,4,4,2,3,3,5,5,6,4,4,4,4,4,5,6,6,6,5,5,4,5,5,3,4,5,5,4,4,5,4,5,3,3,3,4,3,4,3,3,5,3,3,5,4,4,3,4,4,4,3,5,3,4,3,3,4,5.75,4.75,4.2,4.5,3.25,3.2,3.8,3.6,4.0,3.3333333333333335,-0.3333333333333333,-0.3333333333333333
S1-0072,Unrelated,0,38,Male,7,5,3,6,5,4,5,4,3,3,2,2,1,2,1,2,1,1,2,2,2,2,5,6,6,6,6,6,5,6,6,7,6,6,6,3,3,3,2,2,3,2,3,2,2,2,3,5,3,2,2,2,2,3,2,2,2,1,3,4,3,6,5,5,5.75,5.75,6.2,2.75,2.5,2.4,2.2,2.0,3.3333333333333335,5.333333333333333,-0.3333333333333333,-0.3333333333333333
S1-0073,Similar-product,2,32,Female,6,5,3,6,4,2,4,4,4,6,2,2,2,5,5,5,4,4,4,4,5,5,5,4,4,4,5,3,4,5,6,5,4,5,5,3,3,2,3,2,2,3,2,2,3,3,2,5,4,4,4,4,3,4,2,4,4,3,6,5,6,3,2,2,4.25,4.25,5.0,2.75,2.25,2.6,3.8,3.4,5.666666666666667,2.3333333333333335,-0.3333333333333333,-0.3333333333333333
S1-0074,Unrelated,0,37,Male,6,6,4,3,5,2,6,5,4,5,2,2,2,3,4,3,2,3,2,2,1,2,6,6,7,6,5,5,4,6,5,5,5,5,5,2,2,3,2,3,2,2,2,2,3,1,1,6,2,2,2,2,3,4,2,3,3,2,4,5,4,6,3,5,6.25,5.0,5.0,2.25,2.25,1.8,2.2,2.8,4.333333333333333,4.666666666666667,-0.3333333333333333,-0.3333333333333333
S1-0075,Similar-product,2,35,Male,5,5,5,5,3,1,3,7,6,6,2,1,2,5,5,6,3,3,4,4,4,4,5,4,4,4,5,5,4,3,7,6,6,6,7,4,3,3,3,3,2,4,3,3,3,2,3,6,4,3,4,4,4,5,4,4,3,5,5,4,5,4,4,5,4.25,4.25,6.4,3.25,3.0,2.6,3.8,4.2,4.666666666666667,4.333333333333333,-0.3333333333333333,-0.3333333333333333
S1-0076,Similar-product,2,21,Male,4,6,3,5,4,2,6,6,4,5,2,2,2,5,5,5,4,3,3,4,4,4,6,4,5,4,4,4,5,4,5,6,5,5,6,3,4,3,2,3,2,2,4,2,2,2,2,6,3,3,2,3,3,3,4,4,5,4,4,4,4,4,4,4,4.75,4.25,5.4,3.0,2.75,2.0,2.8,4.0,4.0,4.0,-0.3333333333333333,-0.3333333333333333
S1-0077,Same-product,1,21,Male,6,6,2,7,3,4,4,7,5,5,5,4,5,6,6,6,2,2,2,5,5,5,3,4,5,4,4,5,4,4,7,5,4,5,6,2,2,2,3,3,3,2,2,1,2,2,3,6,3,5,5,4,5,5,5,4,7,6,5,5,5,3,3,2,4.0,4.25,5.4,2.25,2.5,2.0,4.4,5.4,5.0,2.6666666666666665,1.0,-0.3333333333333333
S1-0078,Similar-product,2,26,Male,6,4,5,6,4,3,4,3,4,5,3,2,2,5,5,6,5,4,4,5,5,5,3,4,3,4,5,3,4,4,4,4,3,4,4,4,4,5,4,4,5,4,4,3,4,4,3,6,4,4,4,4,5,4,4,3,4,4,5,4,5,5,4,3,3.5,4.0,3.8,4.25,4.25,3.2,4.2,3.8,4.666666666666667,4.0,-0.3333333333333333,-0.3333333333333333
S1-0079,Same-product,1,42,Female,5,6,4,5,4,3,3,5,5,4,6,6,6,5,5,7,3,2,3,6,6,6,5,3,4,5,4,3,3,3,5,6,4,6,6,3,2,1,1,2,3,3,2,3,3,2,3,6,5,5,5,5,6,7,6,7,7,7,5,6,6,3,3,2,4.25,3.25,5.4,1.75,2.5,2.6,5.2,6.8,5.666666666666667,2.6666666666666665,1.0,-0.3333333333333333
S1-0080,Superior-alternative,3,24,Female,4,4,2,4,2,1,5,3,6,5,2,2,2,6,7,5,5,6,7,5,5,5,5,5,5,4,4,5,4,4,3,3,3,4,3,6,4,6,5,5,5,4,5,6,5,5,5,2,3,2,3,3,2,5,6,6,4,6,5,5,6,3,4,4,4.75,4.25,3.2,5.25,4.75,5.4,2.6,5.4,5.333333333333333,3.6666666666666665,-0.3333333333333333,1.0
S1-0081,Similar-product,2,28,Female,5,7,3,5,3,3,5,4,4,6,1,1,1,6,6,6,3,3,4,4,4,5,4,3,3,3,4,5,5,5,4,4,3,4,4,3,4,3,3,2,2,3,4,3,2,1,1,6,4,4,4,3,3,5,4,4,5,6,6,5,6,4,4,4,3.25,4.75,3.8,3.25,2.75,1.8,3.6,4.8,5.666666666666667,4.0,-0.3333333333333333,-0.3333333333333333
S1-0082,Same-product,1,28,Male,6,6,2,4,3,1,6,6,4,6,5,6,6,6,5,6,3,3,2,5,6,5,3,4,2,3,3,3,4,3,6,7,6,7,7,4,3,2,3,2,3,2,2,2,2,2,3,5,6,5,5,5,6,5,5,5,6,6,3,3,3,5,3,4,3.0,3.25,6.6,3.0,2.25,2.4,5.4,5.4,3.0,4.0,1.0,-0.3333333333333333
S1-0083,Unrelated,0,44,Male,6,4,3,5,7,3,6,5,5,4,1,2,1,3,2,2,1,2,1,2,2,1,6,5,6,5,4,5,5,5,5,6,6,5,5,2,2,2,3,2,2,3,2,2,2,1,2,6,3,3,2,3,2,3,3,2,3,3,4,4,4,5,4,5,5.5,4.75,5.4,2.25,2.25,1.8,2.6,2.8,4.0,4.666666666666667,-0.3333333333333333,-0.3333333333333333
S1-0084,Same-product,1,27,Female,5,6,4,5,5,3,4,5,4,5,4,6,5,5,6,7,2,2,2,5,5,6,2,3,2,3,4,3,3,4,5,5,5,5,5,3,4,3,3,2,2,2,2,2,2,1,3,7,5,5,5,6,5,6,5,6,6,6,5,5,5,3,2,1,2.5,3.5,5.0,3.25,2.0,1.8,5.2,5.8,5.0,2.0,1.0,-0.3333333333333333
S1-0085,Similar-product,2,34,Female,5,7,4,5,5,3,5,5,4,4,1,1,1,6,6,5,5,4,4,5,5,5,5,6,6,5,5,6,5,5,3,4,4,4,4,6,5,5,5,4,5,4,5,4,5,5,5,3,2,3,2,3,2,2,3,2,3,3,5,5,5,4,3,4,5.5,5.25,3.8,5.25,4.5,4.8,2.4,2.6,5.0,3.6666666666666665,-0.3333333333333333,-0.3333333333333333
S1-0086,Superior-alternative,3,30,Male,6,5,4,5,3,3,4,5,4,6,3,2,2,5,6,5,5,5,5,4,4,5,5,4,3,5,4,4,4,4,4,3,3,3,3,5,5,5,6,3,6,6,6,4,3,4,4,3,4,3,5,4,5,4,2,3,4,3,5,5,5,3,3,4,4.25,4.0,3.2,5.25,5.25,4.0,4.2,3.2,5.0,3.3333333333333335,-0.3333333333333333,1.0
S1-0087,Unrelated,0,39,Male,6,6,5,4,4,4,5,5,6,3,1,1,1,3,2,2,2,1,2,2,2,2,4,4,4,4,4,4,4,5,5,6,6,4,6,1,2,2,2,1,2,2,3,1,1,1,1,6,2,3,3,4,3,3,2,3,2,2,4,3,4,6,5,4,4.0,4.25,5.4,1.75,2.0,1.2,3.0,2.4,3.6666666666666665,5.0,-0.3333333333333333,-0.3333333333333333
S1-0088,Same-product,1,18,Female,5,4,2,5,5,4,6,5,4,6,6,6,7,6,7,7,2,3,3,5,6,7,4,4,3,4,4,4,5,3,6,7,6,6,6,3,3,3,2,3,3,3,3,4,4,3,3,6,4,4,4,4,4,6,5,6,6,6,5,6,5,3,2,3,3.75,4.0,6.2,2.75,3.0,3.2,4.0,5.8,5.333333333333333,2.6666666666666665,1.0,-0.3333333333333333
S1-0089,Same-product,1,26,Male,5,5,4,4,6,3,5,4,6,4,6,6,6,6,6,6,1,2,2,6,6,6,5,4,4,5,5,5,5,5,6,5,5,5,5,3,3,3,3,3,3,2,3,3,3,3,4,4,5,4,4,5,4,5,5,5,5,5,6,5,6,3,3,4,4.5,5.0,5.2,3.0,2.75,3.4,4.4,5.0,5.666666666666667,3.3333333333333335,1.0,-0.3333333333333333
S1-0090,Unrelated,0,20,Male,4,5,3,5,3,6,5,3,4,4,2,1,1,2,2,3,1,1,2,4,3,3,4,3,4,3,4,3,4,3,4,4,4,5,4,3,4,3,4,2,2,2,2,2,1,2,3,6,4,4,4,3,3,2,3,3,2,2,3,3,3,5,5,5,3.5,3.5,4.2,3.5,2.0,2.0,3.6,2.4,3.0,5.0,-0.3333333333333333,-0.3333333333333333
S1-0091,Same-product,1,30,Male,7,5,5,1,4,1,4,3,5,5,6,6,5,6,6,5,2,3,2,6,7,6,5,3,4,4,5,5,4,3,6,5,5,5,5,3,2,1,3,3,3,1,3,2,3,2,1,6,4,4,5,4,4,5,6,6,5,5,4,5,5,2,3,2,4.0,4.25,5.2,2.25,2.5,2.0,4.2,5.4,4.666666666666667,2.3333333333333335,1.0,-0.3333333333333333
S1-0092,Superior-alternative,3,27,Male,6,7,4,7,4,3,5,5,6,5,1,1,1,4,5,5,5,6,6,5,4,3,6,6,5,5,5,4,5,5,4,3,3,4,3,5,5,5,4,4,6,5,5,4,4,5,5,3,3,3,3,3,4,6,4,5,4,5,5,5,5,3,4,3,5.5,4.75,3.4,4.75,5.0,4.6,3.2,4.8,5.0,3.3333333333333335,-0.3333333333333333,1.0
S1-0093,Similar-product,2,22,Female,3,6,3,3,4,2,6,5,6,5,2,2,2,6,6,4,4,2,3,4,3,4,3,4,4,3,5,5,4,3,2,4,3,2,3,4,5,5,5,4,4,4,3,3,3,3,3,5,4,5,5,5,5,4,4,4,3,4,6,6,7,4,4,5,3.5,4.25,2.8,4.75,3.75,3.0,4.8,3.8,6.333333333333333,4.333333333333333,-0.3333333333333333,-0.3333333333333333
S1-0094,Similar-product,2,30,Male,6,6,2,5,5,3,4,6,4,4,2,2,1,6,7,6,3,4,2,4,3,4,4,4,4,5,4,4,4,4,4,4,4,4,4,5,4,3,5,4,4,4,5,4,4,3,4,4,4,4,4,4,5,4,5,4,4,5,5,6,5,2,4,4,4.25,4.0,4.0,4.25,4.25,3.8,4.2,4.4,5.333333333333333,3.3333333333333335,-0.3333333333333333,-0.3333333333333333
S1-0095,Unrelated,0,18,Male,6,5,4,5,4,3,7,4,5,3,2,2,1,1,1,2,2,2,2,3,2,3,4,5,5,5,5,5,5,5,5,6,6,6,7,3,2,3,3,4,3,2,3,2,1,1,1,6,3,4,3,2,3,3,5,3,4,5,3,5,4,6,5,6,4.75,5.0,6.0,2.75,3.0,1.4,3.0,4.0,4.0,5.666666666666667,-0.3333333333333333,-0.3333333333333333
S1-0096,Same-product,1,18,Female,6,4,2,5,5,4,4,5,7,7,6,6,7,6,6,7,2,3,2,5,5,6,3,3,4,4,3,4,4,3,4,6,5,6,6,3,3,3,3,3,1,2,2,1,1,1,2,7,4,5,5,4,5,4,4,4,4,4,4,4,5,3,3,3,3.5,3.5,5.4,3.0,2.0,1.2,4.6,4.0,4.333333333333333,3.0,1.0,-0.3333333333333333
S1-0097,Same-product,1,33,Male,7,5,3,6,4,3,5,5,4,6,6,6,5,6,6,6,2,2,2,5,6,6,4,3,4,4,4,3,4,3,3,4,3,4,4,3,3,3,4,3,3,2,3,3,2,3,4,5,5,6,6,6,6,7,6,6,7,7,5,5,5,4,2,3,3.75,3.5,3.6,3.25,2.75,3.0,5.8,6.6,5.0,3.0,1.0,-0.3333333333333333
S1-0098,Same-product,1,18,Female,4,4,3,6,6,5,5,6,3,3,5,6,5,5,6,6,3,2,3,5,6,5,2,3,3,2,2,3,3,3,5,5,5,4,6,3,3,3,3,3,3,4,4,3,3,3,4,4,6,5,6,6,5,7,6,6,6,6,4,4,4,4,3,3,2.5,2.75,5.0,3.0,3.5,3.4,5.6,6.2,4.0,3.3333333333333335,1.0,-0.3333333333333333
S1-0099,Similar-product,2,42,Male,7,4,5,6,2,2,4,4,4,5,2,3,2,6,5,5,3,2,3,4,3,4,4,4,4,4,4,5,4,5,5,5,7,6,6,3,4,3,4,4,3,4,3,3,3,2,4,4,4,2,3,3,3,5,6,5,5,4,6,5,4,3,3,3,4.0,4.5,5.8,3.5,3.5,3.2,3.0,5.0,5.0,3.0,-0.3333333333333333,-0.3333333333333333
S1-0100,Unrelated,0,32,Male,6,3,3,4,5,2,6,4,4,5,1,1,1,2,3,2,2,1,1,2,3,2,5,3,5,5,5,4,5,5,5,6,6,6,7,4,2,2,2,2,2,2,1,3,2,3,2,6,3,4,4,4,2,3,2,4,4,2,3,3,3,5,5,5,4.5,4.75,6.0,2.5,1.75,2.4,3.4,3.0,3.0,5.0,-0.3333333333333333,-0.3333333333333333
S1-0101,Similar-product,2,27,Female,5,5,3,6,4,4,4,4,4,5,1,1,1,6,6,6,4,3,3,3,4,4,4,4,5,4,4,5,5,4,4,4,3,4,4,4,2,4,3,2,3,3,3,2,3,2,2,6,4,4,4,4,5,4,3,4,3,4,5,4,4,3,4,3,4.25,4.5,3.8,3.25,2.75,2.2,4.2,3.6,4.333333333333333,3.3333333333333335,-0.3333333333333333,-0.3333333333333333
S1-0102,Superior-alternative,3,33,Male,5,5,5,5,3,3,5,5,5,5,1,1,1,6,6,6,6,6,6,4,4,4,5,5,5,5,7,5,5,6,2,3,2,2,2,6,5,7,6,6,6,6,7,6,6,6,6,3,3,3,3,4,4,3,4,3,3,4,5,4,7,3,3,5,5.0,5.75,2.2,6.0,6.25,5.8,3.4,3.4,5.333333333333333,3.6666666666666665,-0.3333333333333333,1.0
S1-0103,Same-product,1,23,Female,4,5,5,4,5,3,5,5,4,2,6,6,6,5,6,6,3,3,3,6,5,5,3,4,5,5,5,4,4,4,5,4,4,4,5,3,3,3,3,3,3,2,3,2,2,2,3,5,4,4,4,4,4,6,6,5,5,7,4,4,5,2,3,3,4.25,4.25,4.4,3.0,2.75,2.4,4.0,5.8,4.333333333333333,2.6666666666666665,1.0,-0.3333333333333333
S1-0104,Same-product,1,26,Male,5,6,4,5,4,2,5,5,5,6,5,6,6,5,6,6,3,2,2,6,6,6,4,3,3,4,4,4,3,5,4,4,3,3,4,3,4,3,3,3,3,3,3,4,3,3,3,5,3,2,4,4,4,5,5,5,5,5,5,6,6,2,3,3,3.5,4.0,3.6,3.25,3.0,3.2,3.4,5.0,5.666666666666667,2.6666666666666665,1.0,-0.3333333333333333
S1-0105,Superior-alternative,3,18,Female,4,5,4,4,3,4,6,6,5,5,2,1,2,5,5,5,6,6,7,5,4,5,4,5,4,5,3,4,4,4,3,4,4,4,4,6,5,5,6,4,4,4,4,5,4,3,5,4,3,3,5,4,5,4,3,3,3,4,5,4,4,3,4,4,4.5,3.75,3.8,5.5,4.0,4.2,4.0,3.4,4.333333333333333,3.6666666666666665,-0.3333333333333333,1.0
S1-0106,Same-product,1,31,Female,4,5,3,5,2,4,4,4,3,5,6,6,6,6,7,7,3,2,2,5,5,6,3,5,4,3,3,3,5,3,5,5,4,6,4,3,2,4,3,3,3,2,3,2,2,2,2,7,3,3,3,3,3,4,4,4,4,4,5,5,5,2,3,2,3.75,3.5,4.8,3.0,2.75,1.8,3.0,4.0,5.0,2.3333333333333335,1.0,-0.3333333333333333
S1-0107,Superior-alternative,3,28,Female,5,4,3,6,5,2,5,2,5,7,1,1,1,5,5,5,5,5,6,4,4,5,4,5,4,5,2,4,3,3,2,2,2,3,3,5,5,5,5,4,4,3,4,3,4,4,4,4,4,5,5,4,4,5,5,5,5,6,5,4,6,4,3,3,4.5,3.0,2.4,5.0,3.75,3.8,4.4,5.2,5.0,3.3333333333333335,-0.3333333333333333,1.0
S1-0108,Unrelated,0,27,Female,5,7,2,6,4,3,4,5,5,5,2,1,1,3,2,2,2,1,2,3,3,3,3,5,5,4,4,4,4,3,5,6,7,5,5,1,1,2,1,2,2,2,2,2,2,3,2,6,3,4,3,4,3,2,3,2,3,2,2,2,3,4,4,3,4.25,3.75,5.6,1.25,2.0,2.2,3.4,2.4,2.3333333333333335,3.6666666666666665,-0.3333333333333333,-0.3333333333333333
S1-0109,Superior-alternative,3,32,Female,6,5,4,3,5,3,7,5,3,4,2,2,2,5,5,5,6,6,6,3,4,4,4,4,5,5,5,5,5,5,4,4,4,4,4,6,5,5,5,5,4,4,4,4,4,4,4,3,5,5,3,4,3,4,4,4,4,4,4,4,5,2,3,4,4.5,5.0,4.0,5.25,4.25,4.2,4.0,4.0,4.333333333333333,3.0,-0.3333333333333333,1.0
S1-0110,Unrelated,0,39,Female,5,6,3,5,6,3,3,6,4,5,1,1,1,2,1,2,2,1,2,2,2,2,6,5,6,6,5,7,6,6,5,5,6,6,6,2,3,3,4,2,2,2,1,2,2,2,2,6,3,2,2,2,2,2,3,2,2,2,3,2,4,5,5,5,5.75,6.0,5.6,3.0,1.75,2.0,2.2,2.2,3.0,5.0,-0.3333333333333333,-0.3333333333333333
S1-0111,Superior-alternative,3,28,Male,6,6,2,3,4,5,6,4,3,4,2,2,2,6,5,5,5,7,6,4,4,4,4,4,5,4,3,3,4,3,3,3,4,4,4,4,6,5,5,5,5,5,4,4,5,5,4,4,3,4,4,4,3,4,4,4,4,3,4,4,5,4,4,4,4.25,3.25,3.6,5.0,4.75,4.4,3.6,3.8,4.333333333333333,4.0,-0.3333333333333333,1.0
S1-0112,Superior-alternative,3,18,Female,3,4,1,5,4,4,4,4,4,4,2,2,1,5,5,5,6,5,6,4,4,5,5,5,6,5,4,3,5,5,3,3,3,3,3,6,6,6,6,6,5,6,6,5,6,5,6,1,4,4,3,3,4,3,4,3,4,4,6,6,5,2,3,3,5.25,4.25,3.0,6.0,5.75,5.8,3.6,3.6,5.666666666666667,2.6666666666666665,-0.3333333333333333,1.0
S1-0113,Unrelated,0,19,Female,6,5,2,5,5,2,5,4,5,4,3,3,2,2,2,1,2,3,2,3,2,3,4,5,6,6,5,5,5,5,5,5,5,5,5,3,4,3,3,3,2,2,3,3,3,3,2,6,2,2,3,3,2,3,3,3,1,3,4,3,3,4,4,4,5.25,5.0,5.0,3.25,2.5,2.6,2.4,2.6,3.3333333333333335,4.0,-0.3333333333333333,-0.3333333333333333
S1-0114,Superior-alternative,3,27,Male,4,4,2,4,5,4,3,4,4,4,2,2,2,5,6,6,5,5,5,5,5,5,4,6,4,4,4,4,4,4,3,5,4,4,4,4,5,5,5,4,4,5,4,4,5,5,5,4,4,4,3,3,3,4,4,4,4,3,5,5,4,4,4,3,4.5,4.0,4.0,4.75,4.25,4.6,3.4,3.8,4.666666666666667,3.6666666666666665,-0.3333333333333333,1.0
S1-0115,Similar-product,2,38,Male,6,6,4,3,6,6,7,3,2,6,2,3,2,5,4,5,3,3,3,4,5,4,3,1,2,3,3,3,3,3,4,4,4,5,4,3,3,3,2,3,3,4,4,3,4,3,4,5,5,5,6,4,5,4,4,4,4,4,4,5,5,5,5,5,2.25,3.0,4.2,2.75,3.5,3.4,5.0,4.0,4.666666666666667,5.0,-0.3333333333333333,-0.3333333333333333
S1-0116,Unrelated,0,24,Male,6,6,4,6,4,4,6,3,5,5,2,2,2,2,1,3,1,2,1,1,3,2,5,5,5,4,4,4,5,4,4,5,5,5,5,3,3,4,3,2,3,3,3,2,3,3,2,5,3,3,4,4,4,2,4,4,3,4,4,4,3,4,5,4,4.75,4.25,4.8,3.25,2.75,2.6,3.6,3.4,3.6666666666666665,4.333333333333333,-0.3333333333333333,-0.3333333333333333
S1-0117,Similar-product,2,28,Male,6,7,3,4,4,3,6,5,6,5,2,2,3,5,5,6,3,3,3,4,4,4,4,3,5,5,3,4,4,5,5,4,5,4,5,4,4,4,4,3,3,2,2,2,3,3,4,6,4,4,3,2,4,5,4,4,4,5,4,4,5,4,4,4,4.25,4.0,4.6,4.0,2.5,2.8,3.4,4.4,4.333333333333333,4.0,-0.3333333333333333,-0.3333333333333333
S1-0118,Similar-product,2,31,Female,4,6,4,5,5,2,6,5,4,7,2,2,3,6,6,6,4,2,3,4,4,4,5,4,3,3,3,4,3,4,5,4,4,5,3,2,3,3,2,4,2,4,3,2,3,2,3,6,5,5,4,4,5,5,4,3,5,4,5,5,5,4,4,4,3.75,3.5,4.2,2.5,3.25,2.4,4.6,4.2,5.0,4.0,-0.3333333333333333,-0.3333333333333333
S1-0119,Same-product,1,35,Male,6,6,6,4,4,4,5,5,4,5,5,6,6,6,6,7,3,2,2,5,5,6,3,3,4,3,3,3,3,3,5,5,6,4,6,3,3,3,2,2,2,2,2,3,3,3,3,5,4,4,4,5,4,6,7,6,6,6,5,5,5,3,3,3,3.25,3.0,5.2,2.75,2.0,3.0,4.2,6.2,5.0,3.0,1.0,-0.3333333333333333
S1-0120,Same-product,1,18,Male,6,4,2,3,4,4,3,3,3,5,6,5,6,6,6,6,2,2,2,6,6,6,4,4,3,3,4,4,3,3,6,6,5,5,5,3,3,3,2,3,3,2,2,3,3,3,3,6,5,5,5,4,5,4,4,5,5,5,6,5,5,2,2,2,3.5,3.5,5.4,2.75,2.5,2.8,4.8,4.6,5.333333333333333,2.0,1.0,-0.3333333333333333
S1-0121,Superior-alternative,3,20,Male,5,6,2,5,3,4,5,6,5,5,3,2,2,5,5,5,6,5,6,4,4,4,6,6,6,6,4,5,4,4,3,2,4,4,4,5,5,6,5,5,4,5,5,4,5,5,6,3,4,5,5,4,5,5,5,6,4,5,4,5,4,3,3,4,6.0,4.25,3.4,5.25,4.75,5.0,4.6,5.0,4.333333333333333,3.3333333333333335,-0.3333333333333333,1.0
S1-0122,Superior-alternative,3,40,Female,5,5,5,7,4,2,5,6,2,6,2,2,1,5,6,5,5,6,6,5,4,5,4,5,5,5,4,5,3,4,4,4,4,4,5,5,5,5,6,4,4,3,4,4,5,5,4,3,3,4,3,3,3,3,5,5,5,6,5,6,5,4,5,4,4.75,4.0,4.2,5.25,3.75,4.6,3.2,4.8,5.333333333333333,4.333333333333333,-0.3333333333333333,1.0
S1-0123,Superior-alternative,3,34,Male,5,6,5,5,5,5,5,3,4,6,1,1,2,6,7,6,5,6,6,4,4,5,4,5,3,4,3,4,4,3,2,2,2,2,2,5,6,5,7,5,5,5,5,5,5,4,6,3,3,5,5,4,4,4,4,4,4,4,5,4,5,2,3,1,4.0,3.5,2.0,5.75,5.0,5.0,4.2,4.0,4.666666666666667,2.0,-0.3333333333333333,1.0
S1-0124,Unrelated,0,43,Female,6,6,5,3,3,5,5,6,4,5,2,2,2,2,2,2,2,2,1,2,2,2,6,6,7,6,5,6,6,6,4,5,5,5,6,3,3,4,4,4,4,4,4,3,3,4,2,4,1,1,2,1,1,2,3,1,3,1,3,4,2,4,4,4,6.25,5.75,5.0,3.5,4.0,3.2,1.2,2.0,3.0,4.0,-0.3333333333333333,-0.3333333333333333
S1-0125,Similar-product,2,28,Male,7,5,4,5,7,3,6,4,5,6,1,1,1,6,6,6,4,3,3,4,4,4,4,5,4,5,5,4,5,6,5,6,5,5,5,3,3,3,4,4,4,3,3,3,3,3,3,5,1,3,3,2,3,4,5,3,4,3,4,5,5,4,4,5,4.5,5.0,5.2,3.25,3.5,3.0,2.4,3.8,4.666666666666667,4.333333333333333,-0.3333333333333333,-0.3333333333333333
S1-0126,Same-product,1,21,Female,5,6,6,4,5,4,5,5,4,5,6,6,7,5,7,6,2,2,3,6,5,6,5,5,5,5,6,4,4,4,5,5,6,6,6,3,4,3,3,3,3,2,3,3,2,2,2,5,5,5,4,5,5,5,6,6,7,6,6,5,5,3,2,2,5.0,4.5,5.6,3.25,2.75,2.4,4.8,6.0,5.333333333333333,2.3333333333333335,1.0,-0.3333333333333333
S1-0127,Superior-alternative,3,24,Male,5,5,3,6,4,4,6,4,4,5,1,1,2,6,6,6,5,6,5,4,4,4,5,6,6,6,5,5,5,5,3,3,4,3,3,4,5,5,4,5,5,6,6,5,5,5,5,2,3,3,3,3,3,3,4,3,3,4,4,4,4,3,2,3,5.75,5.0,3.2,4.5,5.5,5.2,3.0,3.4,4.0,2.6666666666666665,-0.3333333333333333,1.0
S1-0128,Superior-alternative,3,18,Male,5,4,6,3,4,2,5,4,3,4,1,1,1,6,6,6,5,6,6,4,4,4,6,6,5,6,5,4,4,3,4,3,3,3,3,6,5,6,6,4,4,3,4,4,4,4,4,4,4,4,3,4,4,4,2,3,3,2,5,5,6,4,3,3,5.75,4.0,3.2,5.75,3.75,4.0,3.8,2.8,5.333333333333333,3.3333333333333335,-0.3333333333333333,1.0
S1-0129,Same-product,1,18,Female,5,6,6,5,4,3,4,5,5,5,5,5,5,5,6,5,2,2,2,5,6,5,4,3,4,4,4,2,4,5,4,5,5,5,4,4,4,4,4,4,3,3,3,3,3,3,4,6,3,3,3,4,2,5,4,4,5,4,6,7,6,3,3,3,3.75,3.75,4.6,4.0,3.25,3.0,3.0,4.4,6.333333333333333,3.0,1.0,-0.3333333333333333
S1-0130,Superior-alternative,3,33,Male,5,5,3,5,3,4,6,5,5,3,2,2,2,6,7,6,6,6,6,4,4,3,6,5,6,5,4,4,4,4,5,4,4,4,5,4,4,5,5,3,4,4,4,4,6,5,5,3,1,1,2,2,3,3,4,2,2,2,5,4,3,2,3,2,5.5,4.0,4.4,4.5,3.75,5.0,1.8,2.6,4.0,2.3333333333333335,-0.3333333333333333,1.0
S1-0131,Similar-product,2,22,Female,4,5,4,4,4,4,3,5,7,5,3,2,2,5,5,5,3,3,4,3,4,4,4,4,5,6,5,5,5,6,4,4,4,5,4,4,5,5,4,5,3,3,4,2,2,2,2,6,1,3,4,1,2,3,3,3,3,4,6,6,7,4,3,3,4.75,5.25,4.2,4.5,3.75,2.0,2.2,3.2,6.333333333333333,3.3333333333333335,-0.3333333333333333,-0.3333333333333333
S1-0132,Similar-product,2,33,Male,5,5,2,5,5,3,4,4,6,7,2,3,2,6,6,7,4,5,4,4,3,4,3,3,4,3,4,4,5,4,4,4,3,4,4,4,4,4,4,4,4,4,4,3,3,3,3,5,3,3,3,4,4,2,3,3,3,3,4,4,5,4,4,5,3.25,4.25,3.8,4.0,4.0,3.0,3.4,2.8,4.333333333333333,4.333333333333333,-0.3333333333333333,-0.3333333333333333
S1-0133,Similar-product,2,18,Male,4,6,3,6,4,2,6,5,4,7,2,2,2,5,6,6,3,4,4,5,5,4,4,4,3,4,4,4,4,4,4,4,5,4,4,3,3,2,3,2,3,3,3,3,3,3,3,6,3,5,4,4,4,4,4,4,5,4,5,5,5,3,4,3,3.75,4.0,4.2,2.75,2.75,2.8,4.0,4.2,5.0,3.3333333333333335,-0.3333333333333333,-0.3333333333333333
S1-0134,Similar-product,2,25,Male,5,4,4,5,3,4,6,5,4,7,2,3,3,5,5,5,4,3,4,4,5,5,5,5,5,5,5,5,7,5,6,5,7,5,6,3,3,3,3,3,3,3,3,2,3,3,2,5,4,3,3,4,3,4,4,5,4,4,4,5,4,3,4,3,5.0,5.5,5.8,3.0,3.0,2.6,3.4,4.2,4.333333333333333,3.3333333333333335,-0.3333333333333333,-0.3333333333333333
S1-0135,Unrelated,0,31,Female,5,4,5,3,4,4,4,5,3,4,2,2,2,3,3,4,1,2,1,3,2,1,4,5,4,4,5,6,4,5,5,5,6,6,5,3,3,2,2,3,2,2,2,4,3,3,3,4,3,2,2,4,3,3,3,3,3,3,4,3,4,3,3,4,4.25,5.0,5.4,2.5,2.25,3.4,2.8,3.0,3.6666666666666665,3.3333333333333335,-0.3333333333333333,-0.3333333333333333
S1-0136,Superior-alternative,3,41,Female,6,5,3,6,6,2,5,4,4,4,1,1,1,6,6,7,6,6,7,4,4,4,4,4,4,5,5,4,3,5,3,4,4,4,4,5,6,5,6,4,4,5,4,4,5,5,4,3,4,4,4,5,3,4,4,5,4,4,6,6,5,3,4,4,4.25,4.25,3.8,5.5,4.25,4.6,4.0,4.2,5.666666666666667,3.6666666666666665,-0.3333333333333333,1.0
S1-0137,Unrelated,0,20,Female,6,6,3,7,5,3,5,3,5,6,1,2,2,3,2,2,1,2,2,2,2,2,4,4,4,4,5,5,5,5,5,5,6,5,6,1,1,2,2,2,2,2,1,3,2,3,3,5,3,3,2,3,3,3,2,2,2,4,4,4,3,4,3,4,4.0,5.0,5.4,1.5,1.75,2.8,2.8,2.6,3.6666666666666665,3.6666666666666665,-0.3333333333333333,-0.3333333333333333
S1-0138,Superior-alternative,3,40,Male,5,6,3,5,6,3,4,6,6,5,2,2,2,6,6,7,6,6,5,5,5,5,4,5,4,5,5,4,5,6,3,5,5,3,4,4,4,5,4,4,4,5,5,4,4,5,5,4,4,4,4,5,4,4,4,5,4,4,5,5,5,4,4,3,4.5,5.0,4.0,4.25,4.5,4.4,4.2,4.2,5.0,3.6666666666666665,-0.3333333333333333,1.0
S1-0139,Same-product,1,24,Female,7,7,4,4,5,4,6,4,5,4,5,5,5,6,6,7,2,2,2,6,6,6,3,4,3,3,4,3,3,3,3,4,3,4,4,3,3,3,3,2,2,3,3,2,2,2,2,6,6,5,4,5,4,5,5,5,4,5,4,6,5,3,2,2,3.25,3.25,3.6,3.0,2.5,2.0,4.8,4.8,5.0,2.3333333333333335,1.0,-0.3333333333333333
S1-0140,Same-product,1,27,Male,5,5,4,5,3,2,5,4,6,6,6,7,5,6,6,6,3,3,3,6,5,6,2,3,4,3,5,4,4,4,4,4,5,4,4,4,2,2,2,3,2,2,2,3,3,2,2,5,5,4,4,5,5,4,5,3,4,4,5,5,4,2,3,2,3.0,4.25,4.2,2.5,2.25,2.6,4.6,4.0,4.666666666666667,2.3333333333333335,1.0,-0.3333333333333333
S1-0141,Unrelated,0,24,Male,5,5,5,4,5,1,4,5,4,3,2,2,2,3,2,3,2,3,2,3,2,3,4,4,3,4,4,4,4,4,5,5,5,5,6,2,3,3,2,3,3,4,4,3,3,2,3,5,4,3,3,3,2,3,4,4,3,3,3,3,3,5,4,4,3.75,4.0,5.2,2.5,3.5,2.8,3.0,3.4,3.0,4.333333333333333,-0.3333333333333333,-0.3333333333333333
S1-0142,Same-product,1,33,Male,6,6,6,5,3,3,4,4,5,6,6,5,6,6,5,5,3,3,3,6,6,6,3,3,4,3,4,3,4,3,5,6,5,5,6,2,3,4,4,2,1,3,2,2,2,3,1,6,4,4,5,5,4,4,5,4,5,5,6,5,5,3,2,1,3.25,3.5,5.4,3.25,2.0,2.0,4.4,4.6,5.333333333333333,2.0,1.0,-0.3333333333333333
S1-0143,Unrelated,0,28,Male,6,5,4,5,3,3,6,4,4,5,2,2,3,2,2,2,2,2,2,3,2,2,5,5,4,4,5,4,4,5,6,6,4,6,6,2,2,1,2,1,1,2,1,2,3,2,2,7,3,3,3,3,3,3,4,4,2,2,5,4,4,3,4,3,4.5,4.5,5.6,1.75,1.25,2.0,3.0,3.0,4.333333333333333,3.3333333333333335,-0.3333333333333333,-0.3333333333333333
S1-0144,Superior-alternative,3,40,Male,5,4,3,4,4,3,5,5,6,3,1,2,2,7,6,5,6,6,6,4,5,5,5,4,5,4,5,6,6,4,3,4,3,4,3,6,5,6,5,5,6,4,4,6,5,5,6,3,3,3,3,4,4,3,4,4,4,3,5,6,5,3,3,3,4.5,5.25,3.4,5.5,4.75,5.4,3.4,3.6,5.333333333333333,3.0,-0.3333333333333333,1.0
S1-0145,Superior-alternative,3,18,Female,5,4,2,4,3,5,5,4,4,5,2,1,2,6,6,5,5,6,7,4,5,5,4,4,4,4,4,3,4,4,3,2,4,3,3,5,5,5,5,4,3,4,5,4,4,4,4,3,5,4,4,5,5,5,5,4,5,5,5,5,7,2,4,4,4.0,3.75,3.0,5.0,4.0,4.2,4.6,4.8,5.666666666666667,3.3333333333333335,-0.3333333333333333,1.0
S1-0146,Same-product,1,50,Female,5,4,3,5,6,2,6,2,5,4,4,6,5,6,6,6,2,2,2,5,6,6,3,3,3,3,3,4,3,3,3,4,5,4,3,3,4,3,3,2,3,3,3,2,3,1,3,5,5,5,5,5,6,6,6,7,7,6,5,4,6,2,2,3,3.0,3.25,3.8,3.25,2.75,2.4,5.2,6.4,5.0,2.3333333333333335,1.0,-0.3333333333333333
S1-0147,Same-product,1,24,Male,6,5,3,3,5,4,6,4,3,4,4,5,6,6,6,5,2,3,3,6,6,6,3,2,2,4,3,4,3,4,4,4,5,5,4,4,3,3,3,3,3,3,3,3,4,3,3,6,4,5,5,5,4,5,5,5,5,6,5,4,5,3,3,2,2.75,3.5,4.4,3.25,3.0,3.0,4.6,5.2,4.666666666666667,2.6666666666666665,1.0,-0.3333333333333333
S1-0148,Unrelated,0,18,Male,5,5,3,5,5,2,3,3,5,5,1,2,1,3,3,2,3,2,3,3,2,2,6,6,7,7,5,5,5,7,4,5,5,4,5,2,3,3,4,3,2,4,3,3,3,3,2,5,2,2,2,1,1,4,5,3,3,4,5,5,4,5,5,5,6.5,5.5,4.6,3.0,3.0,2.8,1.6,3.8,4.666666666666667,5.0,-0.3333333333333333,-0.3333333333333333
S1-0149,Similar-product,2,31,Female,5,5,2,6,3,2,5,3,5,4,1,2,1,6,5,6,4,4,4,4,4,4,4,4,6,5,4,5,5,4,4,5,5,5,4,4,5,5,4,3,4,3,4,3,4,2,3,6,2,3,3,4,3,4,5,4,5,3,5,4,5,4,5,4,4.75,4.5,4.6,4.5,3.5,2.8,3.0,4.2,4.666666666666667,4.333333333333333,-0.3333333333333333,-0.3333333333333333
S1-0150,Superior-alternative,3,22,Female,4,5,4,5,3,2,7,4,4,4,2,2,1,6,6,5,5,5,5,3,4,5,3,5,4,4,4,5,5,5,3,3,4,3,2,5,5,5,5,5,6,4,5,5,5,6,5,2,2,3,3,3,4,4,4,4,4,5,5,5,4,2,3,2,4.0,4.75,3.0,5.0,5.0,5.4,3.0,4.2,4.666666666666667,2.3333333333333335,-0.3333333333333333,1.0
S1-0151,Same-product,1,34,Female,4,4,3,3,5,4,5,3,7,6,5,6,5,6,7,6,2,2,2,5,6,6,2,3,3,3,3,2,3,2,4,6,6,4,5,5,4,4,4,4,4,4,3,3,4,4,3,4,3,4,3,5,4,5,5,5,5,6,4,5,5,2,2,1,2.75,2.5,5.0,4.25,3.75,3.6,3.8,5.2,4.666666666666667,1.6666666666666667,1.0,-0.3333333333333333
S1-0152,Similar-product,2,22,Female,6,6,3,5,6,3,5,4,4,6,2,2,1,5,5,6,5,4,4,5,4,5,4,4,5,6,3,4,4,3,5,5,6,5,5,4,4,3,4,3,3,2,2,3,3,2,3,4,4,4,4,4,3,3,4,4,5,3,5,5,6,4,3,3,4.75,3.5,5.2,3.75,2.5,3.0,3.8,3.8,5.333333333333333,3.3333333333333335,-0.3333333333333333,-0.3333333333333333
S1-0153,Similar-product,2,32,Female,6,4,4,4,4,3,4,4,4,5,2,2,3,5,6,5,3,3,3,3,4,5,5,4,4,4,4,4,4,5,4,5,4,4,5,4,5,5,5,5,4,4,4,3,3,4,4,5,5,4,4,3,4,3,4,4,5,4,4,5,6,4,3,4,4.25,4.25,4.4,4.75,4.25,3.4,4.0,4.0,5.0,3.6666666666666665,-0.3333333333333333,-0.3333333333333333
S1-0154,Same-product,1,33,Female,6,6,3,5,5,1,4,6,4,5,6,7,7,6,5,6,2,2,2,5,5,6,3,3,4,4,3,4,3,4,4,4,6,5,5,4,4,3,3,4,4,3,3,3,4,4,4,6,4,4,5,5,5,6,5,6,7,6,4,4,5,3,3,3,3.5,3.5,4.8,3.5,3.5,3.4,4.6,6.0,4.333333333333333,3.0,1.0,-0.3333333333333333
S1-0155,Same-product,1,32,Female,5,4,3,2,4,2,7,4,6,3,6,5,6,6,7,7,3,2,2,6,6,6,5,4,3,4,3,4,4,3,4,4,4,4,4,4,3,4,4,2,4,3,2,3,3,4,3,5,4,4,5,4,6,4,5,5,6,5,4,4,4,3,1,1,4.0,3.5,4.0,3.75,2.75,3.2,4.6,5.0,4.0,1.6666666666666667,1.0,-0.3333333333333333
S1-0156,Superior-alternative,3,31,Male,6,5,4,4,4,4,6,6,6,5,2,2,1,5,5,6,6,6,6,4,5,4,6,5,5,5,4,4,4,4,2,3,1,2,3,6,5,5,6,5,5,5,6,5,6,6,7,2,3,3,4,3,2,4,6,4,5,5,5,5,5,3,4,4,5.25,4.0,2.2,5.5,5.25,6.0,3.0,4.8,5.0,3.6666666666666665,-0.3333333333333333,1.0
S1-0157,Same-product,1,37,Male,5,5,3,5,4,4,3,4,5,4,5,6,6,6,6,6,2,2,2,6,5,6,4,4,4,4,4,4,3,4,5,5,5,5,5,2,3,2,2,1,1,2,1,2,1,1,3,6,3,3,4,3,4,6,4,5,5,6,6,6,7,2,2,2,4.0,3.75,5.0,2.25,1.25,1.8,3.4,5.2,6.333333333333333,2.0,1.0,-0.3333333333333333
S1-0158,Similar-product,2,32,Female,6,5,4,6,5,1,6,4,4,3,2,3,3,6,6,7,4,3,3,5,4,4,6,6,6,5,3,5,5,6,5,4,5,6,5,3,2,2,2,3,2,4,3,3,2,2,3,5,3,4,2,3,4,4,5,4,5,4,4,5,4,4,4,4,5.75,4.75,5.0,2.25,3.0,2.6,3.2,4.4,4.333333333333333,4.0,-0.3333333333333333,-0.3333333333333333
S1-0159,Superior-alternative,3,25,Female,5,5,4,4,4,2,5,4,5,5,2,2,2,6,6,6,6,5,6,6,4,4,5,5,5,6,4,4,4,4,3,3,3,3,3,5,4,4,5,4,5,4,5,5,5,4,3,4,3,4,2,3,3,5,3,4,3,4,4,4,4,4,3,3,5.25,4.0,3.0,4.5,4.5,4.2,3.0,3.8,4.0,3.3333333333333335,-0.3333333333333333,1.0
S1-0160,Superior-alternative,3,21,Female,7,4,2,7,5,4,4,3,6,3,2,2,1,5,5,6,6,6,6,4,4,5,5,5,5,6,6,4,4,5,4,4,4,3,3,5,4,4,5,5,5,5,5,4,6,5,4,3,4,4,4,5,3,4,4,3,2,3,5,5,5,3,3,3,5.25,4.75,3.6,4.5,5.0,4.8,4.0,3.2,5.0,3.0,-0.3333333333333333,1.0
S1-0161,Same-product,1,18,Male,5,6,4,5,3,4,5,4,4,4,5,4,5,6,5,6,3,2,2,6,6,6,3,4,3,2,4,4,2,3,6,6,7,6,6,2,2,1,2,3,3,2,3,2,3,2,3,5,4,4,5,5,4,5,6,6,5,5,5,5,6,4,3,2,3.0,3.25,6.2,1.75,2.75,2.6,4.4,5.4,5.333333333333333,3.0,1.0,-0.3333333333333333
S1-0162,Same-product,1,18,Male,4,6,3,5,4,3,7,4,5,5,6,6,6,7,6,6,1,3,2,6,6,7,3,3,3,2,3,3,2,3,5,4,5,6,5,3,3,3,3,4,3,3,2,2,2,2,2,5,5,5,5,4,5,4,5,4,5,5,5,4,5,3,3,3,2.75,2.75,5.0,3.0,3.0,2.2,4.8,4.6,4.666666666666667,3.0,1.0,-0.3333333333333333
S1-0163,Similar-product,2,21,Male,6,5,2,4,5,3,6,4,6,4,1,2,2,6,6,5,3,4,3,4,4,4,5,4,4,4,4,4,4,5,5,4,4,4,3,5,4,5,4,3,3,3,3,2,3,2,2,6,2,4,3,4,4,4,4,5,6,5,7,5,7,4,4,4,4.25,4.25,4.0,4.5,3.0,2.2,3.4,4.8,6.333333333333333,4.0,-0.3333333333333333,-0.3333333333333333
S1-0164,Same-product,1,19,Male,4,5,5,3,4,5,3,5,5,3,5,6,6,6,7,7,2,2,3,5,5,6,2,4,4,4,3,5,4,4,5,4,4,4,4,3,4,3,4,3,3,3,3,3,2,3,3,5,5,5,5,6,5,4,6,5,6,5,5,6,5,2,3,2,3.5,4.0,4.2,3.5,3.0,2.8,5.2,5.2,5.333333333333333,2.3333333333333335,1.0,-0.3333333333333333
S1-0165,Same-product,1,35,Male,5,6,4,6,6,4,3,4,6,5,5,5,6,6,6,6,2,2,2,6,5,6,2,2,4,3,2,3,2,3,4,4,5,5,5,3,3,3,3,3,3,2,3,2,2,2,1,7,6,6,7,6,6,6,6,6,6,5,5,5,6,4,2,4,2.75,2.5,4.6,3.0,2.75,1.6,6.2,5.8,5.333333333333333,3.3333333333333335,1.0,-0.3333333333333333
S1-0166,Unrelated,0,40,Female,5,5,2,4,3,4,5,6,6,3,2,3,2,1,1,2,1,2,2,2,2,3,6,6,7,6,6,6,6,4,5,6,6,7,5,2,2,1,2,3,2,1,1,2,2,2,2,6,2,1,2,2,2,2,2,2,2,3,4,4,3,4,4,4,6.25,5.5,5.8,1.75,1.75,2.0,1.8,2.2,3.6666666666666665,4.0,-0.3333333333333333,-0.3333333333333333
S1-0167,Same-product,1,29,Female,5,7,3,5,4,2,7,4,6,6,5,6,6,6,6,6,3,3,3,6,6,6,3,4,2,1,3,3,2,3,4,5,4,4,5,4,3,3,3,2,3,3,2,2,3,3,2,6,6,6,6,6,6,6,6,7,5,5,4,4,4,3,3,2,2.5,2.75,4.4,3.25,2.5,2.4,6.0,5.8,4.0,2.6666666666666665,1.0,-0.3333333333333333
S1-0168,Similar-product,2,27,Female,5,5,2,3,3,3,4,4,3,4,2,2,3,6,6,6,4,3,4,4,3,3,4,4,3,3,4,3,3,3,5,6,5,5,5,2,3,3,4,4,4,4,3,2,2,3,2,6,4,4,4,4,4,4,4,3,5,3,4,4,5,4,4,5,3.5,3.25,5.2,3.0,3.75,2.2,4.0,3.8,4.333333333333333,4.333333333333333,-0.3333333333333333,-0.3333333333333333
S1-0169,Same-product,1,23,Male,4,4,4,4,6,2,4,5,5,5,5,6,5,6,6,6,3,2,2,6,6,6,3,2,4,3,3,3,3,4,6,6,6,6,5,3,2,2,2,2,3,2,2,2,2,3,1,5,4,5,4,5,6,6,6,5,5,6,6,5,6,3,2,2,3.0,3.25,5.8,2.25,2.25,2.2,4.8,5.6,5.666666666666667,2.3333333333333335,1.0,-0.3333333333333333
S1-0170,Same-product,1,28,Female,4,6,3,5,6,3,6,3,4,4,5,6,6,6,6,6,3,3,3,5,5,7,3,3,3,3,3,4,3,4,4,4,5,4,5,4,3,4,4,3,3,2,3,3,2,3,2,6,6,6,7,6,6,5,5,5,4,6,6,6,7,3,3,3,3.0,3.5,4.4,3.75,2.75,2.4,6.2,5.0,6.333333333333333,3.0,1.0,-0.3333333333333333
S1-0171,Same-product,1,24,Male,6,6,3,4,3,2,5,6,4,5,6,6,6,5,4,6,2,2,2,6,6,6,4,4,3,4,3,4,4,3,6,5,6,6,6,3,2,2,2,2,2,2,3,2,1,1,2,6,5,4,5,5,4,5,6,6,6,5,5,6,5,4,4,3,3.75,3.5,5.8,2.25,2.25,1.6,4.6,5.6,5.333333333333333,3.6666666666666665,1.0,-0.3333333333333333
S1-0172,Unrelated,0,21,Nonbinary/Other,6,5,4,5,5,3,5,2,6,6,2,3,2,2,3,3,1,2,1,2,2,3,5,6,6,6,6,6,6,6,5,6,5,5,5,2,2,2,3,2,1,2,2,3,2,1,3,6,4,3,2,2,3,3,3,3,4,3,3,5,3,5,5,7,5.75,6.0,5.2,2.25,1.75,2.2,2.8,3.2,3.6666666666666665,5.666666666666667,-0.3333333333333333,-0.3333333333333333
S1-0173,Similar-product,2,20,Female,4,6,4,5,4,2,6,4,4,4,2,2,2,6,5,5,3,4,3,4,3,3,5,6,5,4,5,5,4,5,4,3,4,4,5,3,3,4,4,4,4,3,4,3,3,3,4,3,4,5,3,3,5,6,5,6,5,6,5,5,4,4,4,4,5.0,4.75,4.0,3.5,3.75,3.6,4.0,5.6,4.666666666666667,4.0,-0.3333333333333333,-0.3333333333333333
S1-0174,Superior-alternative,3,38,Male,5,7,3,4,6,3,5,6,5,5,3,2,2,6,6,5,6,5,6,4,4,4,4,5,5,4,6,4,6,5,3,3,2,2,2,4,6,6,6,5,5,6,5,5,4,4,4,4,3,3,4,4,4,3,3,2,3,3,7,6,6,4,3,3,4.5,5.25,2.4,5.5,5.25,4.2,3.6,2.8,6.333333333333333,3.3333333333333335,-0.3333333333333333,1.0
S1-0175,Similar-product,2,26,Male,6,5,3,3,4,2,4,5,6,6,1,2,2,6,5,6,4,3,3,4,4,4,5,4,5,4,4,4,4,4,5,5,5,6,4,5,4,3,3,2,4,3,3,1,3,3,2,5,4,3,3,4,3,2,4,4,3,3,3,4,4,3,3,3,4.5,4.0,5.0,3.75,3.0,2.4,3.4,3.2,3.6666666666666665,3.0,-0.3333333333333333,-0.3333333333333333
S1-0176,Similar-product,2,35,Male,6,6,3,4,3,4,6,6,3,5,2,1,1,6,5,6,3,3,3,5,4,5,4,5,4,4,3,3,4,4,4,4,4,3,4,4,4,3,4,3,2,2,4,2,1,2,2,6,4,4,2,3,4,3,4,4,5,4,5,5,6,3,5,4,4.25,3.5,3.8,3.75,2.75,1.8,3.4,4.0,5.333333333333333,4.0,-0.3333333333333333,-0.3333333333333333
S1-0177,Superior-alternative,3,18,Male,4,6,4,4,2,2,7,5,5,5,2,2,2,5,6,4,5,4,5,5,5,5,5,6,5,5,4,5,5,5,5,5,4,4,5,5,4,5,5,5,4,4,5,4,4,4,5,3,3,3,3,3,3,3,5,3,4,3,5,5,6,4,4,4,5.25,4.75,4.6,4.75,4.5,4.4,3.0,3.6,5.333333333333333,4.0,-0.3333333333333333,1.0
S1-0178,Unrelated,0,18,Male,4,5,2,6,6,2,3,6,4,5,3,3,3,2,2,2,2,2,2,3,3,3,5,6,5,6,5,5,4,5,5,5,5,5,5,2,3,3,1,1,2,2,2,2,3,1,2,6,4,2,3,2,3,3,4,3,4,4,3,3,2,4,4,3,5.5,4.75,5.0,2.25,1.75,2.0,2.8,3.6,2.6666666666666665,3.6666666666666665,-0.3333333333333333,-0.3333333333333333
S1-0179,Unrelated,0,33,Male,5,5,5,5,6,2,4,3,4,4,2,1,1,2,2,2,2,1,2,2,3,3,4,5,4,4,5,5,5,6,7,7,7,7,6,2,2,2,2,1,2,1,2,2,2,1,1,6,3,3,3,3,3,3,2,3,2,3,3,3,4,4,4,4,4.25,5.25,6.8,2.0,1.5,1.6,3.0,2.6,3.3333333333333335,4.0,-0.3333333333333333,-0.3333333333333333
S1-0180,Similar-product,2,31,Female,5,6,4,2,4,1,6,5,5,4,2,1,1,6,5,5,3,4,4,4,4,4,4,4,4,4,5,4,5,4,5,3,4,4,4,4,5,3,3,3,3,3,4,4,3,4,3,6,4,5,3,4,5,4,3,3,3,4,3,3,3,4,3,3,4.0,4.5,4.0,3.75,3.25,3.2,4.2,3.4,3.0,3.3333333333333335,-0.3333333333333333,-0.3333333333333333
S1-0181,Superior-alternative,3,37,Nonbinary/Other,5,5,3,5,4,3,4,4,5,4,1,2,2,7,6,6,5,5,5,4,4,4,5,4,5,6,4,4,4,5,2,2,3,3,2,5,5,7,6,5,5,6,6,5,5,6,6,2,3,4,3,4,4,5,4,3,5,4,6,5,6,4,3,3,5.0,4.25,2.4,5.75,5.5,5.6,3.6,4.2,5.666666666666667,3.3333333333333335,-0.3333333333333333,1.0
S1-0182,Unrelated,0,18,Female,5,4,4,5,4,2,5,4,5,5,2,2,2,2,3,3,1,1,2,3,3,2,5,5,4,5,6,4,4,6,5,5,6,5,5,2,2,1,2,3,2,2,2,2,2,1,2,5,3,4,2,2,3,3,3,3,3,2,3,4,2,4,5,5,4.75,5.0,5.2,1.75,2.25,2.0,2.8,2.8,3.0,4.666666666666667,-0.3333333333333333,-0.3333333333333333
S1-0183,Similar-product,2,34,Female,4,6,3,4,4,4,5,3,5,4,2,2,2,6,5,6,4,4,3,5,5,5,4,3,3,5,4,5,5,4,4,5,4,4,4,4,4,4,3,2,3,2,2,2,3,2,3,6,4,2,4,4,3,3,4,3,3,4,5,5,5,4,4,5,3.75,4.5,4.2,3.75,2.25,2.4,3.4,3.4,5.0,4.333333333333333,-0.3333333333333333,-0.3333333333333333
S1-0184,Similar-product,2,29,Female,5,7,5,7,5,2,5,5,5,3,2,3,3,5,6,6,4,4,5,4,3,3,6,5,6,6,4,6,4,6,4,3,4,4,4,4,3,4,3,4,4,4,3,4,5,4,5,4,3,2,2,2,2,4,3,3,4,4,5,5,5,4,4,5,5.75,5.0,3.8,3.5,3.75,4.4,2.2,3.6,5.0,4.333333333333333,-0.3333333333333333,-0.3333333333333333
S1-0185,Superior-alternative,3,38,Male,3,6,3,2,4,1,7,6,5,5,2,1,2,6,6,6,6,6,6,4,5,5,4,5,4,4,4,3,5,4,3,2,3,3,2,6,6,6,6,5,5,2,6,5,5,4,5,2,3,3,4,4,3,3,4,4,5,4,6,6,5,3,3,4,4.25,4.0,2.6,6.0,4.5,5.0,3.4,4.0,5.666666666666667,3.3333333333333335,-0.3333333333333333,1.0
S1-0186,Unrelated,0,18,Female,4,6,3,6,5,2,4,4,5,7,2,1,1,2,2,2,2,2,2,3,3,4,5,6,5,6,5,7,7,7,6,6,6,5,6,2,1,1,2,1,1,1,1,3,3,2,2,6,2,2,2,1,2,4,4,3,4,5,4,5,4,5,5,5,5.5,6.5,5.8,1.5,1.0,2.4,1.8,4.0,4.333333333333333,5.0,-0.3333333333333333,-0.3333333333333333
S1-0187,Similar-product,2,39,Female,5,5,1,3,3,3,4,5,6,5,2,2,2,6,5,6,4,4,4,4,4,4,4,6,4,4,5,6,4,5,4,4,3,4,5,3,3,3,4,4,3,4,4,3,3,3,3,6,3,4,4,4,4,6,4,5,4,5,7,6,6,4,3,3,4.5,5.0,4.0,3.25,3.75,2.8,3.8,4.8,6.333333333333333,3.3333333333333335,-0.3333333333333333,-0.3333333333333333
S1-0188,Superior-alternative,3,24,Female,5,4,3,3,3,3,3,6,7,4,2,2,2,5,5,5,5,6,6,5,3,4,5,6,5,6,5,5,5,4,3,3,4,4,3,6,6,7,6,5,4,6,5,4,4,3,4,4,2,4,3,5,3,5,5,5,4,5,4,5,4,3,3,3,5.5,4.75,3.4,6.25,5.0,3.8,3.4,4.8,4.333333333333333,3.0,-0.3333333333333333,1.0
S1-0189,Similar-product,2,23,Male,6,5,5,4,6,2,3,4,4,4,2,2,3,6,6,6,4,3,3,4,4,4,5,4,3,4,4,3,3,3,6,6,6,7,6,2,2,2,3,2,3,2,2,2,3,2,2,5,2,2,3,4,3,3,4,4,4,4,5,4,5,4,4,3,4.0,3.25,6.2,2.25,2.25,2.4,2.8,3.8,4.666666666666667,3.6666666666666665,-0.3333333333333333,-0.3333333333333333
S1-0190,Same-product,1,41,Nonbinary/Other,4,5,6,4,5,4,3,5,4,6,5,5,6,5,5,6,2,2,2,5,6,5,5,5,6,6,4,4,5,4,3,4,3,4,4,3,3,3,4,3,4,2,3,4,3,2,2,4,5,4,4,4,3,4,4,5,5,5,5,5,5,3,4,3,5.5,4.25,3.6,3.25,3.0,3.0,4.0,4.6,5.0,3.3333333333333335,1.0,-0.3333333333333333
S1-0191,Unrelated,0,37,Male,4,5,3,4,5,3,4,4,4,5,2,2,2,4,2,3,1,2,2,2,3,2,6,7,5,6,5,6,6,5,5,5,5,5,6,1,3,2,1,1,2,2,2,2,2,2,3,6,2,3,2,3,2,4,3,4,3,3,3,3,3,5,5,6,6.0,5.5,5.2,1.75,1.75,2.2,2.4,3.4,3.0,5.333333333333333,-0.3333333333333333,-0.3333333333333333
S1-0192,Superior-alternative,3,33,Male,5,4,4,4,4,2,4,4,5,6,2,2,1,5,6,5,6,6,7,4,4,4,5,5,4,4,4,3,4,4,2,3,3,2,2,5,5,5,6,5,5,6,6,4,5,4,5,2,6,5,5,4,4,5,5,4,5,5,5,4,4,2,3,3,4.5,3.75,2.4,5.25,5.5,4.8,4.8,4.8,4.333333333333333,2.6666666666666665,-0.3333333333333333,1.0
S1-0193,Superior-alternative,3,18,Female,6,5,5,6,3,2,6,6,5,5,2,2,2,7,6,6,6,6,6,4,4,5,5,5,5,5,5,3,3,3,3,2,5,4,4,5,5,4,4,3,4,3,4,4,5,4,4,3,4,4,4,4,5,3,4,3,3,3,6,6,6,4,3,3,5.0,3.5,3.6,4.5,3.5,4.4,4.2,3.2,6.0,3.3333333333333335,-0.3333333333333333,1.0
S1-0194,Superior-alternative,3,31,Female,5,6,7,2,2,3,5,7,5,6,2,1,2,6,5,5,5,6,6,5,4,4,5,4,5,4,4,3,4,5,4,4,3,3,3,4,5,5,6,5,4,5,5,4,5,5,4,3,4,4,4,4,4,3,3,4,4,3,5,4,4,3,4,3,4.5,4.0,3.4,5.0,4.75,4.6,4.0,3.4,4.333333333333333,3.3333333333333335,-0.3333333333333333,1.0
S1-0195,Unrelated,0,36,Male,6,5,3,3,3,1,6,3,3,5,2,1,2,2,2,2,2,2,2,3,3,2,5,5,6,6,5,5,6,5,5,5,6,6,6,2,2,2,2,2,2,1,3,1,1,2,1,7,4,3,2,3,2,3,2,2,2,2,3,4,3,5,5,5,5.5,5.25,5.6,2.0,2.0,1.2,2.8,2.2,3.3333333333333335,5.0,-0.3333333333333333,-0.3333333333333333
S1-0196,Same-product,1,20,Male,6,7,3,4,5,1,6,5,4,2,5,4,6,6,6,6,3,3,2,5,6,6,3,3,3,2,3,3,5,4,5,6,5,6,6,4,1,1,3,3,3,3,2,3,3,2,2,6,4,4,5,5,6,6,5,4,6,5,5,5,6,4,4,4,2.75,3.75,5.6,2.25,2.75,2.4,4.8,5.2,5.333333333333333,4.0,1.0,-0.3333333333333333
S1-0197,Unrelated,0,27,Male,4,5,2,6,7,6,7,5,4,4,3,3,1,3,2,3,2,2,2,2,2,3,4,6,4,6,4,5,5,5,5,5,5,6,6,2,2,2,2,3,4,3,4,3,3,3,3,5,3,2,2,1,3,2,3,3,2,3,3,3,3,3,4,3,5.0,4.75,5.4,2.0,3.5,3.0,2.2,2.6,3.0,3.3333333333333335,-0.3333333333333333,-0.3333333333333333
S1-0198,Same-product,1,24,Male,5,4,3,6,4,5,4,5,4,5,5,5,6,7,5,6,3,2,2,5,5,5,3,3,2,4,3,3,4,3,6,6,7,6,5,2,2,3,3,3,2,2,1,1,2,2,2,7,5,5,5,5,5,5,4,6,5,6,5,5,5,2,2,2,3.0,3.25,6.0,2.5,2.0,1.6,5.0,5.2,5.0,2.0,1.0,-0.3333333333333333
S1-0199,Unrelated,0,19,Male,6,4,4,5,3,4,5,3,4,3,2,2,2,1,2,3,2,2,1,2,2,1,5,4,5,5,5,5,5,4,3,5,5,5,6,3,2,3,2,2,3,2,3,2,3,2,4,6,3,3,2,3,2,3,3,3,2,3,4,3,1,4,5,5,4.75,4.75,4.8,2.5,2.5,2.6,2.6,2.8,2.6666666666666665,4.666666666666667,-0.3333333333333333,-0.3333333333333333
S1-0200,Similar-product,2,22,Male,5,4,3,3,4,3,6,4,5,5,1,2,2,5,5,6,4,4,2,4,4,4,2,4,4,4,4,3,4,3,3,3,4,4,4,4,3,4,4,4,3,3,4,3,3,2,4,3,3,3,4,3,4,4,5,4,4,4,5,5,5,4,4,3,3.5,3.5,3.6,3.75,3.5,3.4,3.4,4.2,5.0,3.6666666666666665,-0.3333333333333333,-0.3333333333333333
S1-0201,Same-product,1,18,Female,4,6,2,2,5,4,5,6,5,2,6,6,6,6,6,6,2,3,2,5,6,5,4,4,4,4,3,3,4,4,5,5,5,4,4,3,2,2,2,3,3,3,4,3,4,3,3,3,4,4,5,5,5,6,6,7,6,5,5,5,4,2,2,2,4.0,3.5,4.6,2.25,3.25,3.6,4.6,6.0,4.666666666666667,2.0,1.0,-0.3333333333333333
S1-0202,Unrelated,0,20,Female,4,5,3,5,6,5,6,6,5,4,2,1,1,2,2,2,2,3,3,2,2,2,5,5,4,4,4,2,5,4,6,5,5,5,5,3,2,2,3,3,4,3,3,3,2,2,2,7,2,2,2,2,3,2,2,3,3,3,4,4,3,7,6,6,4.5,3.75,5.2,2.5,3.25,2.0,2.2,2.6,3.6666666666666665,6.333333333333333,-0.3333333333333333,-0.3333333333333333
S1-0203,Similar-product,2,26,Male,4,4,3,4,5,4,5,6,5,5,3,2,3,6,7,7,5,3,4,5,4,4,5,5,5,5,5,5,5,4,3,5,3,4,4,3,4,4,4,3,4,4,4,4,3,4,4,4,4,4,4,4,4,5,5,5,6,5,5,4,5,3,4,3,5.0,4.75,3.8,3.75,3.75,3.8,4.0,5.2,4.666666666666667,3.3333333333333335,-0.3333333333333333,-0.3333333333333333
S1-0204,Similar-product,2,28,Female,4,6,4,4,3,2,3,4,7,4,4,2,3,6,5,6,4,4,3,4,4,4,5,6,5,7,6,6,6,6,4,4,3,4,4,4,4,4,4,3,3,4,2,4,3,3,2,5,2,4,3,3,3,4,4,4,4,4,2,5,4,3,3,4,5.75,6.0,3.8,4.0,3.0,3.0,3.0,4.0,3.6666666666666665,3.3333333333333335,-0.3333333333333333,-0.3333333333333333
S1-0205,Similar-product,2,18,Female,5,6,3,4,2,3,6,3,3,5,2,2,2,6,5,6,4,2,3,4,4,4,5,5,5,5,4,5,5,4,5,5,5,5,6,4,3,3,3,3,2,3,3,2,2,3,3,5,4,4,4,3,4,4,4,5,4,4,6,7,6,4,4,4,5.0,4.5,5.2,3.25,2.75,2.6,3.8,4.2,6.333333333333333,4.0,-0.3333333333333333,-0.3333333333333333
S1-0206,Similar-product,2,32,Nonbinary/Other,6,6,4,5,5,1,5,4,6,5,2,2,2,5,5,4,4,5,4,4,4,4,4,5,5,4,3,4,4,5,4,5,4,5,4,4,4,4,4,3,4,4,3,2,2,3,3,6,3,4,2,3,4,3,3,4,3,3,3,4,3,4,4,3,4.5,4.0,4.4,4.0,3.5,2.4,3.2,3.2,3.3333333333333335,3.6666666666666665,-0.3333333333333333,-0.3333333333333333
S1-0207,Similar-product,2,25,Male,6,5,5,5,3,4,5,5,5,6,1,1,1,6,5,5,4,5,5,3,2,3,3,4,5,5,4,4,4,5,4,3,2,3,3,3,5,4,5,4,4,4,4,3,3,4,4,3,3,3,4,4,3,4,4,3,4,4,5,5,6,3,3,3,4.25,4.25,3.0,4.25,4.0,3.8,3.4,3.8,5.333333333333333,3.0,-0.3333333333333333,-0.3333333333333333
S1-0208,Unrelated,0,28,Female,6,4,3,5,6,3,7,4,4,4,1,2,2,2,2,2,2,2,2,3,2,3,5,6,5,6,5,5,5,5,5,5,6,6,5,2,2,1,2,2,2,1,2,3,2,2,3,6,3,2,4,4,3,4,4,3,3,3,3,3,4,4,4,5,5.5,5.0,5.4,1.75,1.75,2.4,3.2,3.4,3.3333333333333335,4.333333333333333,-0.3333333333333333,-0.3333333333333333
S1-0209,Same-product,1,41,Female,5,4,5,6,3,4,7,5,5,4,5,6,5,6,6,7,3,2,3,5,5,5,3,5,3,4,3,3,3,4,7,6,7,7,6,2,2,2,1,2,2,3,3,2,2,2,2,6,5,6,5,5,5,5,5,5,4,5,5,4,4,2,2,3,3.75,3.25,6.6,1.75,2.5,2.0,5.2,4.8,4.333333333333333,2.3333333333333335,1.0,-0.3333333333333333
S1-0210,Superior-alternative,3,23,Female,6,5,4,4,5,3,5,4,4,4,3,3,2,6,6,5,5,6,6,4,3,3,5,5,5,5,5,5,5,5,4,2,2,4,2,6,6,6,5,5,5,6,5,4,6,4,5,3,3,3,3,3,2,4,3,4,4,4,4,5,5,4,3,4,5.0,5.0,2.8,5.75,5.25,4.8,2.8,3.8,4.666666666666667,3.6666666666666665,-0.3333333333333333,1.0
S1-0211,Superior-alternative,3,21,Female,6,6,1,5,5,3,3,6,5,5,2,2,2,6,6,6,6,6,6,5,4,4,4,5,5,4,5,4,4,3,3,2,3,2,3,5,5,6,5,5,6,5,5,5,4,4,5,3,4,4,4,4,3,4,3,4,4,4,4,5,5,4,4,3,4.5,4.0,2.6,5.25,5.25,4.6,3.8,3.8,4.666666666666667,3.6666666666666665,-0.3333333333333333,1.0
S1-0212,Unrelated,0,26,Female,5,4,4,5,5,4,5,4,4,4,2,2,2,2,2,1,1,1,2,2,1,1,6,5,6,6,4,5,5,6,5,6,5,5,7,1,2,2,1,1,1,2,1,1,2,2,2,7,4,2,3,3,3,3,4,3,3,4,3,3,2,4,4,5,5.75,5.0,5.6,1.5,1.25,1.6,3.0,3.4,2.6666666666666665,4.333333333333333,-0.3333333333333333,-0.3333333333333333
S1-0213,Same-product,1,24,Male,5,5,4,6,2,1,6,5,4,6,5,5,7,6,6,7,2,2,2,5,4,5,5,4,4,4,3,6,4,5,6,5,5,7,5,2,3,2,3,3,3,3,2,1,2,3,2,6,4,4,5,4,4,4,6,4,5,3,4,5,5,4,3,3,4.25,4.5,5.6,2.5,2.75,2.0,4.2,4.4,4.666666666666667,3.3333333333333335,1.0,-0.3333333333333333
S1-0214,Unrelated,0,34,Male,4,4,4,4,5,1,6,6,5,5,2,1,2,2,2,2,2,2,2,3,2,3,4,4,5,5,4,5,5,5,4,5,5,5,6,3,3,3,4,2,2,3,3,3,2,2,1,6,2,3,3,1,3,2,2,2,2,2,3,2,2,5,3,3,4.5,4.75,5.0,3.25,2.5,2.0,2.4,2.0,2.3333333333333335,3.6666666666666665,-0.3333333333333333,-0.3333333333333333
S1-0215,Same-product,1,29,Female,5,5,4,5,3,2,5,4,5,5,6,6,6,6,6,6,2,2,2,6,6,6,4,4,4,4,4,4,4,4,5,5,5,6,6,3,3,3,3,3,4,3,3,2,3,2,2,5,5,5,4,5,5,4,4,5,5,5,3,5,4,3,2,2,4.0,4.0,5.4,3.0,3.25,2.4,4.8,4.6,4.0,2.3333333333333335,1.0,-0.3333333333333333
S1-0216,Same-product,1,41,Female,7,6,4,4,4,2,5,4,5,6,5,6,6,7,7,7,2,2,3,5,5,6,3,3,3,3,3,4,3,3,4,5,5,4,5,3,4,3,2,2,4,2,2,2,3,2,2,7,5,6,6,6,5,5,6,6,6,7,5,5,5,4,4,3,3.0,3.25,4.6,3.0,2.5,2.0,5.6,6.0,5.0,3.6666666666666665,1.0,-0.3333333333333333
S1-0217,Superior-alternative,3,40,Male,4,6,7,4,4,2,5,4,1,6,2,2,2,6,5,6,5,5,5,5,5,4,4,4,3,3,3,4,3,3,2,2,3,2,2,7,6,7,6,6,6,6,7,4,5,5,5,1,5,5,6,5,6,3,3,3,4,4,4,4,5,3,3,4,3.5,3.25,2.2,6.5,6.25,5.2,5.4,3.4,4.333333333333333,3.3333333333333335,-0.3333333333333333,1.0
S1-0218,Superior-alternative,3,18,Male,5,6,4,4,6,1,3,3,4,4,2,2,2,6,6,7,6,7,6,4,4,4,6,6,5,6,6,4,5,5,5,3,4,3,4,5,4,6,6,5,4,4,5,5,4,3,4,3,3,3,3,3,4,5,4,6,4,4,6,5,6,4,3,4,5.75,5.0,3.8,5.25,4.5,4.2,3.2,4.6,5.666666666666667,3.6666666666666665,-0.3333333333333333,1.0
S1-0219,Same-product,1,36,Female,6,5,4,5,5,3,5,3,4,4,6,6,6,6,6,7,3,3,3,5,6,6,4,4,4,5,4,3,3,4,5,4,5,5,5,3,3,2,3,3,2,2,3,3,2,3,1,7,5,6,5,5,5,7,6,6,6,7,4,5,5,2,2,2,4.25,3.5,4.8,2.75,2.5,2.0,5.2,6.4,4.666666666666667,2.0,1.0,-0.3333333333333333
S1-0220,Same-product,1,23,Male,6,4,4,6,5,4,4,5,3,6,6,5,5,6,5,6,3,3,2,5,6,6,4,3,4,4,5,4,3,5,5,5,5,4,5,2,3,2,3,1,3,4,3,3,2,3,3,6,5,5,5,4,5,4,5,5,5,5,5,5,5,3,2,2,3.75,4.25,4.8,2.5,2.75,2.6,4.8,4.8,5.0,2.3333333333333335,1.0,-0.3333333333333333
S1-0221,Same-product,1,18,Male,4,5,6,7,6,2,6,5,3,6,5,4,5,6,5,5,2,2,1,5,5,6,4,5,3,5,3,4,3,4,4,4,5,5,5,4,3,3,3,3,3,3,3,3,3,2,2,6,4,6,5,5,5,5,6,6,6,6,5,4,6,3,3,2,4.25,3.5,4.6,3.25,3.0,2.4,5.0,5.8,5.0,2.6666666666666665,1.0,-0.3333333333333333
S1-0222,Similar-product,2,31,Male,5,5,3,3,4,1,5,4,4,4,1,2,2,5,5,5,3,3,3,4,4,5,4,5,3,6,4,4,5,3,4,5,4,4,6,4,5,4,4,3,3,3,4,4,4,4,3,4,4,5,4,4,4,5,5,4,5,6,5,4,5,3,5,4,4.5,4.0,4.6,4.25,3.25,3.8,4.2,5.0,4.666666666666667,4.0,-0.3333333333333333,-0.3333333333333333
S1-0223,Unrelated,0,34,Male,6,4,3,5,4,1,4,4,6,5,2,2,2,3,2,1,3,1,2,3,3,3,5,5,5,5,5,5,6,5,5,5,5,5,4,4,4,4,3,4,3,3,2,2,3,1,3,5,1,1,2,2,1,3,3,3,3,3,4,5,4,3,4,3,5.0,5.25,4.8,3.75,3.0,2.4,1.4,3.0,4.333333333333333,3.3333333333333335,-0.3333333333333333,-0.3333333333333333
S1-0224,Similar-product,2,34,Female,6,5,2,5,4,4,5,6,6,3,2,3,3,6,5,6,4,5,5,5,5,5,5,7,7,6,5,6,6,6,3,4,5,4,4,4,4,5,4,3,5,4,4,4,4,5,4,2,3,3,2,3,3,5,4,4,4,3,3,4,4,5,5,4,6.25,5.75,4.0,4.25,4.0,4.6,2.8,4.0,3.6666666666666665,4.666666666666667,-0.3333333333333333,-0.3333333333333333
S1-0225,Superior-alternative,3,38,Female,5,7,4,5,5,2,6,6,6,5,1,2,2,6,6,5,7,7,6,3,4,4,5,4,4,5,4,4,4,3,4,3,4,5,4,6,5,6,5,3,6,4,5,4,5,5,5,2,4,4,4,4,3,3,3,3,3,4,6,6,5,3,3,3,4.5,3.75,4.0,5.5,4.5,5.0,3.8,3.2,5.666666666666667,3.0,-0.3333333333333333,1.0
S1-0226,Same-product,1,32,Female,6,6,5,5,4,5,6,5,7,3,6,6,6,7,6,6,2,2,3,5,5,5,3,4,3,4,4,3,4,4,5,5,5,6,5,3,3,2,1,3,3,2,2,3,4,4,3,4,4,5,4,4,6,5,6,6,5,6,6,6,6,3,3,2,3.5,3.75,5.2,2.25,2.5,3.6,4.6,5.6,6.0,2.6666666666666665,1.0,-0.3333333333333333
S1-0227,Superior-alternative,3,29,Female,5,6,6,4,3,4,6,2,5,3,2,3,2,5,6,6,5,6,6,4,5,5,6,5,5,6,4,4,4,5,4,4,3,3,4,4,5,5,4,5,4,3,5,4,4,5,5,4,4,4,4,4,3,3,3,3,4,3,5,5,5,3,3,3,5.5,4.25,3.6,4.5,4.25,4.4,3.8,3.2,5.0,3.0,-0.3333333333333333,1.0
S1-0228,Same-product,1,18,Male,6,6,3,4,4,3,5,3,5,4,6,6,6,6,5,5,2,2,3,5,7,6,3,4,3,5,4,3,3,5,5,5,4,4,5,3,3,4,3,2,2,2,3,3,2,2,3,5,4,3,4,4,3,6,6,5,5,5,4,5,5,3,3,3,3.75,3.75,4.6,3.25,2.25,2.6,3.6,5.4,4.666666666666667,3.0,1.0,-0.3333333333333333
S1-0229,Unrelated,0,40,Female,5,6,2,6,4,3,5,6,5,5,3,3,2,3,2,2,2,1,2,2,2,3,5,5,5,5,5,5,5,5,5,6,6,6,6,2,3,2,3,1,3,2,1,1,2,1,2,6,3,3,5,4,3,5,3,5,4,4,4,4,3,4,5,5,5.0,5.0,5.8,2.5,1.75,1.6,3.6,4.2,3.6666666666666665,4.666666666666667,-0.3333333333333333,-0.3333333333333333
S1-0230,Same-product,1,19,Female,5,4,3,4,4,2,6,4,2,5,5,6,6,6,6,6,2,1,2,6,6,6,3,4,4,3,3,4,3,4,5,5,4,6,5,3,3,4,2,3,2,3,2,3,3,3,3,5,6,6,5,5,5,5,6,4,6,5,4,5,5,2,2,2,3.5,3.5,5.0,3.0,2.5,3.0,5.4,5.2,4.666666666666667,2.0,1.0,-0.3333333333333333
S1-0231,Unrelated,0,42,Female,6,5,3,3,6,4,5,4,6,4,1,2,1,2,2,2,3,3,3,2,2,2,7,7,6,7,5,5,6,6,6,7,6,6,6,1,1,3,2,2,2,2,2,3,3,1,2,6,2,2,2,2,2,2,3,3,3,2,3,4,4,5,4,4,6.75,5.5,6.2,1.75,2.0,2.2,2.0,2.6,3.6666666666666665,4.333333333333333,-0.3333333333333333,-0.3333333333333333
S1-0232,Superior-alternative,3,37,Female,6,5,3,4,5,4,5,5,5,5,2,2,1,6,6,6,5,6,6,4,4,5,4,5,5,5,3,5,4,5,3,2,3,1,2,6,5,6,5,4,5,5,6,5,5,6,5,2,5,4,6,6,4,5,5,4,5,6,5,5,4,4,4,4,4.75,4.25,2.2,5.5,5.0,5.4,5.0,5.0,4.666666666666667,4.0,-0.3333333333333333,1.0
S1-0233,Similar-product,2,25,Male,6,6,4,4,4,2,6,4,7,4,2,2,3,6,6,5,4,3,4,4,4,4,5,5,4,4,4,4,6,5,5,5,4,4,4,5,3,4,4,3,4,3,4,2,3,3,2,5,3,3,2,3,4,4,3,4,3,3,5,5,4,5,4,4,4.5,4.75,4.4,4.0,3.5,2.6,3.0,3.4,4.666666666666667,4.333333333333333,-0.3333333333333333,-0.3333333333333333
S1-0234,Similar-product,2,26,Female,6,5,2,6,5,2,7,4,3,4,1,2,2,6,6,5,3,4,3,4,4,5,4,4,5,5,5,4,6,5,5,6,5,5,6,3,4,5,4,3,3,3,4,2,2,3,4,5,3,4,3,4,3,4,5,4,6,5,5,4,5,4,3,4,4.5,5.0,5.4,4.0,3.25,2.8,3.4,4.8,4.666666666666667,3.6666666666666665,-0.3333333333333333,-0.3333333333333333
S1-0235,Superior-alternative,3,32,Female,5,6,4,6,5,2,4,6,7,5,2,2,1,5,5,6,5,6,5,5,5,5,5,4,5,6,4,4,5,4,4,3,4,4,3,5,5,5,4,5,5,6,5,4,5,5,6,4,4,4,4,4,3,5,5,4,5,5,5,5,5,2,3,2,5.0,4.25,3.6,4.75,5.25,4.8,3.8,4.8,5.0,2.3333333333333335,-0.3333333333333333,1.0
S1-0236,Superior-alternative,3,22,Male,6,5,3,5,4,3,3,5,5,4,3,3,3,7,6,6,4,5,5,5,4,5,5,5,5,5,4,4,4,4,3,4,4,4,4,5,5,5,5,4,4,5,4,4,4,4,4,4,4,5,3,4,4,4,3,5,5,4,5,5,5,4,5,5,5.0,4.0,3.8,5.0,4.25,4.0,4.0,4.2,5.0,4.666666666666667,-0.3333333333333333,1.0
S1-0237,Similar-product,2,18,Female,6,5,5,6,5,4,6,5,5,4,2,2,2,5,5,5,4,4,4,4,4,5,4,5,5,6,4,5,5,6,4,4,4,4,4,3,4,3,3,3,3,2,3,2,2,2,2,6,2,2,4,3,3,5,4,5,4,5,5,6,5,3,4,5,5.0,5.0,4.0,3.25,2.75,2.0,2.8,4.6,5.333333333333333,4.0,-0.3333333333333333,-0.3333333333333333
S1-0238,Superior-alternative,3,35,Male,6,6,2,5,2,1,6,6,4,6,2,1,3,6,6,6,5,6,5,4,5,4,4,5,5,5,4,5,5,6,4,3,3,4,4,6,5,5,5,6,5,4,5,5,5,5,5,2,4,4,5,5,5,5,4,6,6,5,5,5,6,4,3,3,4.75,5.0,3.6,5.25,5.0,5.2,4.6,5.2,5.333333333333333,3.3333333333333335,-0.3333333333333333,1.0
S1-0239,Superior-alternative,3,34,Male,4,5,4,5,5,2,5,4,5,5,1,2,1,6,5,5,5,5,6,4,4,4,5,5,4,4,4,4,4,4,4,4,4,5,4,4,4,3,4,3,3,4,3,5,6,5,4,3,2,4,3,4,4,4,4,4,5,4,6,5,5,2,2,2,4.5,4.0,4.2,3.75,3.25,5.0,3.4,4.2,5.333333333333333,2.0,-0.3333333333333333,1.0
S1-0240,Superior-alternative,3,40,Female,6,6,4,4,3,2,5,2,4,6,1,2,1,6,6,6,6,6,6,5,4,5,4,4,5,4,3,3,4,3,4,4,5,4,3,5,4,5,6,4,5,5,6,5,5,4,5,3,3,3,3,4,3,4,4,6,4,6,5,5,5,3,4,2,4.25,3.25,4.0,5.0,5.0,4.8,3.2,4.8,5.0,3.0,-0.3333333333333333,1.0
S1-0241,Same-product,1,29,Female,7,5,3,5,4,2,7,4,7,5,5,5,6,5,6,6,2,2,1,6,5,6,5,6,4,5,5,4,3,3,4,5,5,4,4,1,2,2,2,2,3,2,2,1,1,3,1,6,4,4,3,4,4,5,5,4,5,5,5,6,5,3,2,3,5.0,3.75,4.4,1.75,2.25,1.6,3.8,4.8,5.333333333333333,2.6666666666666665,1.0,-0.3333333333333333
S1-0242,Superior-alternative,3,29,Female,6,6,2,5,4,3,6,7,5,5,1,1,1,6,7,6,6,6,7,4,4,4,5,5,5,4,5,5,4,4,3,4,4,4,4,4,5,5,4,4,4,4,4,3,4,4,5,3,3,4,4,4,3,3,4,4,3,3,5,5,5,3,3,3,4.75,4.5,3.8,4.5,4.0,4.2,3.6,3.4,5.0,3.0,-0.3333333333333333,1.0
S1-0243,Similar-product,2,24,Male,5,4,5,3,4,3,4,5,4,6,2,1,2,6,7,6,4,4,3,4,3,4,4,4,4,5,4,5,4,3,4,5,4,5,5,5,4,6,3,4,3,4,3,3,3,3,3,5,3,3,3,3,4,5,5,5,6,5,4,3,4,4,5,4,4.25,4.0,4.6,4.5,3.5,3.0,3.2,5.2,3.6666666666666665,4.333333333333333,-0.3333333333333333,-0.3333333333333333
S1-0244,Superior-alternative,3,36,Female,5,4,5,4,4,4,5,5,3,6,2,2,1,5,6,6,6,6,6,5,5,5,5,4,5,5,3,5,4,4,3,3,2,3,1,5,5,5,6,7,5,5,5,6,5,5,6,2,4,4,4,4,4,4,3,2,3,2,3,4,5,2,3,3,4.75,4.0,2.4,5.25,5.5,5.6,4.0,2.8,4.0,2.6666666666666665,-0.3333333333333333,1.0
S1-0245,Superior-alternative,3,32,Female,5,6,3,7,5,3,6,5,4,5,3,2,2,6,6,6,5,5,6,4,5,5,6,4,5,6,4,4,4,5,3,3,3,1,3,6,6,7,6,6,6,6,6,5,5,4,4,3,4,4,4,4,4,4,3,3,3,4,5,6,6,3,3,3,5.25,4.25,2.6,6.25,6.0,4.6,4.0,3.4,5.666666666666667,3.0,-0.3333333333333333,1.0
S1-0246,Same-product,1,22,Female,5,6,4,4,4,3,4,5,4,4,5,6,6,6,6,6,2,2,3,4,5,6,4,4,3,4,4,4,4,4,4,4,4,5,3,3,3,3,4,3,4,4,3,4,3,3,3,5,4,6,5,6,5,5,5,5,6,4,5,3,4,3,4,3,3.75,4.0,4.0,3.25,3.5,3.2,5.2,5.0,4.0,3.3333333333333335,1.0,-0.3333333333333333
S1-0247,Unrelated,0,32,Female,7,6,3,7,6,5,6,5,4,4,1,2,1,2,2,2,2,2,3,3,2,2,5,6,4,5,5,5,6,4,7,6,5,6,6,3,3,3,3,3,3,4,2,3,3,2,1,6,3,3,1,2,3,3,3,3,3,4,2,3,2,5,5,6,5.0,5.0,6.0,3.0,3.0,2.2,2.4,3.2,2.3333333333333335,5.333333333333333,-0.3333333333333333,-0.3333333333333333
S1-0248,Unrelated,0,27,Male,7,5,4,7,4,4,4,5,5,4,1,1,1,3,2,2,1,1,1,2,2,3,4,5,4,5,4,5,3,5,6,5,5,5,6,3,2,3,2,1,3,2,1,2,2,2,1,6,4,5,4,4,3,2,3,3,2,3,3,3,3,4,4,4,4.5,4.25,5.4,2.5,1.75,1.8,4.0,2.6,3.0,4.0,-0.3333333333333333,-0.3333333333333333
S1-0249,Superior-alternative,3,33,Female,4,4,4,5,6,2,3,4,7,4,2,2,2,6,6,6,6,5,6,4,4,5,5,4,5,5,4,3,5,4,2,3,4,3,4,4,5,5,5,4,4,3,5,4,5,5,5,2,4,3,4,3,4,5,5,6,5,5,4,3,3,3,3,2,4.75,4.0,3.2,4.75,4.0,5.0,3.6,5.2,3.3333333333333335,2.6666666666666665,-0.3333333333333333,1.0
S1-0250,Same-product,1,37,Female,6,6,4,5,4,1,6,4,4,5,5,5,6,6,6,6,3,3,2,5,6,6,3,2,3,3,2,3,3,1,4,4,4,4,3,3,2,2,2,3,2,4,3,1,2,1,2,6,5,6,6,7,7,4,5,4,4,5,4,4,5,2,3,2,2.75,2.25,3.8,2.25,3.0,1.6,6.2,4.4,4.333333333333333,2.3333333333333335,1.0,-0.3333333333333333
S1-0251,Similar-product,2,28,Female,6,4,2,4,4,2,4,5,4,4,3,1,1,5,6,6,4,4,3,5,6,5,5,4,4,3,4,6,5,5,4,3,4,3,4,3,4,4,3,3,3,3,4,2,2,2,3,5,3,4,3,3,3,4,3,4,3,4,4,6,4,4,3,4,4.0,5.0,3.6,3.5,3.25,2.4,3.2,3.6,4.666666666666667,3.6666666666666665,-0.3333333333333333,-0.3333333333333333
S1-0252,Superior-alternative,3,47,Female,6,5,4,5,5,2,7,5,4,5,2,2,3,6,6,6,6,6,6,3,4,4,5,5,6,5,4,5,5,5,3,3,3,3,4,5,4,5,5,4,4,6,5,4,4,4,5,2,6,5,3,4,4,5,4,6,4,4,3,5,3,4,4,3,5.25,4.75,3.2,4.75,4.75,4.6,4.4,4.6,3.6666666666666665,3.6666666666666665,-0.3333333333333333,1.0
S1-0253,Same-product,1,32,Female,7,5,3,5,2,4,6,7,6,5,6,5,6,6,7,6,2,2,1,6,6,6,3,3,4,4,4,5,4,4,5,5,4,5,5,2,2,3,2,3,2,1,3,2,3,2,2,4,5,4,5,5,6,5,6,7,6,5,7,6,6,2,2,3,3.5,4.25,4.8,2.25,2.25,2.6,5.0,5.8,6.333333333333333,2.3333333333333335,1.0,-0.3333333333333333
S1-0254,Same-product,1,32,Female,6,5,2,5,4,2,5,5,4,7,7,6,6,5,5,6,2,2,2,6,6,6,4,3,3,3,3,3,2,3,6,5,7,6,5,2,2,2,2,2,2,2,1,1,1,2,1,6,5,4,5,5,6,5,5,6,5,6,5,5,5,1,2,2,3.25,2.75,5.8,2.0,1.75,1.4,5.0,5.4,5.0,1.6666666666666667,1.0,-0.3333333333333333
S1-0255,Same-product,1,26,Female,4,5,2,6,5,3,5,4,5,6,5,5,6,6,6,6,2,2,2,5,6,6,4,5,5,4,4,5,4,4,5,5,5,6,4,1,2,2,3,2,2,1,2,2,3,1,1,6,4,5,5,4,5,5,7,6,6,6,5,5,6,3,3,3,4.5,4.25,5.0,2.0,1.75,1.8,4.6,6.0,5.333333333333333,3.0,1.0,-0.3333333333333333
S1-0256,Similar-product,2,47,Female,6,6,4,4,4,3,7,7,5,4,3,2,2,5,5,6,4,3,3,4,4,4,5,5,6,5,5,5,5,4,6,5,5,5,6,2,2,2,2,3,3,2,3,3,2,3,2,6,4,4,4,3,3,4,4,4,5,4,5,6,5,4,3,4,5.25,4.75,5.4,2.0,2.75,2.4,3.6,4.2,5.333333333333333,3.6666666666666665,-0.3333333333333333,-0.3333333333333333
S1-0257,Same-product,1,19,Male,4,6,4,5,4,2,6,5,3,4,6,6,5,6,6,6,2,2,3,5,6,7,4,4,3,4,4,4,3,5,4,5,5,4,5,3,3,3,3,3,3,3,3,2,2,2,3,5,4,3,5,4,4,4,5,5,4,5,5,4,5,3,3,2,3.75,4.0,4.6,3.0,3.0,2.4,4.0,4.6,4.666666666666667,2.6666666666666665,1.0,-0.3333333333333333
S1-0258,Superior-alternative,3,38,Female,6,6,4,5,4,5,3,5,4,5,2,2,1,6,5,6,5,5,6,4,5,4,5,5,6,5,5,5,4,5,3,3,3,3,3,4,5,5,5,4,5,4,3,4,4,5,3,3,4,3,4,5,4,6,4,4,4,4,6,6,6,4,4,4,5.25,4.75,3.0,4.75,4.0,4.2,4.0,4.4,6.0,4.0,-0.3333333333333333,1.0
S1-0259,Same-product,1,28,Female,5,5,2,6,4,5,7,4,4,6,6,6,6,6,7,5,2,2,2,6,7,7,4,2,3,3,2,4,3,3,5,5,6,6,5,2,2,3,2,2,2,3,1,3,1,2,2,6,5,6,5,6,6,6,6,5,6,7,4,5,5,3,3,3,3.0,3.0,5.4,2.25,2.0,2.0,5.6,6.0,4.666666666666667,3.0,1.0,-0.3333333333333333
S1-0260,Similar-product,2,24,Male,5,6,4,5,4,2,5,4,6,4,2,2,2,5,5,6,4,4,3,4,4,4,5,4,3,6,3,5,4,4,3,4,4,3,4,2,4,4,3,4,3,3,4,3,3,3,3,5,5,3,5,4,4,6,5,4,5,5,5,4,5,3,2,4,4.5,4.0,3.6,3.25,3.5,3.0,4.2,5.0,4.666666666666667,3.0,-0.3333333333333333,-0.3333333333333333
S1-0261,Superior-alternative,3,40,Female,6,5,5,6,4,1,6,4,5,6,1,2,2,5,6,5,5,5,5,4,5,5,4,5,5,5,5,5,4,4,4,3,4,4,3,6,5,5,6,5,5,5,5,5,4,6,5,3,5,4,4,4,4,5,4,5,5,5,5,6,5,3,3,2,4.75,4.5,3.6,5.5,5.0,5.0,4.2,4.8,5.333333333333333,2.6666666666666665,-0.3333333333333333,1.0
S1-0262,Same-product,1,21,Male,5,4,4,7,4,2,5,4,5,7,4,6,5,7,7,7,2,2,2,5,5,6,2,2,1,2,3,3,3,2,4,5,4,4,5,3,4,4,2,2,3,3,3,3,4,3,4,5,6,5,6,5,6,4,5,4,5,4,4,5,5,3,2,3,1.75,2.75,4.4,3.25,2.75,3.4,5.6,4.4,4.666666666666667,2.6666666666666665,1.0,-0.3333333333333333
S1-0263,Unrelated,0,29,Nonbinary/Other,6,6,3,4,6,4,5,5,5,6,1,1,1,2,2,2,3,1,2,2,3,1,6,6,5,5,4,5,5,5,5,4,4,6,5,2,2,2,2,2,3,3,2,3,3,3,2,5,3,4,3,3,3,3,3,3,3,3,3,3,4,4,4,6,5.5,4.75,4.8,2.0,2.5,2.8,3.2,3.0,3.3333333333333335,4.666666666666667,-0.3333333333333333,-0.3333333333333333
S1-0264,Unrelated,0,30,Female,5,6,4,5,4,3,6,3,4,3,2,2,3,2,2,2,2,2,2,2,3,3,3,4,5,4,4,4,5,5,6,5,6,4,5,3,2,2,2,1,3,3,2,3,2,3,2,6,4,3,3,4,3,3,2,1,4,2,4,4,3,5,5,5,4.0,4.5,5.2,2.25,2.25,2.4,3.4,2.4,3.6666666666666665,5.0,-0.3333333333333333,-0.3333333333333333
S1-0265,Unrelated,0,38,Nonbinary/Other,4,5,4,5,5,2,7,4,5,5,1,1,1,2,3,3,2,2,1,2,2,2,6,4,5,5,6,5,4,5,6,6,4,5,5,2,2,3,2,2,3,2,2,3,3,2,3,5,3,2,2,3,3,3,2,2,3,2,3,3,2,4,5,5,5.0,5.0,5.2,2.25,2.25,2.8,2.6,2.4,2.6666666666666665,4.666666666666667,-0.3333333333333333,-0.3333333333333333
S1-0266,Unrelated,0,36,Female,5,5,3,4,6,3,4,5,3,5,2,1,2,3,3,2,1,2,2,2,2,3,5,5,6,5,5,5,5,6,5,4,5,5,4,3,2,3,3,3,3,3,3,3,3,2,3,5,2,2,2,2,2,2,4,4,3,2,3,4,4,5,5,5,5.25,5.25,4.6,2.75,3.0,2.8,2.0,3.0,3.6666666666666665,5.0,-0.3333333333333333,-0.3333333333333333
S1-0267,Similar-product,2,34,Male,4,6,3,6,5,5,5,6,6,7,2,2,3,6,6,4,3,3,4,5,4,5,4,5,5,5,5,5,4,4,4,4,4,3,4,3,3,3,4,3,4,4,4,2,3,5,3,4,3,3,4,3,4,4,3,3,3,3,5,6,5,3,3,3,4.75,4.5,3.8,3.25,3.75,3.4,3.4,3.2,5.333333333333333,3.0,-0.3333333333333333,-0.3333333333333333
S1-0268,Same-product,1,25,Female,5,5,3,4,5,3,6,4,4,5,4,6,6,5,6,7,3,2,3,6,6,5,2,3,4,3,5,4,3,3,5,5,4,5,5,3,3,3,3,2,2,3,3,2,1,2,3,5,4,5,5,5,5,6,7,6,6,7,5,6,5,3,3,3,3.0,3.75,4.8,3.0,2.5,2.2,4.8,6.4,5.333333333333333,3.0,1.0,-0.3333333333333333
S1-0269,Superior-alternative,3,38,Female,6,5,5,5,4,3,6,5,5,6,2,2,2,5,6,6,5,5,6,4,4,4,5,5,6,5,4,4,4,4,3,4,3,4,3,4,4,3,5,4,5,5,4,5,4,4,4,3,4,4,4,3,4,4,5,4,4,5,5,6,7,4,3,5,5.25,4.0,3.4,4.0,4.5,4.4,3.8,4.4,6.0,4.0,-0.3333333333333333,1.0
S1-0270,Same-product,1,25,Male,6,5,3,5,3,3,4,4,4,4,6,6,6,6,6,6,2,3,2,6,6,6,4,3,3,3,4,3,4,3,4,5,5,4,5,3,2,4,4,3,3,3,3,3,4,3,4,4,5,5,6,6,5,6,7,7,6,6,5,7,6,3,2,4,3.25,3.5,4.6,3.25,3.0,3.6,5.4,6.4,6.0,3.0,1.0,-0.3333333333333333
S1-0271,Same-product,1,28,Male,6,5,2,4,5,1,5,5,2,4,6,6,6,7,6,7,3,2,1,6,6,7,4,2,3,3,3,2,2,3,6,5,5,5,6,3,2,1,4,2,2,3,3,2,2,3,2,5,5,5,6,5,5,5,6,6,6,6,6,5,6,2,1,2,3.0,2.5,5.4,2.5,2.5,2.4,5.2,5.8,5.666666666666667,1.6666666666666667,1.0,-0.3333333333333333
S1-0272,Similar-product,2,20,Male,4,5,5,6,5,2,5,4,7,5,2,3,2,6,6,6,4,4,4,4,4,4,5,5,6,5,4,4,5,4,5,5,4,5,4,4,2,4,3,4,3,5,3,3,4,4,4,5,5,5,6,5,4,5,4,5,4,5,6,5,5,3,3,3,5.25,4.25,4.6,3.25,3.75,3.6,5.0,4.6,5.333333333333333,3.0,-0.3333333333333333,-0.3333333333333333
S1-0273,Same-product,1,30,Female,5,5,6,5,2,4,6,4,4,5,4,5,5,6,7,6,2,2,1,5,6,7,3,3,3,3,4,4,3,3,6,5,5,5,5,2,1,1,2,3,3,2,2,1,1,2,1,7,6,5,5,5,5,5,5,5,5,7,5,5,5,3,3,3,3.0,3.5,5.2,1.5,2.5,1.2,5.2,5.4,5.0,3.0,1.0,-0.3333333333333333
S1-0274,Unrelated,0,34,Female,5,5,4,4,3,5,5,5,5,5,2,2,1,2,2,1,2,3,2,3,1,2,6,6,6,6,5,6,6,6,5,5,5,6,6,3,4,2,3,3,2,2,2,1,1,2,2,7,2,1,1,2,1,2,2,2,2,2,4,4,3,4,4,4,6.0,5.75,5.4,3.0,2.25,1.4,1.4,2.0,3.6666666666666665,4.0,-0.3333333333333333,-0.3333333333333333
S1-0275,Superior-alternative,3,40,Male,5,5,5,4,4,4,4,7,4,5,2,2,2,6,7,7,7,7,6,4,4,4,5,5,4,4,4,5,4,5,3,3,4,3,3,6,4,6,6,5,4,5,4,5,5,4,6,4,4,4,4,4,4,6,5,6,4,5,5,5,6,2,4,2,4.5,4.5,3.2,5.5,4.5,4.8,4.0,5.2,5.333333333333333,2.6666666666666665,-0.3333333333333333,1.0
S1-0276,Superior-alternative,3,42,Female,6,6,3,5,4,2,4,6,5,6,1,2,1,6,6,6,6,6,6,5,4,4,4,4,5,5,3,4,4,4,4,5,3,4,5,5,4,5,4,4,6,5,5,3,4,4,3,4,3,3,3,4,4,3,4,4,4,4,4,5,4,2,2,2,4.5,3.75,4.2,4.5,5.0,3.6,3.4,3.8,4.333333333333333,2.0,-0.3333333333333333,1.0
S1-0277,Similar-product,2,38,Male,5,5,2,3,4,2,5,4,4,6,2,3,2,5,6,6,4,4,3,4,4,4,5,4,4,5,4,4,3,5,5,5,5,5,4,3,4,3,3,3,3,3,3,3,2,3,4,5,3,5,3,2,3,4,3,4,4,4,5,4,5,2,3,3,4.5,4.0,4.8,3.25,3.0,3.0,3.2,3.8,4.666666666666667,2.6666666666666665,-0.3333333333333333,-0.3333333333333333
S1-0278,Superior-alternative,3,28,Male,5,5,4,4,4,4,5,5,4,6,1,2,2,6,5,6,5,5,6,5,3,4,5,3,3,4,4,4,4,6,2,2,2,3,4,6,5,5,6,5,4,4,5,5,4,4,6,2,3,4,4,3,2,4,4,5,4,4,4,5,3,5,5,6,3.75,4.5,2.6,5.5,4.5,5.0,3.2,4.2,4.0,5.333333333333333,-0.3333333333333333,1.0
S1-0279,Unrelated,0,24,Male,5,5,5,2,3,1,4,4,5,5,1,1,2,2,3,2,2,2,1,4,3,2,5,4,6,4,5,4,6,5,4,5,4,4,5,3,4,3,3,3,2,2,3,3,3,3,4,5,2,2,3,1,3,1,2,2,1,1,4,4,4,2,3,4,4.75,5.0,4.4,3.25,2.5,3.2,2.2,1.4,4.0,3.0,-0.3333333333333333,-0.3333333333333333
S1-0280,Same-product,1,34,Female,5,7,1,6,4,4,4,4,5,5,6,6,6,6,6,6,3,2,3,5,5,5,4,4,4,3,4,4,4,5,4,5,5,5,4,2,3,4,4,3,3,3,3,5,4,4,4,5,6,6,5,5,5,5,5,5,4,4,4,4,5,1,2,2,3.75,4.25,4.6,3.25,3.0,4.0,5.4,4.6,4.333333333333333,1.6666666666666667,1.0,-0.3333333333333333
S1-0281,Same-product,1,26,Male,5,4,3,4,5,1,5,5,5,5,5,6,6,7,6,7,2,2,2,4,5,5,3,4,4,5,4,4,4,4,4,4,4,3,4,5,3,4,5,4,3,3,3,3,3,3,2,6,5,4,4,5,5,5,5,5,4,6,6,5,6,3,3,4,4.0,4.0,3.8,4.25,3.25,2.6,4.6,5.0,5.666666666666667,3.3333333333333335,1.0,-0.3333333333333333
S1-0282,Same-product,1,18,Female,6,5,4,5,5,1,4,3,4,5,5,5,6,6,6,6,4,2,2,6,6,6,4,3,3,4,3,3,4,4,6,7,6,7,6,3,1,2,3,1,2,2,2,3,3,3,3,6,5,5,6,3,5,5,4,5,5,5,4,6,4,2,2,3,3.5,3.5,6.4,2.25,1.75,2.8,4.8,4.8,4.666666666666667,2.3333333333333335,1.0,-0.3333333333333333
S1-0283,Same-product,1,40,Male,5,5,3,5,6,4,4,5,5,4,5,6,4,7,6,7,3,2,2,6,7,6,5,4,3,4,4,4,5,4,5,5,5,5,4,3,3,3,3,3,3,3,3,2,3,3,2,5,4,5,4,4,4,5,4,5,6,6,3,4,3,4,3,2,4.0,4.25,4.8,3.0,3.0,2.6,4.2,5.2,3.3333333333333335,3.0,1.0,-0.3333333333333333
S1-0284,Same-product,1,27,Female,4,4,4,3,3,2,6,3,5,6,6,6,7,7,7,7,3,3,2,7,5,6,3,4,3,2,3,3,4,3,5,4,4,5,5,3,3,3,2,2,3,3,2,2,2,2,3,6,4,5,5,5,5,6,5,5,5,7,4,4,4,2,3,2,3.0,3.25,4.6,2.75,2.5,2.2,4.8,5.6,4.0,2.3333333333333335,1.0,-0.3333333333333333
S1-0285,Unrelated,0,31,Male,6,4,2,4,4,2,4,4,5,5,2,2,2,2,3,2,2,2,2,2,2,2,5,5,4,5,6,6,6,5,4,5,6,5,5,2,2,4,2,2,3,3,2,1,3,3,2,6,2,3,3,3,3,3,3,3,4,3,5,4,4,4,6,5,4.75,5.75,5.0,2.5,2.5,2.2,2.8,3.2,4.333333333333333,5.0,-0.3333333333333333,-0.3333333333333333
S1-0286,Superior-alternative,3,24,Male,6,5,3,5,3,2,6,3,4,5,2,1,2,6,7,7,5,6,6,4,4,4,5,5,5,5,5,5,5,4,3,3,3,4,3,5,4,5,5,5,5,4,3,5,4,5,5,4,4,4,3,4,4,4,4,4,4,3,4,5,5,4,3,5,5.0,4.75,3.2,4.75,4.25,4.6,3.8,3.8,4.666666666666667,4.0,-0.3333333333333333,1.0
S1-0287,Unrelated,0,30,Male,5,4,4,4,4,5,6,5,3,4,2,2,1,3,3,2,2,2,2,2,2,2,4,5,5,5,4,5,5,6,6,7,5,6,6,2,2,3,3,3,2,3,3,2,3,3,2,6,3,3,2,2,2,3,2,3,2,2,3,2,3,4,4,5,4.75,5.0,6.0,2.5,2.75,2.4,2.4,2.4,2.6666666666666665,4.333333333333333,-0.3333333333333333,-0.3333333333333333
S1-0288,Unrelated,0,36,Male,6,5,3,3,3,3,3,3,4,4,3,3,3,3,4,3,2,1,3,3,3,3,6,6,6,6,5,5,6,6,5,5,6,4,5,3,3,3,3,3,1,3,3,3,2,2,2,5,2,1,1,1,1,3,2,2,1,2,5,4,5,5,6,5,6.0,5.5,5.0,3.0,2.5,2.4,1.2,2.0,4.666666666666667,5.333333333333333,-0.3333333333333333,-0.3333333333333333
S1-0289,Unrelated,0,30,Female,6,5,5,4,4,1,5,4,4,4,2,1,1,3,2,1,1,2,2,2,1,1,4,5,5,5,6,5,5,5,6,7,5,6,6,1,2,1,3,2,1,1,1,3,2,2,2,6,3,2,3,2,3,3,3,3,3,4,3,3,4,6,5,5,4.75,5.25,6.0,1.75,1.25,2.2,2.6,3.2,3.3333333333333335,5.333333333333333,-0.3333333333333333,-0.3333333333333333
S1-0290,Same-product,1,31,Male,6,6,2,3,4,3,3,4,5,4,6,6,5,6,7,7,1,2,2,6,5,6,2,2,4,2,2,3,4,3,5,5,4,5,4,3,3,3,3,2,3,2,2,2,3,1,3,6,6,7,6,6,6,5,5,6,6,6,5,5,5,4,1,2,2.5,3.0,4.6,3.0,2.25,2.2,6.2,5.6,5.0,2.3333333333333335,1.0,-0.3333333333333333
S1-0291,Superior-alternative,3,33,Female,6,5,5,5,4,2,6,4,5,5,1,2,1,5,6,5,6,6,6,5,4,5,5,6,5,6,5,5,4,5,2,3,3,3,3,5,5,5,5,5,5,4,5,5,5,4,5,2,3,4,3,3,3,4,3,4,5,4,5,6,6,3,3,3,5.5,4.75,2.8,5.0,4.75,5.0,3.2,4.0,5.666666666666667,3.0,-0.3333333333333333,1.0
S1-0292,Unrelated,0,50,Female,7,5,3,5,4,2,7,3,5,5,2,2,2,3,3,2,2,2,1,2,2,2,4,5,4,5,5,4,4,4,4,4,5,4,4,3,4,1,3,2,1,3,2,3,2,2,2,4,3,3,2,2,2,3,3,3,3,3,4,3,4,5,5,4,4.5,4.25,4.2,2.75,2.0,2.6,2.4,3.0,3.6666666666666665,4.666666666666667,-0.3333333333333333,-0.3333333333333333
S1-0293,Unrelated,0,39,Male,5,6,4,5,6,6,5,6,5,5,1,2,1,2,2,2,3,2,2,2,2,2,5,5,4,5,6,6,6,6,5,4,5,6,5,2,3,2,3,3,4,4,3,2,3,2,3,6,3,4,2,3,2,3,4,4,3,4,2,4,2,5,4,4,4.75,6.0,5.0,2.5,3.5,2.4,2.8,3.6,2.6666666666666665,4.333333333333333,-0.3333333333333333,-0.3333333333333333
S1-0294,Superior-alternative,3,32,Female,5,6,4,6,4,4,5,4,3,4,2,2,2,7,7,6,5,5,5,4,4,4,4,5,4,4,3,4,5,4,2,3,3,3,4,5,5,5,4,5,5,5,5,4,4,4,3,4,4,4,4,4,4,3,3,4,4,3,5,4,5,4,4,3,4.25,4.0,3.0,4.75,5.0,3.8,4.0,3.4,4.666666666666667,3.6666666666666665,-0.3333333333333333,1.0
S1-0295,Superior-alternative,3,24,Female,5,6,3,5,4,3,6,6,4,5,1,1,2,6,6,6,5,6,6,4,4,4,5,4,5,4,5,5,5,5,4,4,3,4,3,6,4,5,6,5,4,5,4,3,3,3,4,4,3,4,3,4,3,5,4,5,4,6,5,6,5,3,3,3,4.5,5.0,3.6,5.25,4.5,3.4,3.4,4.8,5.333333333333333,3.0,-0.3333333333333333,1.0
S1-0296,Unrelated,0,38,Female,7,6,2,4,3,5,5,6,3,3,2,1,1,2,2,2,1,1,1,2,1,2,5,5,5,5,6,5,6,4,6,5,5,6,6,3,3,2,2,2,2,3,4,2,1,1,1,7,2,2,3,2,3,3,4,2,3,3,3,3,2,4,5,3,5.0,5.25,5.6,2.5,2.75,1.2,2.4,3.0,2.6666666666666665,4.0,-0.3333333333333333,-0.3333333333333333
S1-0297,Unrelated,0,22,Female,5,5,3,4,4,1,7,3,5,6,2,2,1,3,2,2,2,2,3,2,2,3,5,5,5,6,5,5,5,6,5,5,5,5,5,3,4,3,3,2,1,2,2,3,3,2,2,6,1,1,1,3,3,3,4,3,1,3,4,4,3,3,3,3,5.25,5.25,5.0,3.25,1.75,2.4,1.8,2.8,3.6666666666666665,3.0,-0.3333333333333333,-0.3333333333333333
S1-0298,Similar-product,2,28,Male,5,5,2,5,4,4,6,4,6,7,2,2,2,6,6,6,3,3,2,5,5,5,6,5,5,5,4,5,3,5,4,3,4,3,4,3,3,2,3,3,4,3,3,3,2,3,2,6,4,2,4,3,3,4,5,5,4,5,5,5,5,5,4,5,5.25,4.25,3.6,2.75,3.25,2.4,3.2,4.6,5.0,4.666666666666667,-0.3333333333333333,-0.3333333333333333
S1-0299,Unrelated,0,20,Female,7,5,3,5,4,4,7,6,6,4,2,2,2,2,2,2,2,2,2,3,3,3,4,4,4,4,3,4,4,4,5,5,6,5,5,3,3,4,4,2,4,4,3,4,4,3,3,5,4,3,3,3,4,2,1,1,3,1,3,3,3,6,4,6,4.0,3.75,5.2,3.5,3.25,3.4,3.4,1.6,3.0,5.333333333333333,-0.3333333333333333,-0.3333333333333333
S1-0300,Superior-alternative,3,35,Female,6,4,3,3,3,3,6,5,7,4,2,2,2,5,6,6,6,6,6,5,5,5,4,5,4,5,5,4,5,5,3,4,3,4,3,5,5,5,5,4,5,4,3,3,3,4,4,4,4,3,4,3,4,4,4,5,4,4,5,4,5,3,3,3,4.5,4.75,3.4,5.0,4.0,3.6,3.6,4.2,4.666666666666667,3.0,-0.3333333333333333,1.0
S1-0301,Same-product,1,23,Male,5,5,4,7,3,1,5,5,3,4,6,5,6,6,7,7,3,3,3,5,6,6,3,3,3,3,3,3,4,3,5,5,4,5,5,2,3,3,2,2,3,3,2,1,2,1,2,7,5,6,6,6,6,7,6,6,7,7,6,5,6,3,3,3,3.0,3.25,4.8,2.5,2.5,1.4,5.8,6.6,5.666666666666667,3.0,1.0,-0.3333333333333333
S1-0302,Similar-product,2,30,Male,4,5,3,5,4,3,4,3,4,4,2,2,2,6,7,6,3,3,3,5,5,6,4,4,6,5,3,4,4,4,4,4,4,4,4,4,4,4,4,3,2,4,3,2,3,3,3,5,5,4,4,5,5,5,4,3,5,4,5,4,4,3,3,5,4.75,3.75,4.0,4.0,3.0,2.8,4.6,4.2,4.333333333333333,3.6666666666666665,-0.3333333333333333,-0.3333333333333333
S1-0303,Unrelated,0,33,Female,4,4,5,5,5,2,5,4,4,4,2,2,2,2,2,1,2,2,2,3,3,2,6,5,5,6,5,4,6,5,4,4,5,5,5,3,4,2,3,3,3,2,2,2,3,3,2,6,3,3,2,2,3,3,4,4,4,5,4,4,4,3,3,3,5.5,5.0,4.6,3.0,2.5,2.4,2.6,4.0,4.0,3.0,-0.3333333333333333,-0.3333333333333333
S1-0304,Same-product,1,45,Male,5,3,3,3,3,3,6,5,5,6,5,6,6,6,7,7,3,2,2,4,6,5,3,3,3,3,3,3,3,4,7,7,6,6,6,3,4,2,2,3,4,3,3,3,2,3,2,5,5,6,5,6,6,5,5,6,6,6,5,5,6,3,2,2,3.0,3.25,6.4,2.75,3.25,2.6,5.6,5.6,5.333333333333333,2.3333333333333335,1.0,-0.3333333333333333
S1-0305,Similar-product,2,31,Male,6,5,3,6,5,3,5,5,5,4,2,2,2,6,6,5,4,4,4,5,5,5,4,4,4,4,4,4,3,4,5,5,5,4,5,4,3,5,4,4,5,4,5,3,4,3,5,5,4,4,4,4,3,4,5,5,5,3,5,5,5,4,3,3,4.0,3.75,4.8,4.0,4.5,3.6,3.8,4.4,5.0,3.3333333333333335,-0.3333333333333333,-0.3333333333333333
S1-0306,Unrelated,0,41,Female,5,5,5,5,4,4,7,3,6,4,1,1,1,2,2,3,3,3,3,2,2,2,5,3,4,4,4,6,5,5,5,6,5,6,5,1,2,2,2,3,3,3,3,2,2,3,1,6,4,4,3,4,4,3,2,2,2,2,3,4,3,5,4,4,4.0,5.0,5.4,1.75,3.0,2.0,3.8,2.2,3.3333333333333335,4.333333333333333,-0.3333333333333333,-0.3333333333333333
S1-0307,Superior-alternative,3,25,Male,6,6,5,3,5,1,4,4,6,6,1,2,2,6,6,5,5,5,6,4,4,4,5,4,4,5,4,4,4,3,2,5,4,2,4,4,5,5,5,5,4,5,5,4,4,5,5,5,5,4,5,4,4,4,5,4,4,4,5,4,5,4,4,4,4.5,3.75,3.4,4.75,4.75,4.2,4.4,4.2,4.666666666666667,4.0,-0.3333333333333333,1.0
S1-0308,Similar-product,2,25,Female,6,5,2,4,3,4,5,4,5,5,1,2,2,6,5,6,3,3,3,3,4,4,3,4,4,3,3,3,4,4,6,5,5,6,5,2,2,3,3,3,2,2,2,3,2,2,2,6,4,5,4,5,5,5,5,4,4,5,6,5,5,3,5,4,3.5,3.5,5.4,2.5,2.25,2.2,4.6,4.6,5.333333333333333,4.0,-0.3333333333333333,-0.3333333333333333
S1-0309,Unrelated,0,37,Female,5,5,5,6,6,5,4,6,4,6,2,1,1,2,1,2,2,2,2,3,2,2,6,6,5,5,5,6,6,6,5,5,5,5,5,2,3,3,3,3,4,2,4,2,3,2,3,6,2,3,3,4,3,2,2,3,2,3,3,3,2,5,5,5,5.5,5.75,5.0,2.75,3.25,2.4,3.0,2.4,2.6666666666666665,5.0,-0.3333333333333333,-0.3333333333333333
S1-0310,Unrelated,0,18,Male,5,5,4,6,3,2,5,6,5,5,1,1,2,1,2,2,1,2,1,2,3,2,5,4,6,5,5,5,4,6,7,6,5,7,6,3,2,2,3,1,2,2,2,1,2,2,2,7,1,2,3,3,3,3,3,3,4,3,4,3,4,4,4,5,5.0,5.0,6.2,2.5,1.75,1.6,2.4,3.2,3.6666666666666665,4.333333333333333,-0.3333333333333333,-0.3333333333333333
S1-0311,Similar-product,2,24,Female,4,5,1,5,5,4,4,5,5,3,2,1,2,5,5,6,4,3,3,5,4,4,6,4,5,5,3,3,5,5,5,4,7,5,7,3,3,4,3,3,3,4,3,3,2,2,3,5,4,3,3,3,2,4,3,4,4,5,5,4,4,3,3,3,5.0,4.0,5.6,3.25,3.25,2.6,3.0,4.0,4.333333333333333,3.0,-0.3333333333333333,-0.3333333333333333
S1-0312,Same-product,1,35,Male,4,6,4,3,3,3,5,4,4,6,6,6,6,5,6,5,2,3,2,6,6,6,5,3,4,4,3,4,4,4,3,6,4,5,5,3,2,1,2,3,3,4,3,3,2,3,3,6,5,4,4,4,5,6,4,6,5,6,6,4,4,1,2,2,4.0,3.75,4.6,2.0,3.25,2.6,4.4,5.4,4.666666666666667,1.6666666666666667,1.0,-0.3333333333333333
S1-0313,Superior-alternative,3,34,Male,5,4,4,5,5,3,6,5,4,4,2,2,2,6,6,5,6,6,7,4,5,4,5,5,5,6,5,5,5,5,3,3,3,3,4,6,5,5,5,6,5,5,7,4,4,6,5,2,2,3,3,4,4,4,4,5,5,5,5,5,5,4,4,4,5.25,5.0,3.2,5.25,5.75,5.0,3.2,4.6,5.0,4.0,-0.3333333333333333,1.0
S1-0314,Same-product,1,30,Male,6,6,3,5,5,1,4,3,5,6,5,6,6,5,5,5,3,2,2,6,6,6,3,2,3,4,3,3,3,3,5,4,4,4,5,4,4,3,4,3,3,3,3,2,3,2,2,5,5,5,5,5,5,5,5,4,4,5,4,5,6,3,2,3,3.0,3.0,4.4,3.75,3.0,2.4,5.0,4.6,5.0,2.6666666666666665,1.0,-0.3333333333333333
S1-0315,Same-product,1,30,Female,7,7,3,5,5,5,4,4,4,5,5,7,6,5,6,5,2,1,2,5,6,6,4,4,3,4,4,3,3,5,5,4,5,4,5,4,2,3,3,2,2,2,2,1,3,2,1,6,5,6,5,4,6,6,5,6,5,7,5,6,4,4,3,4,3.75,3.75,4.6,3.0,2.0,1.8,5.2,5.8,5.0,3.6666666666666665,1.0,-0.3333333333333333
S1-0316,Unrelated,0,22,Male,6,5,3,4,3,7,4,4,1,6,2,2,2,3,1,2,2,2,2,3,3,3,5,6,5,6,6,6,6,6,5,5,4,6,5,2,2,2,3,3,2,3,3,2,3,3,3,5,4,2,2,3,3,3,4,3,3,4,3,3,3,3,3,2,5.5,6.0,5.0,2.25,2.75,2.8,2.8,3.4,3.0,2.6666666666666665,-0.3333333333333333,-0.3333333333333333
S1-0317,Similar-product,2,31,Female,5,5,5,6,4,1,6,4,5,4,2,3,3,5,6,6,3,4,3,5,5,4,4,4,3,4,4,4,3,3,5,4,5,5,5,4,3,5,5,3,3,2,2,2,2,3,3,5,4,3,4,4,5,4,4,3,5,4,5,6,5,3,3,4,3.75,3.5,4.8,4.25,2.5,2.6,4.0,4.0,5.333333333333333,3.3333333333333335,-0.3333333333333333,-0.3333333333333333
S1-0318,Same-product,1,25,Female,5,5,3,4,5,4,7,5,5,7,5,5,6,5,5,5,2,1,2,6,5,7,4,2,3,3,4,3,4,5,4,4,5,4,5,3,2,2,2,3,3,3,3,2,3,3,3,5,5,5,5,5,4,6,6,6,7,6,5,5,7,4,3,3,3.0,4.0,4.4,2.25,3.0,2.8,4.8,6.2,5.666666666666667,3.3333333333333335,1.0,-0.3333333333333333
S1-0319,Superior-alternative,3,34,Male,6,4,4,5,4,1,4,5,5,5,2,2,2,6,6,5,5,6,5,5,5,5,5,4,6,5,5,6,4,5,3,3,4,3,3,5,5,4,5,5,5,4,5,5,4,4,4,3,4,4,4,4,4,4,4,4,5,4,5,4,5,3,2,3,5.0,5.0,3.2,4.75,4.75,4.4,4.0,4.2,4.666666666666667,2.6666666666666665,-0.3333333333333333,1.0
S1-0320,Similar-product,2,42,Male,5,5,3,5,5,1,5,5,4,6,2,3,1,6,6,6,3,3,4,3,4,4,4,5,5,5,4,3,5,4,5,4,4,4,5,3,4,4,3,4,3,2,4,3,3,3,3,5,4,4,4,4,3,4,5,5,4,5,4,4,4,4,5,4,4.75,4.0,4.4,3.5,3.25,3.0,3.8,4.6,4.0,4.333333333333333,-0.3333333333333333,-0.3333333333333333
S1-0321,Similar-product,2,18,Female,6,4,1,5,3,2,5,4,3,5,2,3,2,6,6,5,4,3,4,4,4,5,4,3,4,4,4,5,5,6,5,4,5,5,5,2,3,2,4,2,3,2,2,3,3,3,3,6,4,4,3,3,4,4,3,3,3,3,4,5,4,3,3,3,3.75,5.0,4.8,2.75,2.25,2.8,3.6,3.2,4.333333333333333,3.0,-0.3333333333333333,-0.3333333333333333
S1-0322,Similar-product,2,24,Male,6,4,2,3,4,2,5,5,3,3,1,2,1,7,6,7,3,4,4,4,4,3,4,4,4,5,4,4,4,4,4,6,4,5,5,4,4,4,4,3,3,4,3,4,4,4,3,4,4,4,4,3,3,3,4,3,3,3,4,5,6,4,4,4,4.25,4.0,4.8,4.0,3.25,3.8,3.6,3.2,5.0,4.0,-0.3333333333333333,-0.3333333333333333
S1-0323,Unrelated,0,25,Male,6,5,5,3,3,2,6,6,4,4,1,2,2,2,2,2,1,2,2,4,3,2,5,4,4,4,4,4,4,4,6,6,6,6,7,1,1,2,2,2,1,1,1,2,1,2,2,7,2,3,3,1,3,2,1,2,2,1,4,4,5,5,6,6,4.25,4.0,6.2,1.5,1.25,1.6,2.4,1.6,4.333333333333333,5.666666666666667,-0.3333333333333333,-0.3333333333333333
S1-0324,Similar-product,2,36,Male,4,4,1,4,5,2,5,3,4,5,2,2,2,5,5,5,3,4,4,4,4,5,4,4,4,4,4,3,4,4,4,4,3,5,4,4,4,4,4,4,5,5,4,3,2,3,4,5,5,5,4,5,4,5,5,6,5,5,6,5,5,4,4,5,4.0,3.75,4.0,4.0,4.5,3.0,4.6,5.2,5.333333333333333,4.333333333333333,-0.3333333333333333,-0.3333333333333333
S1-0325,Unrelated,0,21,Male,5,4,4,4,5,3,5,4,6,6,2,2,1,3,2,1,3,3,2,3,3,2,6,6,6,5,6,5,5,6,5,5,5,6,5,2,2,3,2,2,2,2,3,2,1,2,2,6,2,2,2,2,2,3,1,2,4,1,4,3,4,5,5,5,5.75,5.5,5.2,2.25,2.25,1.8,2.0,2.2,3.6666666666666665,5.0,-0.3333333333333333,-0.3333333333333333
S1-0326,Superior-alternative,3,32,Female,4,5,4,6,5,3,5,2,3,6,3,2,2,6,6,6,6,6,6,4,3,5,5,4,5,7,4,6,5,5,3,3,3,2,4,5,5,6,6,5,6,4,4,5,5,6,4,3,3,3,3,3,3,3,4,3,4,4,3,5,5,2,3,4,5.25,5.0,3.0,5.5,4.75,5.0,3.0,3.6,4.333333333333333,3.0,-0.3333333333333333,1.0
S1-0327,Unrelated,0,24,Female,6,5,4,3,4,1,6,4,7,4,2,1,2,2,2,3,1,1,1,2,3,3,5,4,5,6,5,5,5,5,6,5,6,6,5,2,1,2,1,2,3,2,2,1,3,2,3,5,3,2,4,3,4,4,3,3,2,4,3,4,3,5,5,6,5.0,5.0,5.6,1.5,2.25,2.4,3.2,3.2,3.3333333333333335,5.333333333333333,-0.3333333333333333,-0.3333333333333333
S1-0328,Unrelated,0,39,Female,6,5,4,4,4,4,6,3,5,4,2,1,1,3,2,1,1,1,2,2,2,2,5,5,5,5,5,5,5,5,5,5,5,4,5,3,3,2,2,3,3,3,2,3,3,3,3,5,3,3,3,3,3,4,3,3,3,3,3,3,3,4,4,4,5.0,5.0,4.8,2.5,2.75,3.0,3.0,3.2,3.0,4.0,-0.3333333333333333,-0.3333333333333333
S1-0329,Similar-product,2,35,Female,6,6,5,5,3,4,5,5,5,4,2,2,2,5,4,5,3,3,3,3,4,4,5,4,6,5,5,4,3,4,4,5,4,4,5,2,3,3,2,2,2,2,3,2,2,2,3,6,4,3,3,4,4,5,4,5,4,4,6,6,6,4,4,2,5.0,4.0,4.4,2.5,2.25,2.2,3.6,4.4,6.0,3.3333333333333335,-0.3333333333333333,-0.3333333333333333
S1-0330,Superior-alternative,3,18,Female,6,6,4,2,6,2,4,5,4,5,1,1,2,5,6,5,5,6,5,4,4,4,5,4,5,5,5,4,5,6,5,4,4,4,4,5,5,5,5,5,4,4,4,3,3,4,4,5,4,4,4,4,4,4,6,5,5,5,5,5,5,4,3,5,4.75,5.0,4.2,5.0,4.25,3.4,4.0,5.0,5.0,4.0,-0.3333333333333333,1.0
S1-0331,Unrelated,0,33,Female,5,6,4,5,5,4,5,3,4,7,1,2,2,2,3,2,2,2,2,3,4,3,4,5,6,6,5,6,6,4,5,6,6,6,6,3,1,2,1,2,1,3,1,1,3,1,2,6,3,2,1,3,1,2,3,3,2,1,3,3,4,5,3,4,5.25,5.25,5.8,1.75,1.75,1.8,2.0,2.2,3.3333333333333335,4.0,-0.3333333333333333,-0.3333333333333333
S1-0332,Superior-alternative,3,34,Female,6,5,3,5,3,1,4,3,4,5,2,2,1,5,6,6,5,7,6,4,4,4,4,5,4,5,4,4,5,4,2,2,2,2,2,6,5,6,5,5,5,6,5,4,3,5,5,3,4,3,3,4,3,4,4,4,3,2,7,7,5,3,3,3,4.5,4.25,2.0,5.5,5.25,4.4,3.4,3.4,6.333333333333333,3.0,-0.3333333333333333,1.0
S1-0333,Unrelated,0,40,Male,5,6,4,3,4,1,6,5,7,5,2,1,1,2,2,2,2,2,2,2,3,2,4,4,5,5,5,5,5,5,6,5,5,5,5,3,2,2,3,3,3,2,4,3,2,3,3,6,4,4,3,3,3,2,1,3,2,3,4,4,4,5,3,4,4.5,5.0,5.2,2.5,3.0,2.6,3.4,2.2,4.0,4.0,-0.3333333333333333,-0.3333333333333333
S1-0334,Same-product,1,31,Female,5,5,3,3,3,3,6,5,4,4,5,5,5,6,7,6,2,3,2,5,6,6,5,4,3,4,4,3,4,4,4,5,4,4,5,4,4,4,4,3,3,3,3,2,4,3,3,6,4,5,6,3,5,6,6,5,5,6,5,4,4,4,2,2,4.0,3.75,4.4,4.0,3.0,2.8,4.6,5.6,4.333333333333333,2.6666666666666665,1.0,-0.3333333333333333
S1-0335,Superior-alternative,3,21,Female,5,5,2,4,4,2,5,5,6,6,1,2,2,6,5,5,6,7,7,4,3,5,4,6,4,5,4,5,4,4,4,3,3,3,4,4,4,5,4,5,4,5,4,5,4,5,5,3,4,4,4,3,4,4,6,3,4,4,6,5,5,3,3,3,4.75,4.25,3.4,4.25,4.5,4.8,3.8,4.2,5.333333333333333,3.0,-0.3333333333333333,1.0
S1-0336,Similar-product,2,30,Female,4,5,3,4,4,3,7,5,7,4,2,2,2,6,5,6,3,3,2,5,6,4,5,5,5,5,4,5,4,4,5,4,3,4,5,3,4,4,4,4,3,4,4,2,1,2,2,6,2,3,3,4,3,3,4,4,4,5,4,6,4,3,3,3,5.0,4.25,4.2,3.75,3.75,1.8,3.0,4.0,4.666666666666667,3.0,-0.3333333333333333,-0.3333333333333333
S1-0337,Same-product,1,20,Male,4,7,3,4,3,5,5,4,4,4,5,6,6,6,7,5,2,2,2,5,5,6,4,5,4,4,4,4,4,4,6,4,5,5,5,2,3,4,3,2,2,2,2,2,2,1,2,6,5,5,5,5,6,5,5,5,4,4,5,5,5,3,4,3,4.25,4.0,5.0,3.0,2.0,1.8,5.2,4.6,5.0,3.3333333333333335,1.0,-0.3333333333333333
S1-0338,Same-product,1,22,Male,5,6,4,7,5,3,5,5,4,5,6,5,6,6,6,6,1,2,2,5,6,6,3,5,3,3,4,4,3,4,5,4,4,5,5,3,2,4,4,4,4,3,3,3,2,4,3,5,5,4,5,4,5,5,6,5,5,7,5,5,5,2,3,3,3.5,3.75,4.6,3.25,3.5,3.0,4.6,5.6,5.0,2.6666666666666665,1.0,-0.3333333333333333
S1-0339,Same-product,1,33,Female,5,6,5,4,3,3,5,6,4,3,5,6,6,5,6,6,2,3,2,6,6,7,3,4,3,2,3,2,3,3,5,5,5,5,5,2,3,2,4,3,2,3,3,2,2,2,4,5,4,4,4,5,5,7,5,4,5,6,5,5,6,3,3,3,3.0,2.75,5.0,2.75,2.75,2.6,4.4,5.4,5.333333333333333,3.0,1.0,-0.3333333333333333
S1-0340,Similar-product,2,36,Female,6,5,3,4,5,3,5,6,5,4,1,1,2,4,4,5,3,3,3,4,5,4,3,5,4,4,4,4,5,5,4,4,3,3,4,4,3,5,5,3,3,3,3,4,3,4,4,5,5,4,4,4,4,5,4,3,4,4,5,5,4,4,4,4,4.0,4.5,3.6,4.25,3.0,3.6,4.2,4.0,4.666666666666667,4.0,-0.3333333333333333,-0.3333333333333333
S1-0341,Unrelated,0,26,Female,4,5,1,5,4,4,6,5,5,6,3,2,2,3,3,2,2,2,1,3,3,2,6,6,7,5,5,5,5,5,6,5,6,6,7,3,2,2,2,2,3,2,2,4,4,3,3,6,3,2,3,3,2,3,3,3,4,2,3,3,3,5,4,3,6.0,5.0,6.0,2.25,2.25,3.2,2.6,3.0,3.0,4.0,-0.3333333333333333,-0.3333333333333333
S1-0342,Same-product,1,28,Male,6,6,5,6,4,3,6,4,4,5,6,6,5,6,6,6,2,2,1,6,5,6,4,5,5,4,5,5,5,5,5,6,6,6,6,4,2,2,3,3,4,3,4,2,2,2,2,5,5,5,5,6,4,4,5,5,5,5,5,5,3,2,3,2,4.5,5.0,5.8,2.75,3.5,2.2,5.0,4.8,4.333333333333333,2.3333333333333335,1.0,-0.3333333333333333
S1-0343,Unrelated,0,32,Male,4,4,2,4,4,5,4,4,5,4,1,2,1,2,2,2,2,2,1,3,2,2,5,6,5,5,5,6,5,5,5,5,5,6,5,2,2,2,2,2,2,1,2,2,1,1,1,7,3,1,3,2,3,3,3,4,3,3,4,4,3,5,4,5,5.25,5.25,5.2,2.0,1.75,1.2,2.4,3.2,3.6666666666666665,4.666666666666667,-0.3333333333333333,-0.3333333333333333
S1-0344,Similar-product,2,31,Male,6,5,5,4,6,4,5,6,5,5,2,2,2,5,5,6,4,4,4,4,4,4,3,5,5,4,4,5,5,4,4,4,5,4,4,4,4,4,4,4,4,4,4,4,2,3,3,5,3,4,3,2,3,5,5,5,7,6,5,5,4,4,3,4,4.25,4.5,4.2,4.0,4.0,3.0,3.0,5.6,4.666666666666667,3.6666666666666665,-0.3333333333333333,-0.3333333333333333
S1-0345,Unrelated,0,34,Male,5,5,5,4,3,5,5,2,5,6,2,2,2,3,3,3,1,1,2,4,2,2,5,5,5,6,5,5,5,5,4,5,5,5,4,3,4,4,4,3,2,3,2,3,3,3,3,5,2,2,2,2,1,4,2,3,1,3,2,3,3,5,5,5,5.25,5.0,4.6,3.75,2.5,3.0,1.8,2.6,2.6666666666666665,5.0,-0.3333333333333333,-0.3333333333333333
S1-0346,Superior-alternative,3,26,Female,5,6,3,4,5,6,4,3,4,6,1,1,1,5,5,5,6,5,6,5,4,4,4,3,4,4,4,3,3,4,3,2,2,3,3,5,6,5,5,5,5,5,5,4,6,7,5,2,4,4,4,4,3,4,4,2,3,4,5,6,5,5,4,5,3.75,3.5,2.6,5.25,5.0,5.6,3.8,3.4,5.333333333333333,4.666666666666667,-0.3333333333333333,1.0
S1-0347,Similar-product,2,33,Male,5,4,4,5,4,4,4,3,6,5,1,2,2,5,6,5,4,4,4,4,5,4,5,6,5,5,5,4,4,4,3,5,5,5,5,3,3,4,4,3,3,3,3,4,3,2,3,5,3,3,4,4,3,4,5,5,4,5,5,5,5,4,4,3,5.25,4.25,4.6,3.5,3.0,3.0,3.4,4.6,5.0,3.6666666666666665,-0.3333333333333333,-0.3333333333333333
S1-0348,Same-product,1,24,Female,6,4,3,6,7,3,6,3,5,4,5,5,6,5,7,6,3,2,2,5,6,6,3,4,2,2,4,3,4,2,4,6,5,5,5,3,3,2,3,2,2,2,2,2,2,1,2,6,4,5,6,5,4,7,7,7,7,5,6,5,7,3,4,3,2.75,3.25,5.0,2.75,2.0,1.8,4.8,6.6,6.0,3.3333333333333335,1.0,-0.3333333333333333
S1-0349,Superior-alternative,3,31,Female,5,4,4,4,6,4,4,3,5,5,2,2,2,6,6,6,6,7,6,5,4,5,5,5,6,6,5,5,5,5,5,3,4,4,4,5,4,5,4,4,4,5,5,4,5,4,3,3,3,3,2,3,3,3,4,4,4,4,4,5,5,4,3,3,5.5,5.0,4.0,4.5,4.5,4.2,2.8,3.8,4.666666666666667,3.3333333333333335,-0.3333333333333333,1.0
S1-0350,Similar-product,2,22,Female,4,6,3,3,4,2,2,3,2,3,2,1,1,6,6,7,3,4,3,4,4,4,4,5,5,5,3,4,4,4,4,5,4,4,5,3,3,3,3,4,4,3,4,3,2,3,2,5,3,3,4,3,4,4,4,4,4,4,4,5,5,4,5,5,4.75,3.75,4.4,3.0,3.75,2.6,3.4,4.0,4.666666666666667,4.666666666666667,-0.3333333333333333,-0.3333333333333333
S1-0351,Superior-alternative,3,29,Male,6,7,2,6,6,2,7,4,4,6,3,3,2,6,6,6,6,6,6,4,4,4,6,6,6,6,5,5,6,4,2,3,2,4,2,4,5,5,4,5,5,6,6,5,5,5,4,4,4,3,4,4,4,4,3,5,4,3,5,4,5,3,3,3,6.0,5.0,2.6,4.5,5.5,4.6,3.8,3.8,4.666666666666667,3.0,-0.3333333333333333,1.0
S1-0352,Unrelated,0,24,Female,5,4,2,7,3,2,4,4,3,4,2,2,2,2,3,2,2,2,2,2,2,2,5,4,5,5,4,4,5,5,5,5,5,6,6,2,2,2,3,2,1,2,3,1,1,1,2,6,3,4,4,3,3,2,4,3,3,2,3,3,4,3,4,4,4.75,4.5,5.4,2.25,2.0,1.4,3.4,2.8,3.3333333333333335,3.6666666666666665,-0.3333333333333333,-0.3333333333333333
S1-0353,Unrelated,0,49,Female,5,6,2,5,6,3,5,5,4,6,1,2,1,2,2,2,2,2,3,3,2,3,4,5,5,5,6,6,5,5,6,5,5,5,7,2,2,2,2,2,2,2,3,2,3,2,3,6,3,4,4,4,3,2,4,4,3,4,4,5,4,5,4,5,4.75,5.5,5.6,2.0,2.25,2.4,3.6,3.4,4.333333333333333,4.666666666666667,-0.3333333333333333,-0.3333333333333333
S1-0354,Superior-alternative,3,43,Male,7,6,5,5,5,3,6,4,3,5,2,1,3,6,5,6,6,6,7,5,5,5,5,5,5,6,3,3,5,4,4,4,3,3,4,4,5,5,5,5,5,4,4,4,4,4,4,4,4,3,4,5,4,5,3,3,3,4,6,7,6,3,3,3,5.25,3.75,3.6,4.75,4.5,4.0,4.0,3.6,6.333333333333333,3.0,-0.3333333333333333,1.0
S1-0355,Superior-alternative,3,44,Female,4,5,2,4,4,1,5,4,3,3,2,2,1,6,6,7,6,6,5,4,5,4,5,4,5,6,5,5,4,4,4,4,3,4,3,4,5,5,5,5,4,6,5,5,5,4,5,3,3,4,3,3,3,4,4,5,5,4,5,5,6,2,4,3,5.0,4.5,3.6,4.75,5.0,4.8,3.2,4.4,5.333333333333333,3.0,-0.3333333333333333,1.0
S1-0356,Similar-product,2,18,Female,5,5,4,4,5,4,4,2,5,3,1,1,1,5,6,5,4,3,4,4,4,5,6,5,3,3,4,4,4,3,4,4,4,5,3,3,3,3,4,4,3,3,3,4,2,2,3,4,3,3,4,4,3,4,4,4,3,4,4,5,5,3,2,2,4.25,3.75,4.0,3.25,3.25,3.0,3.4,3.8,4.666666666666667,2.3333333333333335,-0.3333333333333333,-0.3333333333333333
S1-0357,Superior-alternative,3,36,Female,5,6,2,6,4,2,5,4,4,5,1,1,2,7,6,6,5,6,7,4,3,4,3,4,4,4,4,4,4,4,4,3,3,2,4,5,5,5,6,4,4,4,4,5,6,5,5,3,4,4,4,5,5,4,4,4,5,5,6,5,5,3,3,2,3.75,4.0,3.2,5.25,4.0,5.2,4.4,4.4,5.333333333333333,2.6666666666666665,-0.3333333333333333,1.0
S1-0358,Unrelated,0,28,Male,5,4,4,4,6,4,4,3,6,4,1,2,2,2,3,3,1,2,1,2,3,3,4,5,4,4,4,4,4,5,5,5,5,5,5,3,3,2,3,2,2,1,3,3,1,1,1,7,2,3,1,3,2,3,3,3,3,2,3,3,3,4,4,4,4.25,4.25,5.0,2.75,2.0,1.4,2.2,2.8,3.0,4.0,-0.3333333333333333,-0.3333333333333333
S1-0359,Unrelated,0,31,Female,6,5,2,5,4,4,3,5,4,4,2,2,3,2,2,2,3,3,2,2,1,2,5,5,5,6,4,5,5,4,4,4,4,5,5,3,3,3,3,3,2,3,3,2,2,2,3,6,3,3,3,3,3,3,4,3,2,3,3,4,3,4,4,4,5.25,4.5,4.4,3.0,2.75,2.2,3.0,3.0,3.3333333333333335,4.0,-0.3333333333333333,-0.3333333333333333
S1-0360,Unrelated,0,33,Female,4,5,3,5,5,5,5,4,3,5,1,1,1,2,2,2,2,2,2,2,1,3,5,4,5,4,4,5,5,5,5,5,6,5,6,3,2,3,2,1,2,2,2,3,2,2,2,5,1,1,3,1,2,2,1,3,3,2,3,3,4,3,3,5,4.5,4.75,5.4,2.5,1.75,2.4,1.6,2.2,3.3333333333333335,3.6666666666666665,-0.3333333333333333,-0.3333333333333333
S1-0361,Superior-alternative,3,34,Male,4,7,4,4,2,5,4,4,4,5,1,2,1,6,5,5,5,6,7,5,5,4,5,4,5,6,5,5,4,5,3,3,4,4,3,5,4,4,5,5,5,5,4,4,4,5,5,4,4,3,2,3,3,4,4,2,3,4,7,5,7,4,4,3,5.0,4.75,3.4,4.5,4.75,4.4,3.0,3.4,6.333333333333333,3.6666666666666665,-0.3333333333333333,1.0
S1-0362,Unrelated,0,28,Male,5,5,4,4,2,3,5,4,4,4,2,1,2,3,3,3,2,2,1,1,2,1,5,6,5,6,4,5,5,6,4,5,5,5,5,2,2,1,1,2,3,3,2,1,1,1,2,6,4,4,4,3,3,4,2,3,2,2,3,4,4,5,5,6,5.5,5.0,4.8,1.5,2.5,1.4,3.6,2.6,3.6666666666666665,5.333333333333333,-0.3333333333333333,-0.3333333333333333
S1-0363,Superior-alternative,3,35,Female,5,5,5,5,5,4,5,4,4,5,2,3,2,5,5,5,6,6,6,4,5,3,5,5,5,5,4,5,5,4,4,4,4,4,3,5,5,5,5,4,6,5,6,4,5,4,5,3,4,4,4,3,5,4,4,4,3,4,6,6,6,4,3,4,5.0,4.5,3.8,5.0,5.25,4.6,4.0,3.8,6.0,3.6666666666666665,-0.3333333333333333,1.0
S1-0364,Superior-alternative,3,32,Female,6,7,3,6,5,4,5,3,5,4,2,2,2,6,5,6,6,6,7,4,5,3,5,6,5,5,5,5,5,5,4,5,4,4,4,5,4,5,5,5,6,6,5,5,4,5,6,4,3,3,1,3,2,4,3,4,4,3,5,6,4,3,2,3,5.25,5.0,4.2,4.75,5.5,4.8,2.4,3.6,5.0,2.6666666666666665,-0.3333333333333333,1.0
S1-0365,Unrelated,0,29,Female,6,5,1,6,3,2,5,4,4,6,2,1,1,2,2,3,2,3,2,3,3,2,4,5,5,4,4,4,4,4,7,6,6,7,7,2,2,2,3,2,3,2,1,2,2,2,1,6,4,3,4,4,4,3,3,3,2,3,3,3,4,4,3,4,4.5,4.0,6.6,2.25,2.0,1.8,3.8,2.8,3.3333333333333335,3.6666666666666665,-0.3333333333333333,-0.3333333333333333
S1-0366,Same-product,1,28,Female,6,5,6,5,5,2,6,4,3,6,5,5,5,6,6,6,2,3,3,5,5,6,4,4,3,4,2,4,3,4,5,5,5,5,5,4,4,3,3,2,2,2,3,3,1,2,3,5,4,4,5,4,5,5,4,5,5,5,5,4,5,2,2,2,3.75,3.25,5.0,3.5,2.25,2.4,4.4,4.8,4.666666666666667,2.0,1.0,-0.3333333333333333
S1-0367,Unrelated,0,32,Female,5,4,4,4,5,3,4,4,5,5,3,4,3,3,2,2,2,2,2,2,3,2,5,4,5,4,5,4,4,4,5,3,5,5,5,4,4,4,4,3,4,3,3,4,3,2,3,5,3,3,3,3,3,4,4,4,5,5,3,3,3,5,6,6,4.5,4.25,4.6,4.0,3.25,3.0,3.0,4.4,3.0,5.666666666666667,-0.3333333333333333,-0.3333333333333333
S1-0368,Similar-product,2,27,Female,5,4,4,4,4,3,4,5,5,5,2,2,1,6,6,6,4,4,3,4,4,4,4,5,4,6,5,4,5,3,4,4,4,4,5,3,4,4,4,3,3,2,3,1,2,2,3,6,3,4,4,3,5,4,3,3,6,5,6,6,6,4,4,3,4.75,4.25,4.2,3.75,2.75,2.0,3.8,4.2,6.0,3.6666666666666665,-0.3333333333333333,-0.3333333333333333
S1-0369,Same-product,1,23,Male,5,5,3,5,6,4,5,6,5,7,6,5,5,7,6,6,2,2,2,6,6,6,3,3,4,4,4,3,3,3,5,5,5,5,5,4,2,3,4,4,4,4,3,3,4,3,4,6,5,5,5,5,5,5,5,6,6,6,5,5,6,4,3,3,3.5,3.25,5.0,3.25,3.75,3.2,5.0,5.6,5.333333333333333,3.3333333333333335,1.0,-0.3333333333333333
S1-0370,Unrelated,0,39,Female,5,6,3,2,6,4,4,4,5,6,2,3,2,2,1,2,3,2,2,2,1,2,5,5,4,5,5,5,5,6,5,5,4,4,5,3,3,4,5,3,3,2,3,3,2,2,3,6,2,2,3,2,2,3,3,2,3,3,3,3,3,4,5,4,4.75,5.25,4.6,3.75,2.75,2.4,2.2,2.8,3.0,4.333333333333333,-0.3333333333333333,-0.3333333333333333
S1-0371,Unrelated,0,27,Female,5,5,4,5,4,1,6,5,6,4,2,1,2,2,1,2,2,2,1,3,3,2,5,5,4,6,4,5,4,6,6,5,6,5,5,2,2,3,3,2,2,3,4,3,2,1,2,6,2,2,2,2,2,2,2,1,2,1,5,3,4,6,4,4,5.0,4.75,5.4,2.5,2.75,2.0,2.0,1.6,4.0,4.666666666666667,-0.3333333333333333,-0.3333333333333333
S1-0372,Superior-alternative,3,35,Male,5,6,3,4,4,2,4,5,4,5,1,1,2,6,6,6,5,5,6,5,4,4,6,6,6,6,5,5,4,6,2,3,3,3,2,7,6,7,7,6,6,6,6,5,6,5,6,2,3,3,4,3,3,3,4,4,3,3,5,5,5,4,4,3,6.0,5.0,2.6,6.75,6.0,5.6,3.2,3.4,5.0,3.6666666666666665,-0.3333333333333333,1.0
S1-0373,Unrelated,0,39,Male,7,7,5,3,4,2,5,5,3,4,2,3,2,3,3,2,2,1,2,3,3,3,5,5,4,4,4,5,5,4,4,5,5,4,4,2,2,1,2,2,3,3,2,2,1,2,2,6,3,4,3,3,2,3,2,2,2,3,4,4,4,4,4,4,4.5,4.5,4.4,1.75,2.5,1.8,3.0,2.4,4.0,4.0,-0.3333333333333333,-0.3333333333333333
S1-0374,Similar-product,2,28,Male,4,6,4,3,4,3,5,6,5,4,1,2,1,6,7,6,4,4,4,4,4,4,3,4,4,3,3,2,4,3,4,5,6,5,5,4,3,4,4,3,3,4,2,2,3,3,3,5,5,5,4,6,5,4,4,4,5,4,6,5,6,4,4,3,3.5,3.0,5.0,3.75,3.0,2.8,5.0,4.2,5.666666666666667,3.6666666666666665,-0.3333333333333333,-0.3333333333333333
S1-0375,Unrelated,0,43,Female,6,6,4,7,6,2,7,3,4,3,2,2,2,3,3,2,1,2,2,2,2,2,5,6,6,5,6,6,5,5,7,7,6,6,7,3,2,3,3,3,3,2,2,2,2,2,2,6,2,2,1,2,2,4,4,4,3,3,4,3,4,3,5,5,5.5,5.5,6.6,2.75,2.5,2.0,1.8,3.6,3.6666666666666665,4.333333333333333,-0.3333333333333333,-0.3333333333333333
S1-0376,Unrelated,0,29,Male,6,5,2,5,3,3,5,3,4,4,3,3,3,2,1,2,1,2,1,3,3,3,5,5,6,5,4,3,5,4,4,6,6,3,6,3,2,2,4,2,2,2,3,3,3,4,3,6,2,2,2,4,3,2,2,1,1,3,2,1,2,5,4,4,5.25,4.0,5.0,2.75,2.25,3.0,2.6,1.8,1.6666666666666667,4.333333333333333,-0.3333333333333333,-0.3333333333333333
S1-0377,Superior-alternative,3,19,Male,6,6,3,5,6,4,4,5,5,5,2,2,2,5,6,6,6,5,6,4,4,4,5,5,5,4,3,4,4,4,4,4,5,3,5,4,5,5,4,5,5,5,6,6,5,7,5,2,4,4,5,4,5,4,4,4,5,4,5,5,4,3,3,3,4.75,3.75,4.2,4.5,5.25,5.8,4.4,4.2,4.666666666666667,3.0,-0.3333333333333333,1.0
S1-0378,Same-product,1,29,Nonbinary/Other,6,5,2,5,2,5,6,6,5,4,5,4,5,6,6,6,2,2,1,6,6,7,4,4,4,3,5,4,4,6,6,5,5,6,5,3,2,3,2,3,2,2,3,3,3,4,4,5,5,6,5,4,5,5,6,5,6,6,4,6,5,4,3,3,3.75,4.75,5.4,2.5,2.5,3.4,5.0,5.6,5.0,3.3333333333333335,1.0,-0.3333333333333333
S1-0379,Unrelated,0,29,Female,6,6,3,5,5,3,6,5,5,6,2,2,2,2,1,2,1,1,1,2,3,2,5,4,4,6,4,5,4,5,6,6,7,5,6,3,3,2,3,2,3,2,2,3,3,4,3,5,3,3,2,2,3,2,2,3,2,2,1,2,3,4,4,4,4.75,4.5,6.0,2.75,2.25,3.2,2.6,2.2,2.0,4.0,-0.3333333333333333,-0.3333333333333333
S1-0380,Similar-product,2,26,Male,5,5,1,4,3,3,4,4,5,4,2,2,2,5,4,5,3,4,3,4,5,5,5,5,5,5,5,6,6,4,3,2,4,4,3,5,5,5,3,4,4,4,4,3,1,3,3,4,4,4,4,3,4,4,4,5,4,4,7,6,7,5,4,3,5.0,5.25,3.2,4.5,4.0,2.8,3.8,4.2,6.666666666666667,4.0,-0.3333333333333333,-0.3333333333333333
S1-0381,Similar-product,2,43,Female,4,4,5,6,4,2,5,6,6,7,3,2,2,7,6,6,4,3,3,4,4,4,5,5,5,5,4,4,4,4,5,4,3,4,4,4,2,3,5,4,4,5,4,4,3,3,3,5,4,3,3,4,3,5,5,4,5,4,5,5,5,5,4,4,5.0,4.0,4.0,3.5,4.25,3.2,3.4,4.6,5.0,4.333333333333333,-0.3333333333333333,-0.3333333333333333
S1-0382,Superior-alternative,3,30,Female,5,4,2,4,4,1,7,6,4,5,3,2,2,6,6,5,5,6,6,5,4,6,4,4,4,5,4,4,5,4,4,4,4,4,5,5,5,5,4,4,5,6,5,5,4,5,5,3,4,5,5,5,5,4,4,4,5,5,6,5,6,3,3,2,4.25,4.25,4.2,4.75,5.0,4.8,4.8,4.4,5.666666666666667,2.6666666666666665,-0.3333333333333333,1.0
S1-0383,Similar-product,2,39,Male,7,6,1,6,3,1,4,7,4,7,3,2,2,6,6,6,4,4,4,4,4,4,4,4,5,4,4,4,5,4,4,4,4,3,3,4,5,5,5,3,4,3,4,3,2,3,4,5,3,4,4,5,4,4,5,5,5,5,5,5,5,4,4,4,4.25,4.25,3.6,4.75,3.5,3.0,4.0,4.8,5.0,4.0,-0.3333333333333333,-0.3333333333333333
S1-0384,Unrelated,0,24,Female,6,7,3,3,3,5,6,5,4,7,1,1,2,3,2,3,2,2,2,3,3,2,4,4,4,5,5,5,3,5,6,6,7,7,7,2,1,1,1,1,1,2,2,2,2,2,2,7,3,4,4,3,4,3,2,4,4,3,2,3,2,5,5,5,4.25,4.5,6.6,1.25,1.5,1.8,3.6,3.2,2.3333333333333335,5.0,-0.3333333333333333,-0.3333333333333333
S1-0385,Same-product,1,41,Female,5,6,3,6,3,2,3,7,2,4,6,6,6,6,6,6,2,3,3,7,7,6,4,4,4,4,5,4,4,4,5,4,3,4,4,3,3,3,3,3,3,2,2,3,3,3,2,5,5,6,4,6,4,5,5,4,6,6,4,5,6,2,2,3,4.0,4.25,4.0,3.0,2.5,2.8,5.0,5.2,5.0,2.3333333333333335,1.0,-0.3333333333333333
S1-0386,Similar-product,2,25,Female,5,4,4,5,6,3,4,6,5,5,2,2,2,6,6,7,3,3,4,4,4,4,4,4,4,4,4,3,5,4,3,4,4,3,4,4,4,4,4,4,5,6,5,4,5,4,4,4,3,3,3,4,4,2,4,4,4,4,4,5,3,4,3,5,4.0,4.0,3.6,4.0,5.0,4.2,3.4,3.6,4.0,4.0,-0.3333333333333333,-0.3333333333333333
S1-0387,Superior-alternative,3,18,Female,5,5,4,4,6,2,4,4,5,5,2,2,2,6,5,5,5,5,6,5,5,5,5,5,5,6,6,5,6,5,4,4,3,4,4,4,4,4,3,4,4,4,5,5,4,4,4,4,4,4,3,4,4,4,5,4,5,4,5,6,4,3,2,3,5.25,5.5,3.8,3.75,4.25,4.2,3.8,4.4,5.0,2.6666666666666665,-0.3333333333333333,1.0
S1-0388,Unrelated,0,21,Female,6,6,4,2,5,3,5,6,5,4,2,2,2,2,2,2,1,1,1,3,1,2,5,5,6,4,4,4,5,4,5,5,4,5,4,2,3,2,2,2,2,3,2,2,2,2,1,7,4,3,4,5,4,4,3,3,3,3,3,3,4,3,4,3,5.0,4.25,4.6,2.25,2.25,1.6,4.0,3.2,3.3333333333333335,3.3333333333333335,-0.3333333333333333,-0.3333333333333333
S1-0389,Unrelated,0,31,Male,6,6,2,5,4,4,4,4,6,4,2,2,2,3,1,3,2,1,1,3,2,3,5,6,5,4,5,5,5,5,5,5,4,4,5,2,3,3,4,2,2,2,2,3,3,4,4,4,4,3,2,3,3,3,2,2,2,3,3,2,3,3,4,4,5.0,5.0,4.6,3.0,2.0,3.6,3.0,2.4,2.6666666666666665,3.6666666666666665,-0.3333333333333333,-0.3333333333333333
S1-0390,Same-product,1,20,Female,4,6,2,3,6,3,5,6,5,6,5,6,5,6,6,6,3,3,3,6,5,6,4,3,3,3,3,3,3,2,4,5,5,5,5,2,2,4,3,2,3,3,3,3,4,3,4,5,4,5,4,5,7,6,6,5,6,5,5,5,5,3,3,3,3.25,2.75,4.8,2.75,2.75,3.4,5.0,5.6,5.0,3.0,1.0,-0.3333333333333333
S1-0391,Similar-product,2,18,Male,3,5,4,5,4,2,6,7,5,3,1,1,2,6,6,6,3,4,4,4,4,4,6,6,4,7,4,5,4,4,4,5,5,5,4,2,4,2,3,4,3,3,3,3,2,3,3,6,4,4,3,3,3,3,4,2,3,3,4,5,5,3,4,5,5.75,4.25,4.6,2.75,3.25,2.6,3.4,3.0,4.666666666666667,4.0,-0.3333333333333333,-0.3333333333333333
S1-0392,Superior-alternative,3,43,Female,4,6,4,6,7,2,5,4,4,6,2,2,2,5,5,5,6,6,6,4,5,5,5,5,5,6,3,5,4,5,4,4,4,5,4,5,5,5,5,4,5,4,5,3,4,3,3,4,4,4,4,4,4,5,5,4,4,5,5,5,6,3,3,4,5.25,4.25,4.2,5.0,4.5,3.4,4.0,4.6,5.333333333333333,3.3333333333333335,-0.3333333333333333,1.0
S1-0393,Superior-alternative,3,37,Female,7,4,2,6,4,6,5,5,4,4,2,3,3,4,6,5,5,6,6,4,3,4,4,5,5,5,4,4,3,4,4,3,4,3,4,4,5,5,4,4,5,4,5,4,4,4,5,5,2,5,5,3,5,4,4,4,5,5,5,5,4,4,4,4,4.75,3.75,3.6,4.5,4.5,4.0,4.0,4.4,4.666666666666667,4.0,-0.3333333333333333,1.0
S1-0394,Similar-product,2,27,Female,5,5,3,7,5,3,7,5,4,3,1,2,2,6,6,6,5,3,4,4,4,4,4,5,5,4,7,4,6,6,5,5,4,3,4,4,2,4,3,2,3,3,3,4,3,3,2,6,4,3,3,2,2,4,3,3,4,5,5,6,6,3,2,3,4.5,5.75,4.2,3.25,2.75,2.8,2.8,3.8,5.666666666666667,2.6666666666666665,-0.3333333333333333,-0.3333333333333333
S1-0395,Superior-alternative,3,35,Female,5,6,2,6,7,2,4,3,4,7,1,1,1,5,5,6,5,5,5,4,5,6,5,5,5,5,5,5,5,5,3,3,3,5,4,4,5,4,5,5,5,5,5,5,4,6,6,4,4,3,4,4,3,4,3,3,3,3,4,5,4,3,4,4,5.0,5.0,3.6,4.5,5.0,5.0,3.6,3.2,4.333333333333333,3.6666666666666665,-0.3333333333333333,1.0
S1-0396,Superior-alternative,3,35,Female,7,4,2,4,1,3,6,2,6,4,1,2,2,6,5,6,6,6,6,4,4,5,5,5,6,7,6,6,6,7,4,4,4,3,4,5,4,5,5,4,4,5,5,4,5,4,4,3,3,2,2,2,3,4,3,3,4,5,5,5,6,3,3,3,5.75,6.25,3.8,4.75,4.5,4.4,2.4,3.8,5.333333333333333,3.0,-0.3333333333333333,1.0
S1-0397,Superior-alternative,3,32,Male,3,4,3,5,4,3,5,6,4,7,1,1,2,5,5,7,6,6,7,4,5,4,5,5,5,4,5,4,5,5,4,3,3,2,3,5,6,6,5,5,5,5,6,5,6,7,7,2,4,3,3,4,5,4,4,5,4,3,6,6,6,3,4,4,4.75,4.75,3.0,5.5,5.25,6.2,3.8,4.0,6.0,3.6666666666666665,-0.3333333333333333,1.0
S1-0398,Same-product,1,20,Male,5,5,2,5,2,2,5,5,5,4,6,6,6,6,6,6,2,2,2,6,6,6,3,2,3,2,3,2,2,3,5,4,5,6,3,3,3,3,4,2,2,3,3,3,2,2,1,6,6,5,5,5,5,5,4,4,4,4,6,6,5,1,2,3,2.5,2.5,4.6,3.25,2.5,2.0,5.2,4.2,5.666666666666667,2.0,1.0,-0.3333333333333333
S1-0399,Superior-alternative,3,22,Female,6,3,3,4,5,2,5,5,4,6,2,2,2,5,5,6,5,5,6,5,5,4,4,4,5,4,4,4,4,4,4,4,5,4,5,3,4,3,3,5,4,3,4,3,4,4,3,4,4,3,3,4,4,4,4,4,4,4,4,4,5,3,4,3,4.25,4.0,4.4,3.25,4.0,3.6,3.6,4.0,4.333333333333333,3.3333333333333335,-0.3333333333333333,1.0
S1-0400,Similar-product,2,31,Female,7,5,3,4,5,3,6,6,4,6,2,1,1,5,5,5,4,3,4,4,5,3,5,4,5,6,4,5,4,4,5,5,4,5,5,4,3,5,3,3,3,4,3,2,2,3,3,5,3,4,3,3,4,5,4,4,4,5,5,5,5,4,4,4,5.0,4.25,4.8,3.75,3.25,2.6,3.4,4.4,5.0,4.0,-0.3333333333333333,-0.3333333333333333
S1-0401,Superior-alternative,3,23,Male,5,4,5,5,3,4,6,3,3,4,2,2,1,5,6,7,6,7,7,5,5,4,4,4,6,5,5,4,5,4,3,2,3,3,3,5,6,5,5,6,6,5,6,5,6,5,6,2,3,3,3,3,3,5,6,5,5,6,4,5,5,4,3,4,4.75,4.5,2.8,5.25,5.75,5.6,3.0,5.4,4.666666666666667,3.6666666666666665,-0.3333333333333333,1.0
S1-0402,Unrelated,0,18,Female,6,6,2,5,3,3,5,4,7,6,1,2,2,2,2,2,2,2,2,3,2,2,5,5,5,5,4,5,4,4,5,5,5,6,4,3,2,2,3,3,3,3,3,2,2,2,3,6,4,3,2,3,2,4,3,3,3,4,2,4,3,4,4,4,5.0,4.25,5.0,2.5,3.0,2.2,2.8,3.4,3.0,4.0,-0.3333333333333333,-0.3333333333333333
S1-0403,Unrelated,0,33,Female,5,5,4,4,7,4,4,7,4,4,2,2,3,2,2,1,2,2,1,2,2,2,3,6,5,6,6,7,6,7,5,4,5,5,5,2,3,2,3,3,3,1,2,3,2,3,2,6,1,3,1,2,1,3,3,2,2,3,3,3,3,4,4,5,5.0,6.5,4.8,2.5,2.25,2.4,1.6,2.6,3.0,4.333333333333333,-0.3333333333333333,-0.3333333333333333
S1-0404,Same-product,1,25,Male,6,5,4,7,4,2,6,6,4,7,5,7,5,6,7,7,3,2,2,5,5,6,2,3,3,4,4,3,3,3,6,7,6,6,7,2,2,1,2,1,3,1,3,2,2,2,1,6,4,4,4,5,5,5,5,4,4,5,5,5,5,2,2,2,3.0,3.25,6.4,1.75,2.0,1.8,4.4,4.6,5.0,2.0,1.0,-0.3333333333333333
S1-0405,Same-product,1,23,Female,3,6,5,6,4,1,6,6,5,5,5,5,5,6,6,6,2,3,2,6,6,7,3,4,3,3,3,3,2,3,3,4,4,4,5,4,3,3,3,2,2,4,3,3,3,3,3,6,5,4,5,5,5,5,5,5,5,5,4,4,4,3,4,4,3.25,2.75,4.0,3.25,2.75,2.8,4.8,5.0,4.0,3.6666666666666665,1.0,-0.3333333333333333
S1-0406,Similar-product,2,26,Female,5,6,5,4,4,5,5,7,6,4,2,2,2,4,6,5,3,3,4,4,4,4,6,6,5,5,5,6,6,5,4,4,5,5,4,4,5,3,4,3,4,4,3,3,3,2,3,5,2,2,2,2,2,3,4,4,3,3,5,4,4,3,5,4,5.5,5.5,4.4,4.0,3.5,2.8,2.0,3.4,4.333333333333333,4.0,-0.3333333333333333,-0.3333333333333333
S1-0407,Unrelated,0,31,Male,4,6,2,4,4,4,3,4,5,5,2,2,1,3,2,2,1,2,1,2,2,1,5,5,6,5,5,5,5,5,6,5,5,6,4,2,2,3,2,2,2,2,3,2,2,2,2,6,3,3,3,3,3,2,2,2,2,2,3,3,4,4,4,4,5.25,5.0,5.2,2.25,2.25,2.0,3.0,2.0,3.3333333333333335,4.0,-0.3333333333333333,-0.3333333333333333
S1-0408,Superior-alternative,3,29,Female,4,5,5,4,3,2,4,3,3,7,2,2,1,6,6,5,5,5,6,3,3,4,5,6,6,6,5,5,5,5,4,3,4,4,4,4,5,5,5,3,5,4,4,4,3,4,4,3,3,3,3,4,3,4,4,4,4,3,5,7,6,3,4,4,5.75,5.0,3.8,4.75,4.0,4.0,3.2,3.8,6.0,3.6666666666666665,-0.3333333333333333,1.0
S1-0409,Same-product,1,18,Female,6,5,4,5,5,3,4,2,4,4,5,5,6,5,6,6,3,3,3,5,5,6,4,4,3,3,3,3,3,3,5,6,5,6,6,2,2,1,1,2,2,2,2,2,2,1,3,6,5,5,5,4,4,5,5,6,5,6,5,5,5,3,4,3,3.5,3.0,5.6,1.5,2.0,2.0,4.6,5.4,5.0,3.3333333333333335,1.0,-0.3333333333333333
S1-0410,Superior-alternative,3,34,Female,5,5,2,2,6,2,6,5,5,4,2,1,2,5,5,5,5,5,5,4,4,3,4,6,5,6,6,5,5,4,3,3,4,3,2,4,5,6,4,5,4,3,4,4,5,5,5,4,2,4,4,3,2,4,5,4,4,4,3,4,3,2,3,2,5.25,5.0,3.0,4.75,4.0,4.6,3.0,4.2,3.3333333333333335,2.3333333333333335,-0.3333333333333333,1.0
S1-0411,Similar-product,2,24,Male,6,5,2,3,3,2,5,4,6,6,3,3,4,6,6,6,5,4,4,3,5,4,5,4,5,4,4,3,4,5,5,4,4,4,4,4,3,4,3,3,3,3,3,3,3,2,2,5,3,3,3,4,3,3,3,4,4,3,5,5,6,4,4,3,4.5,4.0,4.2,3.5,3.0,2.6,3.2,3.4,5.333333333333333,3.6666666666666665,-0.3333333333333333,-0.3333333333333333
S1-0412,Same-product,1,35,Female,6,5,3,3,3,5,5,4,4,6,5,6,6,6,5,6,3,2,3,6,6,6,3,4,3,5,3,4,4,4,4,4,5,4,4,4,4,3,3,2,3,2,3,2,3,2,3,6,5,4,4,5,6,7,7,6,7,7,5,5,5,2,2,2,3.75,3.75,4.2,3.5,2.5,2.4,4.8,6.8,5.0,2.0,1.0,-0.3333333333333333
S1-0413,Similar-product,2,28,Female,5,5,4,3,3,2,6,5,5,6,2,2,1,5,4,5,4,3,3,4,4,5,4,3,4,3,5,5,5,4,4,4,3,4,4,4,4,5,3,3,3,3,3,2,2,3,3,4,3,4,3,3,4,4,4,3,3,4,4,5,5,5,3,4,3.5,4.75,3.8,4.0,3.0,2.8,3.4,3.6,4.666666666666667,4.0,-0.3333333333333333,-0.3333333333333333
S1-0414,Unrelated,0,28,Female,5,4,3,3,4,3,6,3,5,5,2,2,3,3,2,1,2,2,2,2,2,2,4,5,5,5,4,4,4,4,5,6,6,5,7,2,2,1,2,2,2,1,2,2,1,1,1,7,2,3,2,3,3,3,3,3,2,3,2,3,3,3,4,3,4.75,4.0,5.8,1.75,1.75,1.2,2.6,2.8,2.6666666666666665,3.3333333333333335,-0.3333333333333333,-0.3333333333333333
S1-0415,Superior-alternative,3,37,Female,6,6,4,4,5,4,5,3,3,5,2,3,2,5,6,5,5,5,5,4,4,4,5,6,6,6,5,5,4,5,3,3,3,3,2,5,6,5,5,4,4,5,4,3,3,5,4,4,2,2,3,2,2,4,4,4,3,4,5,4,4,3,3,3,5.75,4.75,2.8,5.25,4.25,3.8,2.2,3.8,4.333333333333333,3.0,-0.3333333333333333,1.0
S1-0416,Similar-product,2,23,Female,6,4,5,4,4,3,5,4,5,3,2,2,2,6,6,6,3,3,4,4,4,4,5,5,4,5,5,4,4,3,4,4,4,4,4,4,4,4,4,4,3,4,4,3,3,3,4,4,3,4,4,3,3,5,5,5,5,5,3,4,3,4,4,4,4.75,4.0,4.0,4.0,3.75,3.4,3.4,5.0,3.3333333333333335,4.0,-0.3333333333333333,-0.3333333333333333
S1-0417,Similar-product,2,25,Female,6,4,2,5,5,3,6,5,5,5,1,1,2,5,5,5,4,4,3,4,4,4,4,4,5,4,5,4,5,4,5,5,4,4,5,4,4,3,5,2,4,2,2,2,2,3,3,5,3,4,2,3,4,5,4,5,5,5,5,5,5,3,4,3,4.25,4.5,4.6,4.0,2.5,2.6,3.2,4.8,5.0,3.3333333333333335,-0.3333333333333333,-0.3333333333333333
S1-0418,Similar-product,2,31,Female,6,6,4,5,4,2,5,5,6,5,3,2,3,5,6,6,3,3,3,4,3,4,3,3,4,3,3,3,3,4,5,6,6,7,5,3,3,3,3,2,3,2,2,3,3,2,2,5,4,3,4,4,4,3,4,3,4,4,4,4,5,4,4,4,3.25,3.25,5.8,3.0,2.25,2.6,3.8,3.6,4.333333333333333,4.0,-0.3333333333333333,-0.3333333333333333
S1-0419,Similar-product,2,26,Male,5,7,4,4,3,1,6,5,4,4,2,2,2,5,6,6,3,4,4,4,5,5,5,5,6,5,6,6,6,5,4,5,5,4,3,4,4,3,4,2,3,3,4,4,3,3,4,5,4,2,3,3,4,5,4,4,4,5,4,5,5,4,4,4,5.25,5.75,4.2,3.75,3.0,3.4,3.2,4.4,4.666666666666667,4.0,-0.3333333333333333,-0.3333333333333333
S1-0420,Same-product,1,27,Female,5,5,3,4,2,3,4,4,3,5,5,6,5,6,7,6,3,3,3,6,6,7,4,4,4,3,3,4,4,4,5,6,5,7,6,3,2,2,3,3,3,2,2,1,2,1,2,7,4,5,4,4,3,6,6,6,7,7,5,5,5,3,3,3,3.75,3.75,5.8,2.5,2.5,1.4,4.0,6.4,5.0,3.0,1.0,-0.3333333333333333
S1-0421,Unrelated,0,25,Male,5,4,3,2,4,5,5,4,4,4,2,2,2,2,2,2,2,1,1,3,3,2,4,4,4,3,4,5,5,5,4,6,4,4,5,3,3,3,3,4,3,3,4,3,4,3,3,5,2,3,2,3,2,2,2,2,3,3,3,4,3,4,4,4,3.75,4.75,4.6,3.0,3.5,3.2,2.4,2.4,3.3333333333333335,4.0,-0.3333333333333333,-0.3333333333333333
S1-0422,Same-product,1,25,Female,5,6,4,5,5,3,5,5,5,7,6,6,5,6,7,7,3,1,2,6,6,6,4,5,5,4,4,3,4,3,5,7,6,5,6,1,1,1,1,2,2,2,3,1,1,2,2,7,4,4,4,4,4,6,6,7,6,6,5,5,6,2,3,3,4.5,3.5,5.8,1.0,2.25,1.4,4.0,6.2,5.333333333333333,2.6666666666666665,1.0,-0.3333333333333333
S1-0423,Same-product,1,35,Female,4,6,2,4,5,4,7,4,3,6,5,6,6,6,5,6,2,2,2,5,6,5,3,2,3,3,3,3,4,4,3,5,4,5,3,3,3,5,4,2,3,3,3,3,3,2,3,4,4,4,5,5,4,5,6,5,4,5,6,6,6,2,3,2,2.75,3.5,4.0,3.75,2.75,3.0,4.4,5.0,6.0,2.3333333333333335,1.0,-0.3333333333333333
S1-0424,Same-product,1,43,Female,7,5,4,4,1,1,4,5,6,4,5,4,5,6,6,6,2,2,2,5,5,5,4,4,4,4,4,4,5,3,5,5,6,5,5,3,3,2,2,2,3,2,2,2,1,2,2,6,5,5,5,4,4,6,6,7,6,6,5,5,5,4,3,2,4.0,4.0,5.2,2.5,2.25,1.8,4.6,6.2,5.0,3.0,1.0,-0.3333333333333333
S1-0425,Same-product,1,20,Male,7,5,3,6,3,2,4,3,3,4,5,5,6,6,6,6,3,3,3,5,5,5,2,2,2,1,2,3,2,3,5,6,5,5,5,4,3,3,3,4,4,4,4,3,4,4,3,5,6,6,5,7,5,7,7,6,6,6,6,7,6,3,3,3,1.75,2.5,5.2,3.25,4.0,3.4,5.8,6.4,6.333333333333333,3.0,1.0,-0.3333333333333333
S1-0426,Similar-product,2,25,Nonbinary/Other,6,4,2,7,4,2,5,2,3,5,2,2,1,5,6,5,3,3,3,4,5,5,5,6,6,6,6,3,4,4,5,3,5,4,4,4,4,4,3,3,4,4,4,4,3,3,4,4,3,3,4,4,3,3,4,4,4,4,5,4,5,4,3,4,5.75,4.25,4.2,3.75,3.75,3.6,3.4,3.8,4.666666666666667,3.6666666666666665,-0.3333333333333333,-0.3333333333333333
S1-0427,Unrelated,0,22,Male,5,4,2,5,3,4,4,4,7,5,2,2,2,1,2,1,3,2,1,2,3,2,4,5,5,5,3,4,4,4,5,4,4,6,6,2,2,4,3,4,3,3,3,3,3,3,2,5,4,4,3,4,3,3,3,2,2,2,4,5,4,5,5,5,4.75,3.75,5.0,2.75,3.25,2.8,3.6,2.4,4.333333333333333,5.0,-0.3333333333333333,-0.3333333333333333
S1-0428,Unrelated,0,21,Male,5,4,3,6,5,4,6,4,3,4,2,2,1,4,3,3,2,2,2,3,2,2,7,7,6,6,5,6,6,5,5,6,5,6,6,1,2,2,2,2,2,2,2,2,1,1,1,7,2,2,2,2,2,3,2,4,2,3,4,4,3,5,5,5,6.5,5.5,5.6,1.75,2.0,1.2,2.0,2.8,3.6666666666666665,5.0,-0.3333333333333333,-0.3333333333333333
S1-0429,Unrelated,0,32,Female,4,4,4,5,5,1,4,5,3,4,2,2,2,2,2,2,1,1,2,3,2,4,6,6,6,7,6,6,6,5,5,6,5,5,5,3,3,2,3,2,2,2,3,2,4,2,2,5,1,2,2,1,1,3,2,2,2,2,3,3,4,4,4,4,6.25,5.75,5.2,2.75,2.25,2.6,1.4,2.2,3.3333333333333335,4.0,-0.3333333333333333,-0.3333333333333333
S1-0430,Superior-alternative,3,29,Female,5,5,4,4,4,1,6,5,4,3,1,1,1,6,6,5,4,5,5,4,4,4,4,4,4,4,4,5,4,5,4,3,3,4,3,5,5,5,5,5,5,5,5,5,5,4,5,4,4,4,4,3,4,3,4,3,4,4,4,5,4,2,3,2,4.0,4.5,3.4,5.0,5.0,4.6,3.8,3.6,4.333333333333333,2.3333333333333335,-0.3333333333333333,1.0
S1-0431,Similar-product,2,44,Male,5,4,4,3,5,2,7,5,4,5,1,2,2,6,5,6,3,3,2,4,5,4,4,5,5,5,4,4,4,4,4,5,6,6,5,3,2,2,3,2,2,3,2,2,2,3,3,4,3,4,3,4,5,5,5,4,4,4,5,4,5,4,3,3,4.75,4.0,5.2,2.5,2.25,2.8,3.8,4.4,4.666666666666667,3.3333333333333335,-0.3333333333333333,-0.3333333333333333
S1-0432,Same-product,1,37,Male,5,6,4,3,5,4,6,5,6,6,5,6,6,6,7,7,3,3,2,6,6,6,3,3,3,3,5,4,4,4,4,3,4,3,4,3,4,4,4,3,3,3,3,2,2,2,3,5,4,5,5,3,4,5,6,5,6,6,5,5,5,3,3,4,3.0,4.25,3.6,3.75,3.0,2.4,4.2,5.6,5.0,3.3333333333333335,1.0,-0.3333333333333333
S1-0433,Same-product,1,33,Female,6,6,5,5,4,4,5,5,4,5,6,6,6,5,6,6,3,3,3,4,5,5,4,4,3,4,4,4,4,4,5,6,5,5,6,4,3,3,3,3,2,4,3,3,3,4,3,4,6,5,4,5,5,7,6,6,7,6,5,5,5,3,3,2,3.75,4.0,5.4,3.25,3.0,3.4,5.0,6.4,5.0,2.6666666666666665,1.0,-0.3333333333333333
S1-0434,Similar-product,2,35,Female,4,5,2,4,4,4,3,6,4,7,2,2,2,5,6,6,3,4,4,4,4,5,5,5,5,6,5,5,5,5,5,4,5,6,5,2,3,3,3,2,2,3,3,3,3,3,4,4,3,2,2,3,3,2,4,3,3,4,5,5,4,3,3,3,5.25,5.0,5.0,2.75,2.5,3.4,2.6,3.2,4.666666666666667,3.0,-0.3333333333333333,-0.3333333333333333
S1-0435,Same-product,1,33,Male,5,5,4,2,4,3,3,4,6,4,6,4,5,6,6,6,3,3,2,6,6,6,3,5,4,5,4,4,5,4,5,4,4,3,5,3,3,2,2,3,3,2,4,2,1,1,2,5,3,4,4,3,4,6,4,6,4,5,6,5,5,3,2,3,4.25,4.25,4.2,2.5,3.0,1.8,3.6,5.0,5.333333333333333,2.6666666666666665,1.0,-0.3333333333333333
S1-0436,Same-product,1,30,Female,5,5,5,4,3,5,5,5,5,4,5,5,6,6,5,6,3,2,2,6,5,6,4,3,3,2,3,2,2,3,4,4,4,5,3,4,3,3,4,4,2,3,3,3,1,3,2,5,6,6,6,6,7,6,6,5,6,7,4,5,5,1,2,1,3.0,2.5,4.0,3.5,3.0,2.4,6.2,6.0,4.666666666666667,1.3333333333333333,1.0,-0.3333333333333333
S1-0437,Same-product,1,24,Female,7,5,4,3,5,4,4,5,5,4,5,6,6,6,5,5,2,2,2,6,6,6,4,5,5,3,3,4,5,3,5,4,5,5,5,3,4,4,4,2,2,3,2,3,2,3,3,5,4,3,5,5,4,5,6,6,6,6,6,6,6,3,3,3,4.25,3.75,4.8,3.75,2.25,2.8,4.2,5.8,6.0,3.0,1.0,-0.3333333333333333
S1-0438,Similar-product,2,18,Female,6,5,4,4,4,2,6,6,4,5,2,2,2,6,5,6,3,4,4,3,3,4,4,5,5,6,3,4,4,4,3,3,4,4,5,4,3,4,4,3,3,4,3,3,2,3,3,6,4,2,2,4,4,3,3,4,4,5,4,4,3,3,3,4,5.0,3.75,3.8,3.75,3.25,2.6,3.2,3.8,3.6666666666666665,3.3333333333333335,-0.3333333333333333,-0.3333333333333333
S1-0439,Unrelated,0,42,Female,4,5,2,6,3,4,6,3,3,4,1,2,1,3,2,2,3,3,3,3,4,3,5,5,5,5,4,4,4,4,6,6,5,5,5,2,2,2,2,2,3,2,3,3,1,1,2,6,4,2,3,3,3,4,4,3,4,4,3,3,3,4,5,4,5.0,4.0,5.4,2.0,2.5,1.8,3.0,3.8,3.0,4.333333333333333,-0.3333333333333333,-0.3333333333333333
S1-0440,Same-product,1,23,Nonbinary/Other,5,6,4,4,5,3,4,4,5,4,5,6,5,6,5,6,2,1,2,6,7,6,4,5,4,5,3,4,4,3,5,5,5,6,6,2,3,2,2,3,2,2,2,2,2,2,2,6,5,6,6,6,6,5,6,6,5,7,5,4,5,3,3,2,4.5,3.5,5.4,2.25,2.25,2.0,5.8,5.8,4.666666666666667,2.6666666666666665,1.0,-0.3333333333333333
S1-0441,Superior-alternative,3,28,Female,5,4,4,7,6,3,4,3,3,3,1,1,1,5,7,6,6,6,6,4,5,5,4,5,5,4,4,4,4,4,4,3,4,5,4,6,6,6,6,5,5,5,5,5,6,5,6,3,4,3,3,4,4,3,4,4,5,4,4,6,5,4,4,5,4.5,4.0,4.0,6.0,5.0,5.4,3.6,4.0,5.0,4.333333333333333,-0.3333333333333333,1.0
S1-0442,Superior-alternative,3,31,Female,6,4,7,6,5,1,7,5,5,5,2,2,3,5,6,6,6,5,6,4,4,5,4,5,4,5,4,4,5,4,3,3,2,2,2,6,5,6,5,5,4,5,5,5,4,5,4,4,4,4,5,4,3,5,5,5,4,5,6,6,5,3,3,1,4.5,4.25,2.4,5.5,4.75,4.4,4.0,4.8,5.666666666666667,2.3333333333333335,-0.3333333333333333,1.0
S1-0443,Same-product,1,18,Male,6,5,2,5,6,3,7,5,4,6,6,5,6,5,6,5,2,2,2,6,6,6,3,4,4,4,4,4,4,3,4,5,5,5,6,3,3,3,3,4,4,3,2,2,2,2,3,5,4,3,4,5,5,6,4,5,5,4,6,6,5,2,2,3,3.75,3.75,5.0,3.0,3.25,2.4,4.2,4.8,5.666666666666667,2.3333333333333335,1.0,-0.3333333333333333
S1-0444,Superior-alternative,3,23,Female,5,6,4,6,4,4,2,5,5,4,2,2,2,6,5,6,7,6,6,5,5,4,4,4,5,4,5,5,4,4,3,4,3,4,3,5,4,5,6,4,5,5,5,4,5,6,6,1,3,4,5,4,5,5,5,4,6,4,7,6,6,4,4,4,4.25,4.5,3.4,5.0,4.75,5.6,4.2,4.8,6.333333333333333,4.0,-0.3333333333333333,1.0
S1-0445,Unrelated,0,20,Male,5,7,4,5,4,1,5,4,5,4,2,1,2,3,2,2,2,2,1,3,2,2,6,6,6,5,6,5,5,5,5,6,4,5,5,2,3,2,1,2,2,2,1,2,1,3,2,5,2,2,2,2,2,2,2,3,2,2,3,2,3,5,3,4,5.75,5.25,5.0,2.0,1.75,2.2,2.0,2.2,2.6666666666666665,4.0,-0.3333333333333333,-0.3333333333333333
S1-0446,Similar-product,2,34,Male,5,5,2,6,4,4,4,5,5,5,1,2,1,6,5,6,4,4,4,4,5,5,4,4,5,5,3,5,4,4,6,5,4,5,5,4,4,4,3,3,3,4,2,2,3,2,3,5,3,3,3,4,2,5,4,4,4,4,5,5,5,4,4,4,4.5,4.0,5.0,3.75,3.0,2.6,3.0,4.2,5.0,4.0,-0.3333333333333333,-0.3333333333333333
S1-0447,Superior-alternative,3,19,Female,6,4,4,5,4,4,4,5,5,5,2,2,2,6,5,6,6,7,6,5,5,5,5,5,4,5,5,5,4,5,2,2,2,2,2,6,5,6,7,5,5,4,5,6,5,5,5,3,3,3,4,3,4,4,5,4,4,4,5,6,5,3,4,3,4.75,4.75,2.0,6.0,4.75,5.2,3.4,4.2,5.333333333333333,3.3333333333333335,-0.3333333333333333,1.0
S1-0448,Unrelated,0,18,Female,6,6,4,4,5,3,7,3,4,5,1,2,2,2,2,2,2,2,2,2,1,2,4,4,5,5,4,5,5,5,5,6,6,5,6,2,1,2,2,2,1,2,2,2,3,2,2,6,2,4,3,3,2,2,2,2,3,1,4,4,4,5,4,5,4.5,4.75,5.6,1.75,1.75,2.2,2.8,2.0,4.0,4.666666666666667,-0.3333333333333333,-0.3333333333333333
S1-0449,Similar-product,2,32,Male,7,5,3,7,4,3,3,6,6,4,2,2,3,5,5,5,3,3,3,5,5,5,4,4,3,3,4,5,5,4,5,6,5,4,5,2,2,3,2,2,2,3,2,2,2,2,2,6,2,3,3,4,3,4,4,5,5,6,5,5,5,5,5,4,3.5,4.5,5.0,2.25,2.25,2.0,3.0,4.8,5.0,4.666666666666667,-0.3333333333333333,-0.3333333333333333
S1-0450,Similar-product,2,34,Female,5,4,2,5,3,5,6,5,5,5,1,1,2,6,6,6,4,4,3,4,5,4,4,4,5,4,4,5,5,4,4,4,4,4,4,3,3,4,4,4,3,3,3,3,3,3,2,5,4,3,5,3,4,4,4,4,4,5,5,6,4,4,4,4,4.25,4.5,4.0,3.5,3.25,2.8,3.8,4.2,5.0,4.0,-0.3333333333333333,-0.3333333333333333
S1-0451,Superior-alternative,3,25,Female,5,4,4,4,6,3,6,4,4,3,2,2,2,6,5,6,5,5,5,3,3,4,4,4,5,5,4,5,3,2,3,2,3,2,2,4,6,6,6,4,4,4,6,4,4,5,5,4,3,4,4,4,4,5,5,4,5,5,6,5,6,2,3,3,4.5,3.5,2.4,5.5,4.5,4.4,3.8,4.8,5.666666666666667,2.6666666666666665,-0.3333333333333333,1.0
S1-0452,Superior-alternative,3,26,Female,6,7,5,4,5,4,4,4,5,7,3,2,2,6,6,6,5,6,6,4,4,3,5,5,5,6,4,4,4,6,2,2,2,2,3,5,6,6,5,5,4,4,4,4,4,3,4,4,4,4,5,5,4,5,4,5,5,4,5,6,6,3,4,3,5.25,4.5,2.2,5.5,4.25,3.8,4.4,4.6,5.666666666666667,3.3333333333333335,-0.3333333333333333,1.0
S1-0453,Similar-product,2,36,Male,5,5,6,4,5,3,5,5,3,6,2,2,2,5,5,5,3,4,4,4,4,4,4,4,3,3,4,3,3,3,5,4,3,4,5,4,3,5,4,4,3,4,4,4,3,3,4,5,3,3,4,4,3,3,4,4,5,4,5,5,5,3,5,4,3.5,3.25,4.2,4.0,3.75,3.4,3.4,4.0,5.0,4.0,-0.3333333333333333,-0.3333333333333333
S1-0454,Similar-product,2,31,Female,6,5,4,5,3,4,4,4,4,5,2,1,2,5,5,6,4,3,4,5,5,5,5,5,5,7,6,5,6,6,4,4,4,4,3,3,4,4,4,3,3,3,4,3,3,3,3,5,1,2,2,2,3,5,4,5,4,4,4,5,4,4,4,2,5.5,5.75,3.8,3.75,3.25,3.0,2.0,4.4,4.333333333333333,3.3333333333333335,-0.3333333333333333,-0.3333333333333333
S1-0455,Unrelated,0,42,Female,5,5,2,4,5,4,6,4,4,4,2,2,1,1,2,2,2,1,2,3,2,3,4,5,4,5,4,6,5,4,5,6,5,5,6,3,2,2,3,3,3,2,2,1,1,2,1,7,3,2,4,3,4,3,3,2,2,2,4,5,5,4,5,4,4.5,4.75,5.4,2.5,2.5,1.2,3.2,2.4,4.666666666666667,4.333333333333333,-0.3333333333333333,-0.3333333333333333
S1-0456,Superior-alternative,3,31,Female,5,6,5,4,4,2,6,3,4,6,2,2,2,5,6,6,5,5,5,3,3,4,5,5,5,5,5,4,6,6,4,4,4,6,4,5,5,5,5,4,5,4,5,5,4,5,4,3,4,4,4,5,5,4,4,5,5,4,5,4,5,4,4,3,5.0,5.25,4.4,5.0,4.5,4.6,4.4,4.4,4.666666666666667,3.6666666666666665,-0.3333333333333333,1.0
S1-0457,Similar-product,2,18,Male,5,5,3,2,4,3,5,5,6,4,2,2,2,6,6,6,4,3,3,4,5,4,4,4,4,3,3,4,3,4,5,4,4,5,6,4,4,4,5,4,3,4,3,4,3,3,2,6,3,3,3,3,4,4,5,3,4,5,4,4,5,2,3,3,3.75,3.5,4.8,4.25,3.5,2.8,3.2,4.2,4.333333333333333,2.6666666666666665,-0.3333333333333333,-0.3333333333333333
S1-0458,Superior-alternative,3,37,Female,5,5,2,5,4,4,3,6,4,7,2,2,3,5,6,6,6,6,7,4,3,4,5,4,4,4,4,4,4,4,4,4,3,4,4,6,5,5,6,4,5,5,4,4,3,4,4,4,4,4,4,5,6,5,3,4,4,4,5,6,6,3,3,3,4.25,4.0,3.8,5.5,4.5,3.8,4.6,4.0,5.666666666666667,3.0,-0.3333333333333333,1.0
S1-0459,Superior-alternative,3,29,Female,4,6,3,5,4,1,5,5,6,6,2,1,2,4,5,5,6,6,6,5,4,4,5,4,4,3,4,3,3,4,4,4,5,4,4,4,4,5,4,5,4,4,4,4,3,3,3,4,4,4,3,4,3,4,3,4,3,5,5,5,5,3,4,4,4.0,3.5,4.2,4.25,4.25,3.4,3.6,3.8,5.0,3.6666666666666665,-0.3333333333333333,1.0
S1-0460,Unrelated,0,20,Female,6,5,4,6,7,3,5,6,4,2,2,2,1,2,2,2,2,2,2,2,2,3,6,5,5,7,6,5,7,7,5,5,5,6,5,3,3,3,2,3,3,3,2,2,2,3,2,7,3,1,1,1,2,2,2,3,2,2,3,3,3,4,6,4,5.75,6.25,5.2,2.75,2.75,2.0,1.6,2.2,3.0,4.666666666666667,-0.3333333333333333,-0.3333333333333333
S1-0461,Same-product,1,19,Female,5,5,3,4,5,1,3,4,4,4,5,4,6,6,6,6,2,3,2,6,6,6,4,4,5,4,5,4,4,4,6,5,6,5,5,2,3,2,1,2,2,3,2,3,1,2,2,4,4,4,5,4,4,6,6,5,5,6,3,4,5,3,2,3,4.25,4.25,5.4,2.0,2.25,2.4,4.2,5.6,4.0,2.6666666666666665,1.0,-0.3333333333333333
S1-0462,Superior-alternative,3,39,Female,5,5,4,4,4,4,4,3,3,3,2,2,2,7,6,6,5,6,6,3,4,4,6,5,7,6,5,5,5,5,3,4,4,3,1,6,5,6,6,5,5,5,6,5,5,6,6,3,4,3,3,3,4,5,4,4,4,4,5,6,4,3,3,2,6.0,5.0,3.0,5.75,5.25,5.4,3.4,4.2,5.0,2.6666666666666665,-0.3333333333333333,1.0
S1-0463,Similar-product,2,18,Male,6,6,4,4,3,2,5,5,5,4,1,2,2,7,7,7,4,3,4,5,6,5,4,5,5,5,5,3,5,5,4,3,4,5,4,4,4,4,4,3,3,4,3,3,3,4,3,5,5,4,3,5,4,5,6,6,5,6,6,6,7,4,5,5,4.75,4.5,4.0,4.0,3.25,3.2,4.2,5.6,6.333333333333333,4.666666666666667,-0.3333333333333333,-0.3333333333333333
S1-0464,Superior-alternative,3,35,Male,6,5,3,5,4,3,4,5,5,4,1,3,2,6,5,5,5,6,7,5,4,3,5,5,6,6,4,5,5,5,2,3,3,3,2,3,5,4,5,4,4,4,5,5,5,4,5,3,3,3,3,4,3,4,5,4,3,4,6,5,5,2,3,3,5.5,4.75,2.6,4.25,4.25,4.8,3.2,4.0,5.333333333333333,2.6666666666666665,-0.3333333333333333,1.0
S1-0465,Unrelated,0,22,Male,7,5,3,5,3,5,4,4,4,3,1,1,1,1,2,2,1,1,2,2,2,2,4,4,3,5,5,5,4,5,6,5,6,6,6,2,2,2,1,2,3,1,1,1,2,3,2,5,2,3,3,2,2,1,1,2,1,2,3,3,4,4,4,5,4.0,4.75,5.8,1.75,1.75,2.2,2.4,1.4,3.3333333333333335,4.333333333333333,-0.3333333333333333,-0.3333333333333333
S1-0466,Superior-alternative,3,26,Female,3,3,4,5,5,2,6,5,6,3,1,1,2,6,6,6,6,6,7,5,4,4,5,6,5,6,4,5,5,4,4,4,4,3,3,4,4,5,5,4,5,4,4,4,4,5,4,3,4,5,4,4,4,5,4,6,5,5,5,6,5,4,4,4,5.5,4.5,3.6,4.5,4.25,4.4,4.2,5.0,5.333333333333333,4.0,-0.3333333333333333,1.0
S1-0467,Similar-product,2,47,Female,4,6,5,7,6,4,4,5,3,6,2,1,1,5,5,5,3,4,4,4,5,3,5,4,5,5,4,4,5,4,6,4,5,6,6,4,4,4,4,3,1,2,2,2,3,2,3,6,3,3,3,3,2,3,4,4,4,4,4,4,4,3,4,3,4.75,4.25,5.4,4.0,2.0,2.4,2.8,3.8,4.0,3.3333333333333335,-0.3333333333333333,-0.3333333333333333
S1-0468,Same-product,1,18,Female,7,6,4,4,4,3,6,7,4,6,4,5,5,6,6,6,2,2,2,6,6,7,3,4,3,3,3,2,3,3,5,5,5,6,5,3,3,3,3,2,3,3,2,4,3,3,2,5,5,5,5,5,6,5,6,5,6,6,5,3,5,2,2,1,3.25,2.75,5.2,3.0,2.5,3.0,5.2,5.6,4.333333333333333,1.6666666666666667,1.0,-0.3333333333333333
S1-0469,Similar-product,2,25,Female,5,6,4,5,4,5,5,5,5,5,2,1,3,6,4,5,3,4,4,4,4,5,4,4,4,5,3,4,4,4,5,4,5,5,4,3,2,2,4,4,3,3,3,3,3,2,2,5,4,4,3,4,4,6,5,4,5,4,5,5,5,4,3,2,4.25,3.75,4.6,2.75,3.25,2.6,3.8,4.8,5.0,3.0,-0.3333333333333333,-0.3333333333333333
S1-0470,Same-product,1,32,Female,6,6,6,4,4,4,3,4,4,6,4,5,5,6,6,6,3,2,3,6,5,6,4,4,4,4,4,4,3,4,4,5,6,5,4,3,3,3,2,3,3,3,3,2,3,3,3,5,6,5,5,5,5,6,6,6,6,6,4,4,4,2,3,3,4.0,3.75,4.8,2.75,3.0,2.8,5.2,6.0,4.0,2.6666666666666665,1.0,-0.3333333333333333
S1-0471,Unrelated,0,23,Female,6,4,3,5,3,2,6,5,4,4,2,2,2,3,3,3,2,2,3,3,2,2,6,5,5,6,6,6,5,6,6,6,6,7,7,1,1,2,1,2,1,2,1,1,2,2,1,7,4,2,3,3,3,2,3,2,2,2,3,2,2,5,4,4,5.5,5.75,6.4,1.25,1.5,1.4,3.0,2.2,2.3333333333333335,4.333333333333333,-0.3333333333333333,-0.3333333333333333
S1-0472,Same-product,1,32,Female,6,6,5,5,4,3,3,3,2,5,4,5,5,7,7,6,2,2,2,5,5,5,5,4,4,4,4,4,3,3,4,4,6,4,5,3,3,3,2,3,1,3,3,2,2,3,4,7,4,4,4,4,5,5,5,5,5,6,5,5,4,2,2,2,4.25,3.5,4.6,2.75,2.5,2.4,4.2,5.2,4.666666666666667,2.0,1.0,-0.3333333333333333
S1-0473,Unrelated,0,24,Female,5,5,3,5,5,4,4,4,5,3,1,1,2,3,2,2,1,2,2,3,3,3,5,5,4,5,5,5,4,5,5,5,6,5,5,2,2,1,2,3,3,3,3,2,2,1,2,7,2,3,2,3,4,2,2,3,2,1,4,4,4,4,4,4,4.75,4.75,5.2,1.75,3.0,1.6,2.8,2.0,4.0,4.0,-0.3333333333333333,-0.3333333333333333
S1-0474,Same-product,1,39,Male,5,4,3,5,5,4,6,4,6,5,6,6,6,6,6,6,3,3,3,5,6,5,5,5,4,5,5,5,4,4,5,4,4,4,3,4,4,3,3,3,4,4,3,3,3,3,4,4,4,5,5,3,4,6,5,6,7,6,5,5,6,2,2,2,4.75,4.5,4.0,3.5,3.5,3.4,4.2,6.0,5.333333333333333,2.0,1.0,-0.3333333333333333
S1-0475,Same-product,1,27,Female,5,4,3,3,6,3,4,5,2,5,5,5,5,6,6,6,1,2,2,6,6,6,4,3,4,4,5,3,3,4,4,4,4,4,5,3,3,4,3,3,4,3,3,4,4,3,3,5,5,5,6,5,5,6,7,6,6,6,5,4,5,2,3,1,3.75,3.75,4.2,3.25,3.25,3.4,5.2,6.2,4.666666666666667,2.0,1.0,-0.3333333333333333
S1-0476,Unrelated,0,39,Male,6,5,3,4,4,2,5,4,5,3,2,2,1,2,2,2,2,3,2,3,3,3,4,4,5,4,6,6,6,6,4,5,5,4,5,2,2,2,3,2,2,2,2,2,2,2,3,6,2,2,2,3,2,2,3,2,2,3,3,4,4,4,5,5,4.25,6.0,4.6,2.25,2.0,2.2,2.2,2.4,3.6666666666666665,4.666666666666667,-0.3333333333333333,-0.3333333333333333
S1-0477,Similar-product,2,28,Male,7,5,4,6,4,1,6,5,5,5,2,2,2,4,4,5,4,4,4,4,4,4,4,4,4,4,3,4,2,4,6,6,6,5,5,5,4,4,4,3,3,4,3,4,3,3,4,4,5,5,5,5,5,4,4,5,4,4,4,4,4,4,3,3,4.0,3.25,5.6,4.25,3.25,3.6,5.0,4.2,4.0,3.3333333333333335,-0.3333333333333333,-0.3333333333333333
S1-0478,Same-product,1,34,Nonbinary/Other,4,5,4,5,4,3,7,4,3,5,5,5,7,5,5,6,3,3,2,5,5,5,3,5,4,4,5,5,5,4,4,5,3,4,5,3,3,3,2,3,3,3,3,3,2,3,3,5,4,5,4,4,4,6,4,5,5,6,6,7,6,3,4,2,4.0,4.75,4.2,2.75,3.0,2.8,4.2,5.2,6.333333333333333,3.0,1.0,-0.3333333333333333
S1-0479,Superior-alternative,3,21,Female,4,5,3,7,4,2,4,5,5,3,2,3,2,5,6,6,5,5,6,5,4,5,4,5,5,5,4,5,5,5,4,3,4,4,4,4,5,6,5,6,5,5,6,4,5,6,4,3,4,4,4,3,4,6,4,4,5,5,4,5,5,4,3,3,4.75,4.75,3.8,5.0,5.5,4.8,3.8,4.8,4.666666666666667,3.3333333333333335,-0.3333333333333333,1.0
S1-0480,Same-product,1,36,Female,5,5,3,4,3,3,4,3,5,6,5,6,6,6,6,6,4,3,3,6,6,6,3,3,3,3,3,5,5,5,6,5,6,6,6,1,2,2,2,1,2,2,1,2,2,2,1,7,5,4,4,4,5,6,6,6,6,5,3,4,2,3,3,3,3.0,4.5,5.8,1.75,1.5,1.6,4.4,5.8,3.0,3.0,1.0,-0.3333333333333333
S1-0481,Superior-alternative,3,27,Male,6,5,3,3,6,4,5,2,5,5,2,2,2,6,6,6,5,5,6,4,4,5,6,6,5,5,4,4,5,4,4,2,3,2,3,4,4,4,5,5,5,5,5,3,4,3,4,4,3,4,4,4,3,5,6,5,6,5,6,6,5,2,3,2,5.5,4.25,2.8,4.25,5.0,3.6,3.6,5.4,5.666666666666667,2.3333333333333335,-0.3333333333333333,1.0
S1-0482,Similar-product,2,29,Male,5,5,3,6,5,3,5,5,4,3,2,3,3,6,6,6,4,4,3,4,4,4,4,4,4,4,4,6,5,4,5,5,5,4,5,3,4,4,4,2,4,3,3,2,3,3,3,4,2,2,3,3,3,4,4,4,3,3,4,5,5,4,5,5,4.0,4.75,4.8,3.75,3.0,3.0,2.6,3.6,4.666666666666667,4.666666666666667,-0.3333333333333333,-0.3333333333333333
S1-0483,Superior-alternative,3,39,Male,6,6,2,7,5,4,5,3,4,3,2,2,2,6,6,5,6,6,5,5,6,4,5,6,6,5,4,5,5,5,4,4,3,2,4,5,4,4,4,4,4,6,4,5,4,5,5,3,3,4,2,4,4,3,4,4,3,5,4,5,4,3,3,3,5.5,4.75,3.4,4.25,4.5,4.8,3.4,3.8,4.333333333333333,3.0,-0.3333333333333333,1.0
S1-0484,Unrelated,0,24,Male,5,5,3,5,5,1,5,4,4,5,1,2,2,2,2,2,2,2,2,4,3,3,6,6,6,7,5,4,5,6,6,6,7,6,7,2,3,3,3,1,2,2,2,2,2,1,1,7,1,1,1,1,2,2,2,1,2,3,3,3,4,4,4,5,6.25,5.0,6.4,2.75,1.75,1.4,1.2,2.0,3.3333333333333335,4.333333333333333,-0.3333333333333333,-0.3333333333333333
S1-0485,Unrelated,0,29,Male,6,5,3,4,6,3,6,3,5,5,1,3,3,2,2,2,2,2,2,4,2,2,5,3,5,4,5,5,5,4,5,6,5,6,5,3,1,1,3,2,2,3,2,2,2,2,1,6,3,3,4,3,3,4,2,3,2,3,3,4,4,4,4,5,4.25,4.75,5.4,2.0,2.25,1.8,3.2,2.8,3.6666666666666665,4.333333333333333,-0.3333333333333333,-0.3333333333333333
S1-0486,Same-product,1,30,Female,5,6,6,4,5,3,4,4,5,5,5,5,6,6,7,7,3,2,2,5,5,5,4,5,4,4,4,4,5,4,5,5,4,5,4,3,3,2,4,4,3,2,3,3,2,3,3,6,5,7,5,6,6,5,5,6,6,5,5,5,5,2,2,3,4.25,4.25,4.6,3.0,3.0,2.6,5.8,5.4,5.0,2.3333333333333335,1.0,-0.3333333333333333
S1-0487,Same-product,1,18,Female,6,5,4,5,3,2,5,5,5,6,6,5,6,7,5,6,2,2,2,5,6,5,3,3,4,4,4,3,3,3,4,4,4,4,5,3,3,3,3,2,3,4,3,3,3,3,3,5,4,5,5,6,6,6,6,6,6,6,5,5,5,2,2,3,3.5,3.25,4.2,3.0,3.0,3.0,5.2,6.0,5.0,2.3333333333333335,1.0,-0.3333333333333333
S1-0488,Same-product,1,36,Male,5,4,4,3,3,5,6,3,4,4,6,7,6,6,6,7,2,3,2,6,6,5,3,4,4,5,4,4,3,3,4,5,5,5,5,5,3,4,4,3,3,2,3,3,4,2,3,6,5,5,5,6,5,6,6,7,6,5,5,6,6,4,3,4,4.0,3.5,4.8,4.0,2.75,2.8,5.2,6.0,5.666666666666667,3.6666666666666665,1.0,-0.3333333333333333
S1-0489,Unrelated,0,22,Female,6,6,3,4,5,2,4,3,3,5,2,2,2,3,3,3,2,2,1,3,3,3,5,5,4,5,4,4,4,5,5,6,5,5,6,2,3,3,2,2,2,4,2,2,3,2,2,5,3,2,3,4,3,3,2,3,2,1,2,4,4,4,5,4,4.75,4.25,5.4,2.5,2.5,2.4,3.0,2.2,3.3333333333333335,4.333333333333333,-0.3333333333333333,-0.3333333333333333
S1-0490,Similar-product,2,29,Male,6,7,2,4,5,2,4,5,4,4,3,3,2,5,5,5,4,4,4,4,3,4,3,4,5,4,4,4,4,4,5,3,4,3,4,4,4,4,5,3,3,3,4,2,3,3,3,4,4,5,4,5,3,5,5,4,5,5,5,5,4,4,4,4,4.0,4.0,3.8,4.25,3.25,3.0,4.2,4.8,4.666666666666667,4.0,-0.3333333333333333,-0.3333333333333333
S1-0491,Same-product,1,26,Female,4,6,4,5,2,3,5,4,5,3,6,6,6,6,6,6,3,3,3,6,5,6,3,4,3,2,2,3,3,2,5,6,5,5,6,4,3,2,2,1,2,2,2,2,2,1,2,7,4,5,5,5,5,7,5,4,6,6,4,3,5,2,2,3,3.0,2.5,5.4,2.75,1.75,1.6,4.8,5.6,4.0,2.3333333333333335,1.0,-0.3333333333333333
S1-0492,Unrelated,0,18,Male,5,4,3,4,4,4,6,4,4,6,2,2,2,2,2,2,2,2,1,3,3,1,4,4,5,5,5,5,5,4,5,5,6,5,5,3,3,3,2,2,2,3,2,2,2,4,3,6,1,2,2,2,2,2,3,3,2,3,3,3,4,5,6,5,4.5,4.75,5.2,2.75,2.25,2.6,1.8,2.6,3.3333333333333335,5.333333333333333,-0.3333333333333333,-0.3333333333333333
S1-0493,Superior-alternative,3,18,Female,5,6,3,4,7,4,5,5,7,3,3,2,3,6,5,6,6,6,7,4,4,4,5,6,5,5,4,5,4,5,2,4,3,2,3,6,5,5,7,4,4,5,5,4,5,4,5,3,4,4,4,5,5,4,4,5,5,5,4,5,5,4,3,3,5.25,4.5,2.8,5.75,4.5,4.6,4.4,4.6,4.666666666666667,3.3333333333333335,-0.3333333333333333,1.0
S1-0494,Same-product,1,19,Male,6,5,5,4,3,3,7,6,5,6,5,6,5,7,7,6,3,3,3,5,6,6,4,4,3,3,3,4,4,3,5,5,5,5,6,2,2,3,3,3,2,2,2,2,2,3,3,5,4,5,5,5,5,5,4,5,6,4,4,5,5,3,2,3,3.5,3.5,5.2,2.5,2.25,2.6,4.8,4.8,4.666666666666667,2.6666666666666665,1.0,-0.3333333333333333
S1-0495,Unrelated,0,29,Male,5,6,3,5,6,4,6,6,5,4,1,1,2,2,3,1,3,2,2,3,3,2,6,7,7,7,7,7,6,7,5,4,5,6,5,4,3,3,3,2,2,3,3,3,3,2,2,5,2,1,3,2,3,3,3,4,4,4,4,4,4,4,5,3,6.75,6.75,5.0,3.25,2.5,2.6,2.2,3.6,4.0,4.0,-0.3333333333333333,-0.3333333333333333
S1-0496,Superior-alternative,3,24,Female,4,4,4,3,3,3,5,3,5,4,1,1,1,6,6,6,5,6,6,4,4,4,6,5,5,6,4,5,5,5,2,3,2,2,2,5,5,6,5,5,5,4,6,6,4,5,5,3,3,3,3,2,3,3,3,3,3,3,4,4,5,3,4,3,5.5,4.75,2.2,5.25,5.0,5.0,2.8,3.0,4.333333333333333,3.3333333333333335,-0.3333333333333333,1.0
S1-0497,Similar-product,2,32,Male,5,5,3,4,5,4,6,6,3,3,2,2,2,5,6,6,3,3,3,4,3,4,4,4,5,4,5,4,4,4,3,4,3,4,4,6,4,4,5,3,5,3,5,4,4,4,4,5,4,3,3,3,3,5,4,4,4,5,5,6,5,4,4,6,4.25,4.25,3.6,4.75,4.0,3.8,3.2,4.4,5.333333333333333,4.666666666666667,-0.3333333333333333,-0.3333333333333333
S1-0498,Similar-product,2,40,Female,5,6,3,5,4,3,5,4,6,4,2,1,2,6,6,6,5,4,4,5,4,5,3,4,4,4,3,3,5,4,5,5,4,3,5,5,4,4,4,4,5,4,4,3,4,4,4,4,3,3,3,4,3,3,4,4,3,4,4,6,6,5,5,4,3.75,3.75,4.4,4.25,4.25,3.8,3.2,3.6,5.333333333333333,4.666666666666667,-0.3333333333333333,-0.3333333333333333
S1-0499,Superior-alternative,3,25,Male,5,5,4,6,4,5,3,3,7,5,1,1,2,5,6,6,6,6,7,5,5,4,5,4,6,5,4,4,5,4,3,3,3,3,3,6,6,6,6,6,5,4,6,5,4,5,5,2,3,3,3,4,3,3,4,3,4,4,6,6,5,2,3,3,5.0,4.25,3.0,6.0,5.25,5.0,3.2,3.6,5.666666666666667,2.6666666666666665,-0.3333333333333333,1.0
S1-0500,Same-product,1,34,Female,5,5,3,3,5,2,4,3,2,4,6,5,6,6,6,6,2,2,2,6,6,6,4,4,4,3,5,4,4,3,5,6,6,5,6,4,3,3,3,3,2,2,3,2,3,2,3,6,4,4,5,5,4,7,5,6,7,7,5,5,4,2,2,2,3.75,4.0,5.6,3.25,2.5,2.4,4.4,6.4,4.666666666666667,2.0,1.0,-0.3333333333333333
S1-0501,Unrelated,0,31,Male,7,6,4,6,5,2,5,6,2,3,1,1,2,2,3,2,2,2,2,3,2,2,3,3,4,5,5,4,4,4,5,5,4,6,6,4,3,2,2,3,3,4,2,2,2,3,2,6,3,3,3,3,3,3,3,4,3,3,3,2,3,4,5,4,3.75,4.25,5.2,2.75,3.0,2.2,3.0,3.2,2.6666666666666665,4.333333333333333,-0.3333333333333333,-0.3333333333333333
S1-0502,Similar-product,2,25,Female,7,6,4,4,4,3,4,4,5,5,2,3,2,5,5,5,3,3,3,4,4,5,5,4,4,5,5,6,5,5,4,5,4,4,4,4,5,4,5,4,4,5,5,4,4,4,4,4,4,3,4,4,3,4,5,4,4,5,5,4,4,4,3,4,4.5,5.25,4.2,4.5,4.5,4.0,3.6,4.4,4.333333333333333,3.6666666666666665,-0.3333333333333333,-0.3333333333333333
S1-0503,Unrelated,0,18,Female,6,4,3,2,3,1,6,4,6,3,1,2,1,2,2,2,2,2,1,2,2,1,4,4,4,4,5,5,5,4,6,5,6,5,6,2,4,1,3,2,3,2,3,2,1,1,2,7,3,3,3,3,3,2,3,3,2,3,4,5,4,5,5,4,4.0,4.75,5.6,2.5,2.5,1.4,3.0,2.6,4.333333333333333,4.666666666666667,-0.3333333333333333,-0.3333333333333333
S1-0504,Superior-alternative,3,39,Female,5,4,6,5,4,3,5,5,4,5,2,1,1,6,7,6,6,6,7,5,4,5,4,4,5,4,3,4,5,4,2,3,3,2,2,5,7,6,5,5,6,5,7,4,4,5,4,3,4,6,5,6,6,4,6,5,6,5,5,4,5,4,3,2,4.25,4.0,2.4,5.75,5.75,4.4,5.4,5.2,4.666666666666667,3.0,-0.3333333333333333,1.0
S1-0505,Unrelated,0,42,Female,6,5,4,5,5,4,6,5,4,5,3,2,2,3,2,2,1,1,1,1,2,2,4,5,6,6,5,6,5,5,6,6,6,6,6,2,2,3,2,2,2,2,3,3,3,3,3,5,3,3,3,3,3,3,2,3,3,2,2,3,3,4,4,4,5.25,5.25,6.0,2.25,2.25,3.0,3.0,2.6,2.6666666666666665,4.0,-0.3333333333333333,-0.3333333333333333
S1-0506,Superior-alternative,3,19,Female,6,5,5,6,5,4,5,4,5,3,2,2,2,7,6,7,5,6,6,3,4,3,4,4,4,5,4,4,5,5,3,3,3,3,3,6,6,6,6,5,6,5,6,5,6,6,6,2,4,3,3,4,3,4,3,3,4,4,6,6,6,4,2,3,4.25,4.5,3.0,6.0,5.5,5.8,3.4,3.6,6.0,3.0,-0.3333333333333333,1.0
S1-0507,Superior-alternative,3,27,Male,6,7,3,4,5,5,6,4,6,3,2,2,2,7,7,6,5,6,6,4,4,4,5,4,4,4,4,3,5,2,4,4,3,3,3,5,6,6,5,4,5,6,5,4,4,5,4,3,5,3,4,4,4,4,5,6,5,4,5,5,6,3,4,4,4.25,3.5,3.4,5.5,5.0,4.4,4.0,4.8,5.333333333333333,3.6666666666666665,-0.3333333333333333,1.0
S1-0508,Superior-alternative,3,25,Female,7,4,3,5,4,2,5,5,7,2,1,1,1,6,6,5,6,5,6,4,5,4,5,3,3,3,4,4,4,4,2,3,3,2,3,5,5,5,5,4,4,4,4,4,5,5,5,3,5,5,5,5,6,4,6,5,5,4,5,6,4,5,5,5,3.5,4.0,2.6,5.0,4.0,4.8,5.2,4.8,5.0,5.0,-0.3333333333333333,1.0
S1-0509,Similar-product,2,34,Female,5,6,5,5,6,2,4,3,2,5,2,2,2,5,5,6,3,4,3,4,4,4,5,7,6,6,5,6,4,5,4,4,4,4,4,3,3,4,5,2,3,3,3,2,3,2,2,5,3,5,4,5,5,5,4,4,5,5,5,4,5,4,4,4,6.0,5.0,4.0,3.75,2.75,2.4,4.4,4.6,4.666666666666667,4.0,-0.3333333333333333,-0.3333333333333333
S1-0510,Similar-product,2,28,Female,5,6,4,4,3,2,5,3,5,3,1,2,1,5,6,6,4,3,4,4,5,4,5,4,5,5,5,4,5,5,4,4,5,4,5,4,5,3,4,3,3,3,5,1,3,3,3,5,3,4,4,4,4,5,4,5,5,4,5,5,5,4,4,2,4.75,4.75,4.4,4.0,3.5,2.6,3.8,4.6,5.0,3.3333333333333335,-0.3333333333333333,-0.3333333333333333
S1-0511,Superior-alternative,3,44,Female,6,6,2,5,5,4,4,5,5,5,3,3,2,5,5,6,5,5,6,4,3,4,4,4,4,4,3,3,4,3,4,4,4,4,4,5,6,5,5,5,5,5,6,5,4,5,5,3,3,3,4,3,3,4,4,3,4,4,4,5,6,2,1,3,4.0,3.25,4.0,5.25,5.25,4.8,3.2,3.8,5.0,2.0,-0.3333333333333333,1.0
S1-0512,Same-product,1,29,Female,4,5,4,3,2,3,3,5,4,5,6,7,6,6,7,7,2,2,2,4,5,6,4,3,3,3,3,4,3,3,6,6,5,5,5,3,3,3,2,3,1,3,3,2,1,2,2,5,5,4,5,5,6,5,5,5,4,5,4,5,3,3,2,3,3.25,3.25,5.4,2.75,2.5,2.0,5.0,4.8,4.0,2.6666666666666665,1.0,-0.3333333333333333
S1-0513,Unrelated,0,35,Nonbinary/Other,4,5,4,4,4,5,5,3,4,2,2,2,2,3,3,2,2,2,2,2,2,2,5,5,5,5,5,6,6,5,5,5,5,6,6,2,3,2,2,2,1,2,2,2,2,2,2,6,3,3,3,3,3,3,3,3,4,4,3,5,3,4,4,5,5.0,5.5,5.4,2.25,1.75,2.0,3.0,3.4,3.6666666666666665,4.333333333333333,-0.3333333333333333,-0.3333333333333333
S1-0514,Unrelated,0,30,Female,5,4,5,5,3,3,4,3,2,6,1,1,1,3,3,4,1,1,2,2,3,2,5,5,4,5,4,4,5,5,6,6,5,6,6,1,2,2,2,2,3,2,2,1,3,2,2,7,2,1,2,2,1,1,3,1,2,2,3,4,3,3,5,5,4.75,4.5,5.8,1.75,2.25,1.8,1.6,1.8,3.3333333333333335,4.333333333333333,-0.3333333333333333,-0.3333333333333333
S1-0515,Similar-product,2,37,Female,4,6,3,7,3,3,6,4,6,3,2,2,2,5,6,6,3,3,3,4,4,4,4,4,4,5,4,5,4,3,4,5,4,3,5,3,4,4,3,3,3,3,3,4,4,3,2,4,3,3,3,4,3,3,3,3,4,3,4,4,4,4,4,5,4.25,4.0,4.2,3.5,3.0,3.4,3.2,3.2,4.0,4.333333333333333,-0.3333333333333333,-0.3333333333333333
S1-0516,Same-product,1,39,Female,5,6,4,4,4,3,4,6,6,7,6,6,6,6,7,6,3,2,2,6,6,5,3,3,3,3,2,3,2,3,4,4,4,4,4,2,2,2,3,2,2,2,2,3,2,3,3,5,5,5,5,4,5,5,5,5,5,6,6,5,7,3,2,2,3.0,2.5,4.0,2.25,2.0,2.8,4.8,5.2,6.0,2.3333333333333335,1.0,-0.3333333333333333
S1-0517,Similar-product,2,19,Male,6,5,4,5,5,2,4,3,6,4,2,1,2,5,6,6,4,3,3,4,5,3,4,5,5,5,5,4,5,5,5,5,5,4,5,2,3,3,3,4,3,4,4,3,2,3,4,5,3,2,3,3,3,3,4,4,4,5,4,5,5,4,4,5,4.75,4.75,4.8,2.75,3.75,3.0,2.8,4.0,4.666666666666667,4.333333333333333,-0.3333333333333333,-0.3333333333333333
S1-0518,Same-product,1,18,Female,5,5,4,5,4,6,6,5,5,5,5,6,6,6,6,6,2,2,2,6,6,5,4,3,2,3,5,4,3,4,6,4,5,6,7,2,2,2,3,1,2,3,2,3,3,2,3,6,4,5,5,5,5,5,5,6,5,5,6,6,5,4,4,3,3.0,4.0,5.6,2.25,2.0,2.6,4.8,5.2,5.666666666666667,3.6666666666666665,1.0,-0.3333333333333333
S1-0519,Same-product,1,25,Male,5,5,2,4,2,2,7,3,6,4,5,5,5,6,6,6,2,2,2,5,5,6,4,4,3,4,3,3,3,3,5,5,5,5,6,2,3,2,2,3,1,3,1,2,2,2,2,6,4,4,5,5,5,5,4,4,4,4,6,6,5,4,4,4,3.75,3.0,5.2,2.25,2.0,2.0,4.6,4.2,5.666666666666667,4.0,1.0,-0.3333333333333333
S1-0520,Similar-product,2,27,Female,4,5,1,5,5,2,5,3,5,3,3,2,2,5,5,6,4,4,4,4,4,5,4,5,6,5,4,5,4,4,4,3,4,4,4,4,5,4,4,2,5,3,3,4,4,3,3,4,4,4,4,4,4,5,5,5,5,5,3,3,4,4,3,3,5.0,4.25,3.8,4.25,3.25,3.6,4.0,5.0,3.3333333333333335,3.3333333333333335,-0.3333333333333333,-0.3333333333333333
S1-0521,Same-product,1,18,Male,5,5,2,5,5,2,6,6,5,6,6,6,7,5,6,6,2,2,2,5,5,6,3,4,2,4,4,5,3,4,5,5,4,4,5,3,3,3,2,3,3,3,3,4,3,2,4,5,3,4,3,4,4,5,5,4,3,5,6,5,5,3,1,2,3.25,4.0,4.6,2.75,3.0,3.2,3.6,4.4,5.333333333333333,2.0,1.0,-0.3333333333333333
S1-0522,Superior-alternative,3,25,Male,4,5,5,5,5,4,4,5,4,3,2,3,2,6,6,5,5,7,5,5,4,5,5,4,5,5,5,5,4,5,3,3,2,4,4,5,5,4,5,5,4,5,6,5,4,4,4,3,3,4,4,4,4,4,5,4,4,3,5,5,6,3,3,5,4.75,4.75,3.2,4.75,5.0,4.4,3.8,4.0,5.333333333333333,3.6666666666666665,-0.3333333333333333,1.0
S1-0523,Similar-product,2,37,Female,5,5,2,5,5,1,5,4,7,4,2,1,1,7,6,6,4,4,3,4,4,4,6,5,5,4,5,5,5,5,3,4,3,4,5,3,4,4,4,3,2,2,4,1,2,2,2,7,1,3,2,3,3,4,6,5,3,4,4,4,4,4,4,4,5.0,5.0,3.8,3.75,2.75,1.6,2.4,4.4,4.0,4.0,-0.3333333333333333,-0.3333333333333333
S1-0524,Unrelated,0,19,Female,4,5,4,5,5,1,5,4,3,6,2,2,2,2,2,2,2,2,2,3,1,3,5,5,6,5,7,6,7,6,4,5,4,3,4,4,3,3,3,3,3,3,3,2,2,2,2,6,2,2,2,2,2,3,3,4,4,4,3,3,2,5,5,6,5.25,6.5,4.0,3.25,3.0,2.0,2.0,3.6,2.6666666666666665,5.333333333333333,-0.3333333333333333,-0.3333333333333333
S1-0525,Same-product,1,25,Male,7,4,2,6,4,2,3,4,6,5,5,5,6,7,6,7,2,2,2,6,5,7,4,4,6,2,3,3,5,4,4,3,4,4,4,3,3,3,3,3,2,3,3,3,3,2,4,5,4,3,5,5,4,4,5,4,5,4,5,6,4,2,3,3,4.0,3.75,3.8,3.0,2.75,3.0,4.2,4.4,5.0,2.6666666666666665,1.0,-0.3333333333333333
S1-0526,Unrelated,0,33,Female,6,4,5,6,5,3,4,5,5,3,3,3,2,2,2,2,2,1,1,2,3,3,5,5,5,6,5,5,5,6,5,5,5,5,5,2,3,3,2,3,3,4,3,4,2,1,2,4,2,3,2,2,2,3,4,3,4,3,3,4,3,3,5,4,5.25,5.25,5.0,2.5,3.25,2.6,2.2,3.4,3.3333333333333335,4.0,-0.3333333333333333,-0.3333333333333333
S1-0527,Unrelated,0,25,Female,5,5,5,6,5,3,4,5,4,6,1,2,2,2,2,1,2,2,2,2,2,2,5,4,5,4,2,4,5,4,4,5,5,5,5,2,2,3,1,3,3,3,3,4,3,2,3,5,3,4,4,4,4,4,4,3,2,3,4,4,3,5,4,4,4.5,3.75,4.8,2.0,3.0,3.0,3.8,3.2,3.6666666666666665,4.333333333333333,-0.3333333333333333,-0.3333333333333333
S1-0528,Similar-product,2,36,Nonbinary/Other,6,4,4,4,4,4,5,7,5,3,3,2,3,6,6,6,3,4,4,4,4,4,6,5,5,6,5,4,4,4,5,5,5,5,5,4,3,3,3,2,2,1,2,2,2,3,2,5,3,4,4,4,3,6,4,4,5,5,5,4,4,3,4,2,5.5,4.25,5.0,3.25,1.75,2.4,3.6,4.8,4.333333333333333,3.0,-0.3333333333333333,-0.3333333333333333
S1-0529,Similar-product,2,26,Female,4,3,5,4,4,2,7,4,6,7,2,1,1,5,6,4,3,3,3,4,3,3,6,5,6,5,4,4,4,5,4,4,5,4,3,4,4,4,4,3,3,3,3,3,3,2,3,5,3,3,4,3,5,4,4,4,4,4,5,6,5,4,5,6,5.5,4.25,4.0,4.0,3.0,2.8,3.6,4.0,5.333333333333333,5.0,-0.3333333333333333,-0.3333333333333333
S1-0530,Same-product,1,33,Male,4,4,3,3,5,5,4,4,5,4,5,5,5,6,7,5,2,3,2,5,5,5,4,4,5,4,5,6,4,4,4,3,4,4,5,3,3,3,3,3,3,2,3,3,3,3,3,5,3,4,4,4,3,4,4,4,4,4,6,5,6,1,2,3,4.25,4.75,4.0,3.0,2.75,3.0,3.6,4.0,5.666666666666667,2.0,1.0,-0.3333333333333333
S1-0531,Similar-product,2,29,Female,5,5,4,6,6,3,6,4,6,3,2,2,2,6,6,6,3,3,3,5,4,5,4,4,5,4,5,5,5,4,4,5,5,6,5,3,3,2,3,2,3,3,3,3,3,2,3,5,2,3,3,3,3,4,4,5,4,4,4,3,4,3,5,5,4.25,4.75,5.0,2.75,2.75,2.8,2.8,4.2,3.6666666666666665,4.333333333333333,-0.3333333333333333,-0.3333333333333333
S1-0532,Similar-product,2,30,Female,6,5,3,3,4,4,3,6,2,5,1,3,2,5,5,5,4,3,2,4,4,4,4,4,4,4,3,3,4,3,5,5,5,5,4,4,4,3,4,4,4,3,4,4,3,4,3,5,5,5,4,5,5,4,4,3,4,4,4,3,4,4,4,3,4.0,3.25,4.8,3.75,3.75,3.4,4.8,3.8,3.6666666666666665,3.6666666666666665,-0.3333333333333333,-0.3333333333333333
S1-0533,Similar-product,2,19,Male,7,6,3,4,3,6,6,4,4,5,2,1,2,5,6,5,4,5,4,5,5,5,4,5,5,5,3,4,4,4,5,4,5,5,5,5,3,3,3,3,3,3,3,2,4,3,3,5,4,5,5,4,4,4,5,4,5,4,4,4,4,3,4,4,4.75,3.75,4.8,3.5,3.0,3.0,4.4,4.4,4.0,3.6666666666666665,-0.3333333333333333,-0.3333333333333333
S1-0534,Similar-product,2,34,Female,2,6,3,3,3,2,7,3,4,4,2,3,2,6,5,6,2,3,3,4,4,6,5,5,3,4,3,3,4,3,4,4,4,5,5,3,2,4,3,2,2,3,2,2,2,2,2,7,4,4,4,5,4,5,4,4,4,4,6,5,5,5,4,4,4.25,3.25,4.4,3.0,2.25,1.8,4.2,4.2,5.333333333333333,4.333333333333333,-0.3333333333333333,-0.3333333333333333
S1-0535,Superior-alternative,3,46,Male,5,4,3,6,6,5,6,4,5,2,2,1,2,5,5,7,5,5,5,4,5,4,4,5,6,4,4,5,3,5,3,3,3,4,3,6,6,6,7,5,6,5,6,4,5,6,5,4,4,4,4,4,4,5,4,5,5,5,5,5,5,3,2,3,4.75,4.25,3.2,6.25,5.5,4.8,4.0,4.8,5.0,2.6666666666666665,-0.3333333333333333,1.0
S1-0536,Superior-alternative,3,34,Male,5,4,2,6,7,1,4,4,5,5,2,1,1,7,6,6,6,6,6,4,5,4,5,4,4,5,5,4,4,5,4,4,4,4,4,5,6,5,5,5,4,5,5,3,3,4,3,5,3,4,4,4,4,4,4,4,4,4,5,5,5,4,4,3,4.5,4.5,4.0,5.25,4.75,3.2,3.8,4.0,5.0,3.6666666666666665,-0.3333333333333333,1.0
S1-0537,Same-product,1,28,Male,5,5,4,4,5,1,4,6,6,4,4,5,5,5,6,6,2,2,3,5,6,5,3,4,4,3,4,3,4,4,5,5,5,4,4,2,4,3,2,3,2,3,2,2,3,4,2,5,4,5,5,4,5,6,6,6,7,6,5,3,5,2,2,1,3.5,3.75,4.6,2.75,2.5,2.8,4.6,6.2,4.333333333333333,1.6666666666666667,1.0,-0.3333333333333333
S1-0538,Unrelated,0,29,Male,4,4,3,4,5,2,7,4,4,6,1,2,1,3,2,2,1,2,1,2,2,3,5,5,5,5,5,5,6,5,4,4,4,5,4,2,2,3,2,2,4,3,4,2,4,3,5,4,4,3,3,3,3,4,4,4,4,4,3,2,3,4,5,6,5.0,5.25,4.2,2.25,3.25,3.6,3.2,4.0,2.6666666666666665,5.0,-0.3333333333333333,-0.3333333333333333
S1-0539,Similar-product,2,43,Male,5,5,4,5,7,5,6,6,4,4,3,2,2,6,6,6,3,3,4,4,3,4,3,4,3,2,3,4,4,3,5,5,4,5,4,3,4,4,4,3,2,3,3,3,2,2,3,6,4,4,5,4,5,4,5,3,5,5,5,4,4,4,3,3,3.0,3.5,4.6,3.75,2.75,2.4,4.4,4.4,4.333333333333333,3.3333333333333335,-0.3333333333333333,-0.3333333333333333
S1-0540,Superior-alternative,3,30,Female,5,6,3,4,4,2,6,3,7,6,2,1,2,5,6,6,5,6,6,3,4,4,5,4,5,4,4,3,4,4,4,4,3,2,4,6,6,5,6,4,4,5,5,4,5,4,6,4,3,4,4,4,3,5,4,5,4,4,4,5,5,2,2,2,4.5,3.75,3.4,5.75,4.5,4.6,3.6,4.4,4.666666666666667,2.0,-0.3333333333333333,1.0
S1-0541,Unrelated,0,35,Female,5,6,3,4,6,3,5,5,3,6,2,2,2,2,2,1,2,2,3,2,2,3,5,6,5,6,6,6,5,5,5,6,6,7,6,2,3,3,2,2,2,2,2,2,2,3,2,6,2,3,2,3,3,2,3,2,2,2,4,5,4,5,5,6,5.5,5.5,6.0,2.5,2.0,2.2,2.6,2.2,4.333333333333333,5.333333333333333,-0.3333333333333333,-0.3333333333333333
S1-0542,Superior-alternative,3,22,Female,5,5,3,6,4,4,5,5,6,3,3,3,2,6,5,5,6,6,6,4,4,3,4,4,4,4,5,4,3,5,3,3,3,3,4,5,5,5,5,6,5,6,6,5,3,5,5,3,4,4,3,4,4,4,4,5,4,4,6,6,6,4,4,4,4.0,4.25,3.2,5.0,5.75,4.6,3.8,4.2,6.0,4.0,-0.3333333333333333,1.0
S1-0543,Similar-product,2,30,Female,5,5,5,5,5,2,5,4,4,5,1,1,1,6,6,5,3,4,3,4,5,5,6,4,5,5,5,4,5,4,5,5,4,5,4,3,3,5,3,3,3,3,3,2,3,3,3,5,3,3,4,4,3,3,4,4,4,4,6,6,5,4,4,3,5.0,4.5,4.6,3.5,3.0,2.8,3.4,3.8,5.666666666666667,3.6666666666666665,-0.3333333333333333,-0.3333333333333333
S1-0544,Similar-product,2,21,Male,5,5,4,7,6,3,4,4,5,4,3,2,2,5,6,5,3,4,3,4,5,5,4,5,6,6,5,5,5,4,4,5,3,5,4,4,4,4,5,4,4,4,3,4,3,3,4,5,3,4,3,4,4,3,3,3,4,3,4,4,4,5,4,5,5.25,4.75,4.2,4.25,3.75,3.4,3.6,3.2,4.0,4.666666666666667,-0.3333333333333333,-0.3333333333333333
S1-0545,Superior-alternative,3,18,Male,5,5,5,5,4,2,6,7,5,4,3,2,2,5,5,5,5,5,6,4,5,4,4,5,4,5,3,4,3,4,2,2,1,3,2,6,5,6,5,5,6,6,6,4,5,5,6,2,4,4,4,3,4,4,4,4,4,4,4,5,6,2,3,3,4.5,3.5,2.0,5.5,5.75,5.2,3.8,4.0,5.0,2.6666666666666665,-0.3333333333333333,1.0
S1-0546,Superior-alternative,3,45,Male,6,5,4,5,5,3,4,5,4,6,2,2,2,7,6,6,5,6,7,4,4,4,5,5,4,5,4,5,5,6,2,2,4,2,3,5,6,5,5,5,4,6,6,5,5,6,6,2,3,3,3,4,5,4,3,4,3,4,5,5,6,4,3,4,4.75,5.0,2.6,5.25,5.25,5.6,3.6,3.6,5.333333333333333,3.6666666666666665,-0.3333333333333333,1.0
S1-0547,Superior-alternative,3,22,Nonbinary/Other,6,6,5,5,2,3,5,4,5,6,2,2,1,5,6,6,5,5,6,4,4,3,5,6,5,7,5,6,6,6,2,2,3,3,2,5,5,6,5,4,4,4,6,6,6,5,5,2,4,4,4,5,4,4,4,6,4,4,7,6,6,3,3,4,5.75,5.75,2.4,5.25,4.5,5.6,4.2,4.4,6.333333333333333,3.3333333333333335,-0.3333333333333333,1.0
S1-0548,Similar-product,2,38,Female,6,4,2,6,5,4,5,5,3,5,1,2,1,6,5,5,3,4,3,4,4,4,5,5,5,5,5,5,6,5,3,4,5,5,5,4,3,4,4,3,3,4,2,2,4,4,2,6,4,3,3,3,3,3,4,4,4,4,4,5,5,3,4,4,5.0,5.25,4.4,3.75,3.0,2.8,3.2,3.8,4.666666666666667,3.6666666666666665,-0.3333333333333333,-0.3333333333333333
S1-0549,Superior-alternative,3,40,Male,6,4,5,5,4,2,4,4,5,5,1,1,1,6,6,6,5,6,6,5,4,5,4,5,4,5,4,3,4,4,3,3,2,2,3,6,6,6,5,6,6,6,6,5,5,4,4,3,3,4,4,4,5,5,5,4,4,4,4,5,5,3,2,2,4.5,3.75,2.6,5.75,6.0,4.6,4.0,4.4,4.666666666666667,2.3333333333333335,-0.3333333333333333,1.0
S1-0550,Unrelated,0,19,Male,6,6,4,5,3,4,6,3,4,6,2,2,2,3,2,2,3,3,2,3,3,1,5,5,5,6,6,6,4,6,5,5,5,5,4,4,3,3,3,2,2,3,3,4,4,3,1,4,2,3,2,2,3,4,3,4,3,4,4,4,5,5,5,6,5.25,5.5,4.8,3.25,2.5,3.2,2.4,3.6,4.333333333333333,5.333333333333333,-0.3333333333333333,-0.3333333333333333
S1-0551,Similar-product,2,21,Male,5,3,2,6,3,2,5,4,4,5,2,2,2,6,5,5,4,4,4,4,4,5,5,3,5,4,4,5,5,4,4,4,4,4,5,4,5,5,5,4,4,4,4,4,4,3,4,5,4,3,3,2,3,5,5,5,4,5,5,4,5,4,4,5,4.25,4.5,4.2,4.75,4.0,3.6,3.0,4.8,4.666666666666667,4.333333333333333,-0.3333333333333333,-0.3333333333333333
S1-0552,Similar-product,2,18,Male,4,6,2,5,6,5,4,3,3,5,1,2,1,5,5,5,4,3,3,5,4,4,3,4,4,5,4,5,5,5,5,3,4,4,5,4,5,5,4,4,4,4,4,2,2,2,3,5,3,3,4,3,5,2,4,3,3,4,5,5,4,4,2,4,4.0,4.75,4.2,4.5,4.0,2.4,3.6,3.2,4.666666666666667,3.3333333333333335,-0.3333333333333333,-0.3333333333333333
S1-0553,Unrelated,0,34,Male,5,5,4,6,4,4,5,5,5,4,1,1,1,3,4,3,3,3,2,2,3,2,5,5,6,5,5,6,5,6,5,5,6,5,5,3,3,1,3,1,2,2,2,4,3,3,3,6,2,2,2,2,2,2,2,2,2,1,4,4,4,3,4,5,5.25,5.5,5.2,2.5,1.75,3.0,2.0,1.8,4.0,4.0,-0.3333333333333333,-0.3333333333333333
S1-0554,Unrelated,0,33,Female,5,5,3,7,4,2,4,5,4,4,3,2,2,3,2,1,2,3,1,2,2,2,5,5,5,6,5,5,6,6,6,5,6,6,7,2,3,2,3,2,1,2,2,3,2,3,2,6,1,1,2,2,2,2,2,2,1,2,3,2,2,4,5,6,5.25,5.5,6.0,2.5,1.75,2.4,1.6,1.8,2.3333333333333335,5.0,-0.3333333333333333,-0.3333333333333333
S1-0555,Unrelated,0,28,Male,5,7,4,5,4,2,5,3,7,6,2,2,1,2,2,2,2,2,2,3,3,3,4,5,4,5,5,4,5,5,6,6,5,6,6,3,2,3,2,2,3,3,2,2,2,1,2,6,3,2,2,4,4,3,4,3,5,4,4,3,3,5,6,6,4.5,4.75,5.8,2.5,2.5,1.8,3.0,3.8,3.3333333333333335,5.666666666666667,-0.3333333333333333,-0.3333333333333333
S1-0556,Same-product,1,39,Female,4,5,4,4,4,3,7,6,4,5,5,5,5,7,6,7,2,2,2,5,6,5,4,4,4,3,3,4,3,4,6,6,5,6,5,1,2,2,2,2,3,2,3,4,2,3,3,6,5,4,4,4,4,4,4,5,5,4,5,5,4,3,2,2,3.75,3.5,5.6,1.75,2.5,2.8,4.2,4.4,4.666666666666667,2.3333333333333335,1.0,-0.3333333333333333
S1-0557,Similar-product,2,38,Male,5,6,2,4,4,3,6,4,5,6,2,2,2,5,6,6,3,3,3,4,4,4,4,4,6,6,4,6,5,5,4,4,3,3,4,3,4,4,4,4,3,4,4,2,3,3,3,6,2,2,3,2,2,3,3,4,4,3,5,5,5,3,4,3,5.0,5.0,3.6,3.75,3.75,2.6,2.2,3.4,5.0,3.3333333333333335,-0.3333333333333333,-0.3333333333333333
S1-0558,Same-product,1,42,Female,7,5,4,4,5,1,6,6,5,4,6,6,6,6,6,6,2,2,2,5,6,5,3,4,4,4,4,4,3,4,6,5,5,4,5,3,3,3,3,3,2,3,3,2,4,2,2,6,3,3,5,4,4,5,5,6,6,5,5,5,5,3,3,4,3.75,3.75,5.0,3.0,2.75,2.4,3.8,5.4,5.0,3.3333333333333335,1.0,-0.3333333333333333
S1-0559,Superior-alternative,3,38,Male,5,5,4,4,5,4,6,5,3,5,2,1,2,6,5,5,5,6,6,4,4,4,4,4,3,3,3,4,3,3,3,4,2,2,3,5,6,6,6,6,6,6,5,4,4,5,5,4,4,4,3,4,3,5,5,4,3,5,6,6,5,4,4,5,3.5,3.25,2.8,5.75,5.75,4.4,3.6,4.4,5.666666666666667,4.333333333333333,-0.3333333333333333,1.0
S1-0560,Superior-alternative,3,25,Male,6,5,3,5,4,2,5,3,6,6,2,1,2,6,5,5,7,7,6,4,4,4,4,3,4,4,3,4,4,3,4,3,3,3,3,5,5,4,5,3,4,3,4,4,4,4,3,5,5,4,4,5,5,3,4,4,4,3,7,6,6,5,6,5,3.75,3.5,3.2,4.75,3.5,3.6,4.6,3.6,6.333333333333333,5.333333333333333,-0.3333333333333333,1.0
S1-0561,Superior-alternative,3,30,Female,6,5,4,4,5,3,5,4,3,6,1,1,2,5,6,6,6,6,6,4,4,4,5,5,5,5,4,4,4,4,4,3,5,4,3,5,6,5,5,5,5,5,5,5,5,5,6,3,3,4,2,4,3,3,5,4,4,4,6,6,4,4,3,4,5.0,4.0,3.8,5.25,5.0,5.2,3.2,4.0,5.333333333333333,3.6666666666666665,-0.3333333333333333,1.0
S1-0562,Same-product,1,36,Male,3,4,3,4,6,2,5,3,4,2,6,6,7,6,7,6,2,2,2,5,5,5,5,5,4,4,5,2,3,4,4,5,5,6,5,2,2,2,3,1,2,2,2,3,2,2,1,7,6,6,6,6,6,6,5,6,7,6,5,5,4,3,3,3,4.5,3.5,5.0,2.25,1.75,1.8,6.0,6.0,4.666666666666667,3.0,1.0,-0.3333333333333333
S1-0563,Similar-product,2,41,Male,5,6,4,4,7,2,5,2,4,5,2,1,2,6,6,6,3,3,3,3,4,3,4,5,4,6,4,5,4,4,3,3,4,3,2,4,4,4,3,4,3,4,4,4,3,3,4,6,5,5,5,5,5,3,3,4,3,4,4,5,4,4,3,3,4.75,4.25,3.0,3.75,3.75,3.2,5.0,3.4,4.333333333333333,3.3333333333333335,-0.3333333333333333,-0.3333333333333333
S1-0564,Similar-product,2,18,Male,4,5,2,6,5,4,4,4,4,4,1,2,1,6,7,5,3,3,3,4,5,5,4,4,5,3,4,4,4,3,5,4,5,5,5,4,4,3,4,3,3,3,3,3,4,2,3,4,4,4,5,4,5,4,5,4,5,4,5,5,5,4,4,4,4.0,3.75,4.8,3.75,3.0,3.2,4.4,4.4,5.0,4.0,-0.3333333333333333,-0.3333333333333333
S1-0565,Same-product,1,28,Female,6,5,3,6,6,3,5,3,4,7,5,4,5,6,6,6,2,2,2,6,6,5,4,4,4,3,2,5,3,4,6,5,4,5,4,4,3,4,3,3,3,3,4,3,2,3,2,7,5,5,4,4,5,7,5,5,5,6,5,5,5,3,3,2,3.75,3.5,4.8,3.5,3.25,2.2,4.6,5.6,5.0,2.6666666666666665,1.0,-0.3333333333333333
S1-0566,Similar-product,2,32,Male,5,4,4,5,6,3,4,5,4,5,2,2,2,6,6,6,4,4,4,4,4,4,4,5,5,7,6,5,6,5,5,6,6,4,5,4,3,4,5,4,2,3,4,3,3,2,3,5,3,2,2,2,2,5,5,5,3,4,5,4,5,3,3,3,5.25,5.5,5.2,4.0,3.25,2.8,2.2,4.4,4.666666666666667,3.0,-0.3333333333333333,-0.3333333333333333
S1-0567,Similar-product,2,24,Female,4,5,2,6,2,2,6,6,6,6,2,1,1,6,6,6,4,5,4,5,3,4,5,4,5,5,5,5,6,5,4,4,5,5,5,3,3,3,2,3,4,3,2,4,3,4,3,5,3,3,4,4,3,4,3,4,4,5,5,5,5,3,3,3,4.75,5.25,4.6,2.75,3.0,3.4,3.4,4.0,5.0,3.0,-0.3333333333333333,-0.3333333333333333
S1-0568,Unrelated,0,47,Male,6,4,5,6,3,3,6,4,5,6,2,1,2,2,2,1,1,2,1,2,3,3,4,5,4,4,4,4,5,5,5,6,7,6,6,2,2,3,1,1,2,2,2,2,1,2,2,6,3,3,3,2,3,3,2,3,1,2,4,4,4,4,4,4,4.25,4.5,6.0,2.0,1.75,1.8,2.8,2.2,4.0,4.0,-0.3333333333333333,-0.3333333333333333
S1-0569,Same-product,1,27,Female,6,6,4,2,6,1,6,4,4,6,5,5,5,7,6,6,2,2,2,6,6,7,3,4,4,4,4,3,4,4,4,5,4,4,5,3,3,3,4,4,3,3,4,3,3,3,3,4,5,5,5,5,7,6,5,5,5,5,6,5,6,2,2,2,3.75,3.75,4.4,3.25,3.5,3.2,5.4,5.2,5.666666666666667,2.0,1.0,-0.3333333333333333
S1-0570,Superior-alternative,3,35,Male,7,4,4,6,5,3,3,4,3,4,2,2,1,6,6,6,5,5,5,4,5,4,4,4,5,4,3,4,4,3,4,3,4,4,4,4,5,5,6,5,4,4,4,5,4,4,4,3,3,4,3,3,4,4,4,4,3,3,6,5,6,3,4,4,4.25,3.5,3.8,5.0,4.25,4.4,3.4,3.6,5.666666666666667,3.6666666666666665,-0.3333333333333333,1.0
S1-0571,Similar-product,2,36,Female,6,6,3,6,4,3,5,3,5,5,2,2,2,5,6,6,3,2,3,4,5,4,4,4,4,3,4,5,4,5,5,4,4,4,5,3,4,4,4,4,4,4,4,3,4,3,3,4,3,2,1,3,3,4,4,3,4,4,4,5,4,5,4,3,3.75,4.5,4.4,3.75,4.0,3.4,2.4,3.8,4.333333333333333,4.0,-0.3333333333333333,-0.3333333333333333
S1-0572,Same-product,1,18,Female,5,6,2,6,3,4,4,6,5,2,5,5,5,7,7,6,3,3,3,6,6,6,4,5,3,3,3,4,2,4,5,5,5,5,5,3,3,3,3,2,2,3,2,1,2,2,3,6,5,4,4,5,6,6,6,6,7,5,5,4,5,4,4,2,3.75,3.25,5.0,3.0,2.25,2.0,4.8,6.0,4.666666666666667,3.3333333333333335,1.0,-0.3333333333333333
S1-0573,Superior-alternative,3,22,Female,6,5,2,5,5,3,4,4,5,4,3,2,1,6,7,6,5,7,6,5,4,5,4,6,5,6,5,6,5,5,2,2,2,3,3,4,6,5,6,5,5,4,5,3,3,3,4,4,5,4,5,5,4,3,5,5,6,5,5,5,5,3,3,3,5.25,5.25,2.4,5.25,4.75,3.4,4.6,4.8,5.0,3.0,-0.3333333333333333,1.0
S1-0574,Similar-product,2,31,Male,6,6,2,6,4,4,5,4,4,5,1,3,2,5,5,5,4,4,4,5,5,5,4,5,4,5,5,4,4,4,5,5,6,6,6,3,3,3,3,3,3,3,2,3,3,3,3,4,4,4,3,4,4,5,4,4,4,5,4,5,6,4,4,5,4.5,4.25,5.6,3.0,2.75,3.2,3.8,4.4,5.0,4.333333333333333,-0.3333333333333333,-0.3333333333333333
S1-0575,Same-product,1,21,Female,7,6,2,7,4,2,5,4,3,5,6,6,6,5,6,7,3,3,2,6,6,7,4,2,3,3,3,3,4,3,5,5,5,5,6,3,3,3,2,3,3,3,3,1,2,3,2,6,6,5,6,5,6,5,4,6,5,5,5,5,4,2,3,3,3.0,3.25,5.2,2.75,3.0,2.0,5.6,5.0,4.666666666666667,2.6666666666666665,1.0,-0.3333333333333333
S1-0576,Similar-product,2,40,Male,4,6,4,5,5,2,6,4,3,3,2,1,3,6,5,6,3,4,4,5,5,4,5,7,6,5,5,5,5,5,5,3,4,4,3,4,6,5,5,4,4,4,4,3,4,4,4,4,4,3,4,4,3,6,4,5,5,5,4,4,6,3,4,4,5.75,5.0,3.8,5.0,4.0,3.8,3.6,5.0,4.666666666666667,3.6666666666666665,-0.3333333333333333,-0.3333333333333333
S1-0577,Superior-alternative,3,41,Male,6,5,5,3,4,1,5,4,3,5,2,2,3,6,6,5,5,5,6,4,4,4,6,5,6,6,5,5,5,5,2,2,2,2,2,4,5,5,5,4,4,4,5,4,2,3,4,5,3,3,4,3,3,6,5,5,5,5,5,5,3,3,2,3,5.75,5.0,2.0,4.75,4.25,3.2,3.2,5.2,4.333333333333333,2.6666666666666665,-0.3333333333333333,1.0
S1-0578,Same-product,1,38,Male,5,5,4,5,5,2,6,5,4,3,5,5,6,6,6,6,3,3,2,5,6,7,4,3,4,4,4,4,3,4,6,5,5,6,6,2,3,2,3,2,2,2,2,3,2,2,4,6,5,3,4,5,3,6,5,5,6,5,5,4,5,2,3,3,3.75,3.75,5.6,2.5,2.0,2.6,4.0,5.4,4.666666666666667,2.6666666666666665,1.0,-0.3333333333333333
S1-0579,Superior-alternative,3,34,Female,5,6,2,5,4,3,3,3,5,5,2,2,1,6,6,7,5,6,6,4,4,4,5,5,4,5,5,4,3,5,2,4,3,3,3,5,5,4,4,4,4,5,4,4,4,5,5,3,2,3,3,3,3,3,5,4,5,3,5,5,5,3,4,3,4.75,4.25,3.0,4.5,4.25,4.6,2.8,4.0,5.0,3.3333333333333335,-0.3333333333333333,1.0
S1-0580,Superior-alternative,3,20,Male,4,5,5,3,6,3,6,7,3,5,2,3,2,4,4,5,6,6,6,5,5,5,5,4,5,6,4,4,5,3,3,4,4,4,4,5,4,4,5,4,5,5,4,4,5,4,5,3,3,3,4,4,3,5,5,5,5,5,5,4,4,3,4,4,5.0,4.0,3.8,4.5,4.5,4.6,3.4,5.0,4.333333333333333,3.6666666666666665,-0.3333333333333333,1.0
S1-0581,Superior-alternative,3,39,Female,4,6,3,4,4,3,7,3,5,4,1,1,1,7,7,7,5,6,6,4,5,5,5,4,5,5,5,5,4,5,4,2,2,4,4,6,6,5,5,5,5,6,5,5,4,5,5,3,4,3,3,3,4,3,3,4,3,4,4,4,4,4,4,3,4.75,4.75,3.2,5.5,5.25,4.8,3.4,3.4,4.0,3.6666666666666665,-0.3333333333333333,1.0
S1-0582,Unrelated,0,30,Female,5,5,3,4,5,4,5,2,4,5,2,2,2,2,2,2,3,2,1,3,3,4,6,6,6,5,4,5,5,5,6,6,6,5,6,1,2,3,1,2,1,1,1,2,2,2,2,6,3,3,2,4,2,3,2,2,3,3,3,4,3,6,6,6,5.75,4.75,5.8,1.75,1.25,2.0,2.8,2.6,3.3333333333333335,6.0,-0.3333333333333333,-0.3333333333333333
S1-0583,Similar-product,2,36,Female,4,5,6,4,5,4,5,5,3,5,2,1,2,6,6,7,3,3,3,4,5,4,4,4,4,4,4,4,4,4,5,6,5,5,4,3,2,3,2,2,1,2,2,2,3,2,2,6,3,4,3,4,4,5,4,4,4,4,5,6,6,3,3,2,4.0,4.0,5.0,2.5,1.75,2.2,3.6,4.2,5.666666666666667,2.6666666666666665,-0.3333333333333333,-0.3333333333333333
S1-0584,Same-product,1,36,Female,6,6,6,3,5,3,4,5,6,6,5,5,6,6,6,6,3,3,2,5,5,6,3,4,3,3,4,3,3,5,5,5,4,5,3,3,3,3,3,4,4,4,3,3,3,3,4,4,4,4,5,4,4,5,5,5,4,6,5,5,6,4,2,2,3.25,3.75,4.4,3.0,3.75,3.4,4.2,5.0,5.333333333333333,2.6666666666666665,1.0,-0.3333333333333333
S1-0585,Similar-product,2,28,Male,5,5,5,7,2,2,5,5,5,3,1,1,2,5,5,5,4,4,5,5,5,4,4,3,4,4,4,3,4,3,5,5,3,5,5,4,5,4,4,4,5,5,3,3,2,3,4,5,3,4,4,3,4,2,4,3,3,3,4,3,5,4,4,5,3.75,3.5,4.6,4.25,4.25,3.0,3.6,3.0,4.0,4.333333333333333,-0.3333333333333333,-0.3333333333333333
S1-0586,Similar-product,2,32,Male,5,5,2,3,5,2,4,5,5,5,2,2,2,6,6,7,4,3,3,4,4,4,5,5,3,4,3,4,3,5,4,4,5,4,4,5,4,5,4,4,3,4,4,3,3,3,4,5,5,5,4,4,5,4,3,2,4,3,5,4,4,4,4,4,4.25,3.75,4.2,4.5,3.75,3.2,4.6,3.2,4.333333333333333,4.0,-0.3333333333333333,-0.3333333333333333
S1-0587,Similar-product,2,22,Male,6,5,4,3,3,5,4,6,5,4,1,2,1,6,6,6,3,4,3,3,4,3,4,4,5,5,6,5,5,4,6,4,4,5,5,2,2,2,3,3,3,2,2,3,3,2,3,5,3,4,3,3,3,4,4,3,3,3,4,4,4,4,4,3,4.5,5.0,4.8,2.25,2.5,2.8,3.2,3.4,4.0,3.6666666666666665,-0.3333333333333333,-0.3333333333333333
S1-0588,Same-product,1,21,Female,5,6,3,4,4,2,5,4,5,4,6,5,5,6,6,7,3,2,3,6,6,6,4,4,4,4,4,4,5,4,5,4,3,4,4,3,1,2,3,2,2,1,2,3,4,2,2,5,5,5,5,5,5,6,7,7,6,6,5,6,7,4,3,4,4.0,4.25,4.0,2.25,1.75,2.8,5.0,6.4,6.0,3.6666666666666665,1.0,-0.3333333333333333
S1-0589,Similar-product,2,24,Male,5,5,5,4,5,1,2,6,5,6,2,1,2,6,6,6,4,3,4,5,4,3,5,5,5,6,4,4,5,5,2,2,4,3,4,5,4,4,4,6,5,4,4,4,3,4,3,4,4,3,3,3,2,4,4,4,3,2,5,5,5,4,4,4,5.25,4.5,3.0,4.25,4.75,3.6,3.0,3.4,5.0,4.0,-0.3333333333333333,-0.3333333333333333
S1-0590,Similar-product,2,32,Female,5,5,5,3,5,5,5,5,6,4,1,2,2,6,6,5,4,4,4,5,4,4,5,3,4,3,4,3,4,5,3,3,2,3,3,4,4,4,4,3,4,3,3,3,3,3,3,6,3,4,4,3,5,5,5,4,4,3,4,5,5,4,4,3,3.75,4.0,2.8,4.0,3.25,2.8,3.8,4.2,4.666666666666667,3.6666666666666665,-0.3333333333333333,-0.3333333333333333
S1-0591,Similar-product,2,32,Male,5,7,2,6,3,3,3,4,6,6,2,1,2,6,6,7,4,4,4,5,4,5,4,3,3,4,4,4,3,5,5,4,4,4,4,3,3,4,3,2,3,2,4,2,2,3,3,5,2,3,2,1,3,4,3,4,3,4,4,4,5,3,3,3,3.5,4.0,4.2,3.25,2.75,2.6,2.2,3.6,4.333333333333333,3.0,-0.3333333333333333,-0.3333333333333333
S1-0592,Same-product,1,28,Female,6,5,4,6,5,3,7,6,5,4,4,5,6,6,5,6,2,3,3,6,6,6,4,4,5,4,4,4,4,5,5,6,6,6,4,4,3,3,1,3,3,3,3,2,2,2,1,6,4,4,4,4,4,5,6,5,5,4,5,3,6,2,2,3,4.25,4.25,5.4,2.75,3.0,1.8,4.0,5.0,4.666666666666667,2.3333333333333335,1.0,-0.3333333333333333
S1-0593,Superior-alternative,3,32,Female,5,5,3,5,4,5,5,5,3,4,2,2,2,7,5,6,6,6,7,4,5,5,6,5,5,5,3,4,5,4,2,3,4,4,3,5,6,5,6,5,5,5,6,4,4,4,4,4,4,3,4,3,3,2,2,3,3,3,5,5,5,3,3,2,5.25,4.0,3.2,5.5,5.25,4.0,3.4,2.6,5.0,2.6666666666666665,-0.3333333333333333,1.0
S1-0594,Same-product,1,26,Male,5,5,4,5,5,3,7,6,4,6,5,5,5,7,7,7,2,2,1,6,6,6,4,4,4,5,4,6,5,4,6,5,5,5,6,3,2,3,3,3,3,2,2,2,3,2,3,6,5,4,5,5,3,6,6,6,5,6,5,5,5,3,2,3,4.25,4.75,5.4,2.75,2.5,2.4,4.4,5.8,5.0,2.6666666666666665,1.0,-0.3333333333333333
S1-0595,Unrelated,0,27,Male,5,6,3,3,4,5,3,5,2,5,1,2,1,3,1,1,2,2,2,2,2,3,6,5,5,4,6,5,6,5,4,5,3,6,5,3,3,3,3,3,3,4,4,1,1,2,2,6,3,2,2,3,3,4,2,2,1,2,4,3,4,5,5,6,5.0,5.5,4.6,3.0,3.5,1.6,2.6,2.2,3.6666666666666665,5.333333333333333,-0.3333333333333333,-0.3333333333333333
S1-0596,Same-product,1,30,Male,5,4,2,3,3,5,7,3,6,3,6,6,7,6,6,6,1,1,1,5,6,6,5,5,4,4,4,3,5,4,4,4,4,5,4,3,3,2,3,4,3,4,4,3,3,3,4,5,4,4,4,4,4,6,6,5,5,5,5,4,5,2,2,3,4.5,4.0,4.2,2.75,3.75,3.2,4.0,5.4,4.666666666666667,2.3333333333333335,1.0,-0.3333333333333333
S1-0597,Similar-product,2,32,Male,6,4,2,4,4,4,5,4,6,3,2,2,3,5,4,5,3,3,3,4,4,4,5,6,5,6,5,6,5,5,3,4,3,4,2,5,5,5,5,3,4,4,4,4,5,4,4,4,3,3,3,3,3,5,5,5,3,4,5,4,4,3,3,3,5.5,5.25,3.2,5.0,3.75,4.2,3.0,4.4,4.333333333333333,3.0,-0.3333333333333333,-0.3333333333333333
S1-0598,Superior-alternative,3,31,Male,6,4,3,5,5,2,4,3,6,6,2,2,2,6,5,6,6,6,6,5,5,4,4,3,4,4,4,3,4,4,4,2,3,3,3,5,5,4,5,4,4,5,4,4,3,4,4,4,5,4,4,4,4,3,3,4,4,5,6,5,5,3,4,3,3.75,3.75,3.0,4.75,4.25,3.8,4.2,3.8,5.333333333333333,3.3333333333333335,-0.3333333333333333,1.0
S1-0599,Unrelated,0,25,Nonbinary/Other,6,7,4,4,4,1,3,2,4,3,2,3,2,3,3,2,2,1,2,2,3,3,5,5,5,5,6,4,6,5,6,5,6,6,6,2,3,3,3,2,1,2,2,2,2,3,3,5,2,3,3,3,2,3,3,3,3,3,3,4,3,3,4,5,5.0,5.25,5.8,2.75,1.75,2.6,2.6,3.0,3.3333333333333335,4.0,-0.3333333333333333,-0.3333333333333333
S1-0600,Unrelated,0,32,Female,4,5,4,3,4,2,6,4,4,4,1,1,2,2,1,2,1,2,2,2,3,2,5,4,6,5,5,4,5,5,5,5,5,6,6,2,3,2,2,2,1,3,1,2,2,2,1,5,3,3,3,4,3,3,3,3,3,3,4,3,4,4,4,5,5.0,4.75,5.4,2.25,1.75,2.0,3.2,3.0,3.6666666666666665,4.333333333333333,-0.3333333333333333,-0.3333333333333333
S1-0601,Similar-product,2,37,Male,4,4,2,4,4,3,4,3,5,5,2,1,2,5,5,5,3,4,4,5,5,4,5,4,5,5,4,5,3,4,5,5,4,5,4,5,3,4,4,3,3,3,4,2,2,3,2,6,4,4,3,3,4,4,3,4,4,4,4,3,3,4,4,4,4.75,4.0,4.6,4.0,3.25,2.2,3.6,3.8,3.3333333333333335,4.0,-0.3333333333333333,-0.3333333333333333
S1-0602,Similar-product,2,32,Male,7,7,3,6,4,2,5,6,5,6,3,2,2,7,6,7,3,3,3,4,5,4,3,3,4,4,4,4,5,3,4,5,5,5,6,2,3,3,3,3,3,2,3,2,4,3,4,6,3,4,5,4,5,5,4,3,4,4,5,5,5,4,4,3,3.5,4.0,5.0,2.75,2.75,3.0,4.2,4.0,5.0,3.6666666666666665,-0.3333333333333333,-0.3333333333333333
S1-0603,Unrelated,0,23,Female,7,5,3,4,6,5,5,5,3,6,1,2,1,2,2,2,2,2,2,1,2,1,5,4,6,4,6,4,3,4,5,5,4,5,5,2,2,2,1,1,2,1,2,1,2,1,1,7,3,4,3,5,2,3,2,3,3,2,3,3,3,6,4,5,4.75,4.25,4.8,1.75,1.5,1.2,3.4,2.6,3.0,5.0,-0.3333333333333333,-0.3333333333333333
S1-0604,Superior-alternative,3,29,Female,6,5,3,5,3,2,4,5,6,4,2,2,2,6,5,6,6,6,6,5,4,5,5,5,6,5,5,4,4,4,2,2,3,3,2,5,5,5,6,4,4,5,4,5,5,4,5,3,4,4,4,4,4,4,3,4,5,4,5,5,4,3,3,3,5.25,4.25,2.4,5.25,4.25,4.8,4.0,4.0,4.666666666666667,3.0,-0.3333333333333333,1.0
S1-0605,Same-product,1,28,Female,5,5,4,5,5,4,5,5,5,5,5,5,6,6,6,6,2,2,2,6,6,6,3,3,3,3,2,3,4,4,4,3,4,4,5,3,3,3,3,4,4,2,4,3,2,3,3,4,4,5,4,4,5,6,5,5,5,5,3,3,4,2,2,3,3.0,3.25,4.0,3.0,3.5,3.0,4.4,5.2,3.3333333333333335,2.3333333333333335,1.0,-0.3333333333333333
S1-0606,Unrelated,0,30,Female,5,6,3,6,4,3,6,6,6,5,2,1,1,2,2,2,2,2,3,3,2,2,4,5,4,5,5,5,5,6,5,6,5,5,5,1,2,1,1,2,2,2,2,3,3,2,3,6,1,1,1,1,1,1,2,2,1,2,3,2,2,4,5,5,4.5,5.25,5.2,1.25,2.0,2.6,1.0,1.6,2.3333333333333335,4.666666666666667,-0.3333333333333333,-0.3333333333333333
S1-0607,Same-product,1,32,Nonbinary/Other,4,6,3,4,5,4,3,3,4,4,5,5,6,6,6,6,1,1,1,5,6,6,5,4,4,3,3,5,3,3,6,4,6,5,6,3,4,2,3,3,4,3,3,2,5,2,3,6,5,5,5,6,5,5,6,5,6,6,5,5,5,3,3,4,4.0,3.5,5.4,3.0,3.25,2.8,5.2,5.6,5.0,3.3333333333333335,1.0,-0.3333333333333333
S1-0608,Similar-product,2,31,Male,4,4,4,4,3,5,6,6,3,3,2,1,2,6,6,6,3,3,2,4,4,5,5,5,5,4,5,4,5,5,3,4,3,4,2,2,3,3,3,4,2,3,3,3,2,3,3,5,3,3,3,4,3,3,4,3,3,3,5,5,4,3,4,3,4.75,4.75,3.2,2.75,3.0,2.8,3.2,3.2,4.666666666666667,3.3333333333333335,-0.3333333333333333,-0.3333333333333333
S1-0609,Superior-alternative,3,37,Female,7,7,3,6,4,1,6,5,4,3,2,2,2,6,6,5,6,5,6,5,5,6,5,6,6,6,5,4,5,5,2,3,2,1,2,5,6,6,6,6,5,5,5,5,5,5,5,3,2,3,4,3,3,4,3,4,4,5,5,5,5,3,3,4,5.75,4.75,2.0,5.75,5.25,5.0,3.0,4.0,5.0,3.3333333333333335,-0.3333333333333333,1.0
S1-0610,Unrelated,0,39,Female,5,5,4,6,2,4,3,5,5,4,1,1,1,3,3,2,2,2,2,2,2,2,5,6,6,7,6,6,6,6,4,6,5,4,6,3,3,2,3,2,3,2,3,1,2,3,2,5,2,1,2,2,3,4,4,3,4,5,2,4,4,4,4,4,6.0,6.0,5.0,2.75,2.5,2.2,2.0,4.0,3.3333333333333335,4.0,-0.3333333333333333,-0.3333333333333333
S1-0611,Unrelated,0,26,Female,6,5,4,6,5,2,5,3,5,6,1,2,2,3,2,3,2,1,1,2,3,2,5,4,5,5,4,6,5,6,5,6,6,6,7,3,2,2,1,1,2,2,3,1,3,1,3,6,3,3,3,3,3,4,3,3,4,3,3,3,4,5,5,3,4.75,5.25,6.0,2.0,2.0,2.0,3.0,3.4,3.3333333333333335,4.333333333333333,-0.3333333333333333,-0.3333333333333333
S1-0612,Same-product,1,31,Male,5,6,2,5,5,3,6,5,4,5,4,5,4,7,6,7,3,2,2,6,6,6,4,4,3,3,4,4,4,3,4,5,5,5,4,2,4,4,4,3,3,4,4,3,2,4,4,5,4,4,4,5,5,5,5,4,5,5,5,6,6,3,3,3,3.5,3.75,4.6,3.5,3.5,3.2,4.4,4.8,5.666666666666667,3.0,1.0,-0.3333333333333333
S1-0613,Unrelated,0,29,Female,5,6,4,7,6,2,6,7,2,4,1,1,1,3,3,3,1,2,2,2,3,2,5,4,6,5,5,4,5,4,6,5,6,6,6,3,2,2,2,1,2,3,1,3,3,3,2,6,4,4,3,4,4,3,3,3,3,3,4,4,3,5,5,4,5.0,4.5,5.8,2.25,1.75,2.6,3.8,3.0,3.6666666666666665,4.666666666666667,-0.3333333333333333,-0.3333333333333333
S1-0614,Unrelated,0,24,Female,5,6,4,4,6,2,6,4,4,5,2,1,2,2,3,2,2,1,2,3,3,3,6,5,5,6,4,4,4,5,5,5,6,5,5,2,3,3,1,2,2,1,3,1,2,1,1,7,2,4,3,3,3,2,1,2,2,2,3,3,3,5,3,4,5.5,4.25,5.2,2.25,2.0,1.2,3.0,1.8,3.0,4.0,-0.3333333333333333,-0.3333333333333333
S1-0615,Unrelated,0,24,Male,4,5,2,5,5,4,7,4,6,3,3,3,2,3,1,2,3,3,2,2,2,2,6,6,5,6,5,6,6,6,5,6,6,5,6,3,1,3,1,1,2,1,2,1,1,1,2,7,2,1,1,1,1,2,2,3,3,2,3,3,4,4,5,4,5.75,5.75,5.6,2.0,1.5,1.2,1.2,2.4,3.3333333333333335,4.333333333333333,-0.3333333333333333,-0.3333333333333333
S1-0616,Similar-product,2,29,Female,5,4,1,6,5,6,5,4,3,3,1,2,2,6,6,7,3,3,3,3,4,4,4,4,4,4,5,5,4,5,2,3,3,3,2,4,5,5,4,3,3,3,4,4,4,3,4,5,4,2,3,2,3,3,3,3,2,3,4,5,5,2,3,3,4.0,4.75,2.6,4.5,3.25,3.6,2.8,2.8,4.666666666666667,2.6666666666666665,-0.3333333333333333,-0.3333333333333333
S1-0617,Unrelated,0,26,Male,6,4,3,7,4,2,4,6,4,5,2,2,2,2,3,2,1,2,2,3,2,2,4,4,5,4,5,5,4,4,5,6,6,6,5,2,1,3,2,1,1,1,2,2,2,1,2,7,4,3,3,3,2,2,2,2,2,3,4,4,5,6,5,4,4.25,4.5,5.6,2.0,1.25,1.6,3.0,2.2,4.333333333333333,5.0,-0.3333333333333333,-0.3333333333333333
S1-0618,Similar-product,2,18,Male,4,7,4,6,5,4,6,3,5,6,2,2,2,5,6,6,3,2,3,5,5,4,3,5,3,5,3,4,4,4,4,5,4,5,4,4,3,3,3,5,5,4,3,5,4,4,4,3,4,4,5,5,4,3,3,4,4,4,4,4,3,4,5,5,4.0,3.75,4.4,3.25,4.25,4.4,4.4,3.6,3.6666666666666665,4.666666666666667,-0.3333333333333333,-0.3333333333333333
S1-0619,Unrelated,0,18,Male,5,5,6,6,4,3,5,5,4,6,1,1,1,2,2,2,2,2,2,2,2,3,5,3,5,5,4,4,5,4,6,7,7,6,7,3,2,2,2,2,4,2,2,2,2,3,2,6,3,3,2,3,2,2,2,1,2,1,5,5,5,4,4,5,4.5,4.25,6.6,2.25,2.5,2.2,2.6,1.6,5.0,4.333333333333333,-0.3333333333333333,-0.3333333333333333
S1-0620,Similar-product,2,27,Male,6,6,2,3,5,1,7,4,4,4,3,2,3,5,5,5,3,3,3,3,3,3,5,4,5,5,3,4,4,4,4,5,5,5,4,2,2,2,3,3,3,3,3,2,2,3,1,7,4,4,3,3,3,4,4,3,4,5,3,4,5,4,4,6,4.75,3.75,4.6,2.25,3.0,1.8,3.4,4.0,4.0,4.666666666666667,-0.3333333333333333,-0.3333333333333333
S1-0621,Unrelated,0,18,Female,5,6,3,4,5,2,6,4,5,5,2,2,1,2,2,2,2,1,2,3,3,3,6,6,5,6,5,5,5,5,5,4,6,6,5,3,3,3,4,2,1,1,2,2,2,3,3,5,2,2,2,1,3,5,3,4,3,3,5,3,5,4,4,4,5.75,5.0,5.2,3.25,1.5,2.6,2.0,3.6,4.333333333333333,4.0,-0.3333333333333333,-0.3333333333333333
S1-0622,Superior-alternative,3,37,Male,4,4,4,4,3,2,6,7,5,4,2,1,2,6,6,6,5,6,6,4,5,5,4,3,5,6,3,2,4,5,3,4,3,4,3,5,6,6,6,4,5,4,5,5,6,6,5,3,2,3,3,3,3,5,4,5,5,5,6,6,5,2,3,1,4.5,3.5,3.4,5.75,4.5,5.4,2.8,4.8,5.666666666666667,2.0,-0.3333333333333333,1.0
S1-0623,Same-product,1,35,Female,5,5,6,5,3,2,6,4,5,5,5,6,5,6,6,6,3,3,2,6,5,6,4,4,3,3,4,4,3,4,4,3,5,4,4,3,3,4,5,3,5,2,4,3,4,4,2,5,4,5,4,5,4,5,6,4,4,5,5,5,5,3,2,3,3.5,3.75,4.0,3.75,3.5,3.2,4.4,4.8,5.0,2.6666666666666665,1.0,-0.3333333333333333
S1-0624,Unrelated,0,40,Male,6,6,4,5,5,3,5,5,4,6,1,2,1,3,2,2,2,1,2,3,2,3,4,4,4,3,5,6,5,5,6,5,5,5,7,1,2,1,1,3,2,2,3,1,2,2,1,7,2,2,3,3,2,1,3,2,3,1,5,5,5,4,4,4,3.75,5.25,5.6,1.25,2.5,1.4,2.4,2.0,5.0,4.0,-0.3333333333333333,-0.3333333333333333
S1-0625,Similar-product,2,42,Female,6,6,2,6,4,3,2,5,5,6,3,3,3,6,6,6,4,4,4,4,5,5,4,4,5,4,4,4,4,3,5,5,5,5,4,2,3,3,3,3,3,4,4,3,3,3,3,5,3,4,4,5,5,3,3,3,4,3,6,6,4,3,4,3,4.25,3.75,4.8,2.75,3.5,3.0,4.2,3.2,5.333333333333333,3.3333333333333335,-0.3333333333333333,-0.3333333333333333
S1-0626,Superior-alternative,3,28,Male,6,6,2,5,5,4,6,5,5,7,2,2,2,5,6,6,6,7,6,3,5,5,5,4,5,4,4,3,4,4,4,3,3,4,3,6,6,6,6,5,5,6,6,6,6,6,6,1,4,5,4,3,4,6,4,4,6,5,5,4,5,3,2,2,4.5,3.75,3.4,6.0,5.5,6.2,4.0,5.0,4.666666666666667,2.3333333333333335,-0.3333333333333333,1.0
S1-0627,Same-product,1,39,Female,5,5,5,4,4,3,4,4,6,5,4,4,5,6,6,5,2,3,2,6,7,6,2,3,3,3,3,3,2,3,5,4,5,4,4,3,4,3,3,3,3,4,3,3,4,3,3,4,5,5,6,7,5,5,4,5,5,5,4,4,6,2,2,1,2.75,2.75,4.4,3.25,3.25,3.4,5.6,4.8,4.666666666666667,1.6666666666666667,1.0,-0.3333333333333333
S1-0628,Similar-product,2,34,Female,6,5,3,4,5,3,7,1,3,7,2,2,2,6,6,5,3,3,4,4,3,4,6,6,6,5,4,4,5,5,5,6,5,5,6,4,4,5,3,3,4,3,2,3,3,4,2,5,3,3,3,3,3,3,3,4,3,3,5,4,4,3,2,3,5.75,4.5,5.4,4.0,3.0,3.0,3.0,3.2,4.333333333333333,2.6666666666666665,-0.3333333333333333,-0.3333333333333333
S1-0629,Same-product,1,29,Female,5,5,2,5,4,3,7,4,5,5,6,6,6,5,7,6,2,2,2,7,7,7,5,4,4,5,3,4,4,3,5,5,5,5,4,4,3,3,3,3,2,2,2,2,2,2,2,5,6,4,5,6,6,6,4,5,5,6,4,4,4,2,2,3,4.5,3.5,4.8,3.25,2.25,2.2,5.4,5.2,4.0,2.3333333333333335,1.0,-0.3333333333333333
S1-0630,Similar-product,2,33,Male,5,5,2,3,5,2,6,4,4,5,2,2,2,5,6,6,3,4,3,5,4,4,5,6,5,6,4,5,6,5,6,7,5,5,6,3,3,3,2,3,3,2,2,3,2,2,3,4,3,3,2,3,2,4,5,5,4,4,4,4,3,4,4,5,5.5,5.0,5.8,2.75,2.5,2.8,2.6,4.4,3.6666666666666665,4.333333333333333,-0.3333333333333333,-0.3333333333333333
S1-0631,Unrelated,0,18,Female,6,3,2,3,6,1,5,4,5,4,2,2,2,3,3,2,1,2,2,2,2,3,4,5,5,4,4,5,4,5,4,6,5,4,5,3,3,2,3,2,3,3,2,2,1,2,2,7,2,2,1,1,2,3,3,2,2,2,3,5,5,4,4,3,4.5,4.5,4.8,2.75,2.5,1.6,1.6,2.4,4.333333333333333,3.6666666666666665,-0.3333333333333333,-0.3333333333333333
S1-0632,Same-product,1,28,Male,6,5,5,5,5,3,5,4,4,5,5,6,6,7,6,7,3,3,1,6,6,6,3,3,4,3,3,4,3,4,6,6,5,5,5,3,2,2,1,2,3,4,3,3,3,3,3,4,5,5,4,4,5,6,6,6,6,7,6,4,5,2,3,1,3.25,3.5,5.4,2.0,3.0,3.2,4.6,6.2,5.0,2.0,1.0,-0.3333333333333333
S1-0633,Same-product,1,22,Male,6,5,4,5,4,1,6,3,4,6,5,6,6,7,6,6,2,2,1,5,5,5,5,4,4,5,6,4,5,4,4,5,4,5,3,4,2,2,3,2,3,3,3,2,3,3,3,6,3,4,3,4,3,4,4,4,4,5,4,3,5,2,4,3,4.5,4.75,4.2,2.75,2.75,2.6,3.4,4.2,4.0,3.0,1.0,-0.3333333333333333
S1-0634,Similar-product,2,42,Male,6,6,3,6,5,3,6,4,3,4,2,2,2,5,4,5,3,4,3,5,4,5,6,6,5,5,5,5,4,4,5,6,4,5,6,4,3,3,4,3,2,3,2,2,2,3,2,5,3,3,4,5,4,3,3,3,4,4,5,4,5,4,4,3,5.5,4.5,5.2,3.5,2.5,2.4,3.8,3.4,4.666666666666667,3.6666666666666665,-0.3333333333333333,-0.3333333333333333
S1-0635,Same-product,1,21,Female,6,6,4,4,4,2,4,5,4,5,5,4,4,5,5,6,2,2,2,5,5,5,4,4,4,3,3,3,4,3,6,5,5,6,5,2,2,2,3,3,2,3,2,3,3,3,2,5,4,4,4,4,4,5,5,4,5,4,6,6,5,4,3,2,3.75,3.25,5.4,2.25,2.5,2.8,4.0,4.6,5.666666666666667,3.0,1.0,-0.3333333333333333
S1-0636,Unrelated,0,44,Female,4,6,4,4,5,1,6,4,4,3,2,3,2,2,3,2,1,2,2,3,2,1,6,6,5,5,5,6,5,6,6,5,5,6,6,2,2,2,2,3,2,2,3,2,2,2,3,5,2,1,2,2,3,2,2,1,1,3,4,4,3,4,5,4,5.5,5.5,5.6,2.0,2.5,2.4,2.0,1.8,3.6666666666666665,4.333333333333333,-0.3333333333333333,-0.3333333333333333
S1-0637,Same-product,1,28,Female,5,5,3,4,3,2,4,3,3,4,5,6,6,6,7,6,2,2,3,5,5,6,3,4,3,2,3,3,4,2,6,6,5,6,6,3,2,4,3,3,2,2,2,1,2,2,2,6,5,6,6,6,7,6,5,6,6,6,5,4,4,3,2,2,3.0,3.0,5.8,3.0,2.25,1.8,6.0,5.8,4.333333333333333,2.3333333333333335,1.0,-0.3333333333333333
S1-0638,Superior-alternative,3,36,Male,4,5,5,3,3,1,5,5,5,5,1,2,2,6,6,6,7,7,6,5,4,4,5,6,6,6,5,5,5,4,3,2,2,3,2,6,6,7,6,5,4,5,6,3,4,4,5,4,4,3,3,3,2,5,4,3,5,3,4,4,4,3,4,5,5.75,4.75,2.4,6.25,5.0,4.0,3.0,4.0,4.0,4.0,-0.3333333333333333,1.0
S1-0639,Same-product,1,24,Male,6,4,3,4,4,2,5,4,7,6,5,5,6,6,5,5,2,3,2,5,5,6,4,4,4,4,4,3,4,4,5,5,5,5,6,2,1,2,2,2,2,2,2,3,3,3,3,6,5,5,5,4,5,5,6,6,4,5,5,5,6,4,3,4,4.0,3.75,5.2,1.75,2.0,2.8,4.8,5.2,5.333333333333333,3.6666666666666665,1.0,-0.3333333333333333
S1-0640,Unrelated,0,40,Female,5,5,3,7,4,3,4,4,5,6,2,1,1,3,3,3,3,2,2,3,3,3,4,5,4,4,5,5,5,5,5,5,6,6,6,3,3,2,4,4,3,4,2,3,2,3,1,6,2,1,2,3,4,2,2,3,2,3,3,2,2,3,4,5,4.25,5.0,5.6,3.0,3.25,2.2,2.4,2.4,2.3333333333333335,4.0,-0.3333333333333333,-0.3333333333333333
S1-0641,Similar-product,2,20,Male,4,6,2,4,3,3,3,6,4,4,2,1,2,6,5,5,3,4,4,4,4,4,4,4,3,4,4,5,4,5,4,6,4,5,4,3,4,3,4,2,4,2,3,2,2,3,2,6,4,3,4,3,3,5,5,3,4,4,5,5,4,3,4,3,3.75,4.5,4.6,3.5,2.75,2.2,3.4,4.2,4.666666666666667,3.3333333333333335,-0.3333333333333333,-0.3333333333333333
S1-0642,Unrelated,0,34,Male,6,6,3,3,6,4,5,5,3,4,1,1,2,2,1,2,3,2,1,3,3,3,5,5,5,4,5,6,5,5,4,6,5,5,6,2,3,2,3,2,3,4,2,2,2,3,2,5,2,3,2,2,2,4,3,2,3,3,3,4,4,6,4,6,4.75,5.25,5.2,2.5,2.75,2.4,2.2,3.0,3.6666666666666665,5.333333333333333,-0.3333333333333333,-0.3333333333333333
S1-0643,Same-product,1,20,Male,4,4,1,6,3,1,5,5,5,5,5,5,6,6,6,7,2,2,2,6,6,7,3,5,4,4,4,3,4,3,6,6,5,6,6,2,2,3,2,1,2,3,3,2,2,2,3,7,6,5,5,6,6,5,5,6,5,5,6,5,5,3,3,3,4.0,3.5,5.8,2.25,2.25,2.0,5.6,5.2,5.333333333333333,3.0,1.0,-0.3333333333333333
S1-0644,Unrelated,0,23,Female,4,5,4,6,3,3,5,5,4,5,2,1,2,3,1,3,2,2,2,2,2,1,5,5,5,5,5,5,5,6,5,5,6,6,6,3,2,3,3,2,2,3,2,2,2,3,3,6,1,2,3,2,2,3,2,2,2,2,3,4,4,3,5,5,5.0,5.25,5.6,2.75,2.25,2.4,2.0,2.2,3.6666666666666665,4.333333333333333,-0.3333333333333333,-0.3333333333333333
S1-0645,Same-product,1,20,Female,6,4,2,6,4,3,7,5,4,3,5,6,5,6,6,6,2,1,1,6,6,5,4,4,4,4,3,4,4,4,5,5,5,4,5,2,4,4,4,4,3,3,4,3,3,4,4,5,4,4,4,4,4,4,5,4,5,4,6,5,6,2,2,4,4.0,3.75,4.8,3.5,3.5,3.4,4.0,4.4,5.666666666666667,2.6666666666666665,1.0,-0.3333333333333333
S1-0646,Same-product,1,18,Male,4,5,3,5,5,3,6,4,4,6,6,6,6,5,5,5,2,2,3,5,5,4,2,3,2,3,2,3,4,4,3,4,4,4,4,3,3,4,3,3,2,4,4,2,3,3,3,5,5,4,5,6,6,5,5,5,5,4,6,6,6,3,3,3,2.5,3.25,3.8,3.25,3.25,2.8,5.2,4.8,6.0,3.0,1.0,-0.3333333333333333
S1-0647,Unrelated,0,30,Male,6,7,4,4,3,1,5,3,6,3,2,2,2,2,2,2,2,2,2,3,2,2,4,5,4,5,5,5,5,5,5,5,5,4,6,2,3,3,2,2,2,1,2,2,1,1,2,6,3,3,2,3,3,1,1,2,2,1,5,4,3,3,4,5,4.5,5.0,5.0,2.5,1.75,1.6,2.8,1.4,4.0,4.0,-0.3333333333333333,-0.3333333333333333
S1-0648,Superior-alternative,3,21,Female,5,3,6,3,4,1,5,3,2,4,2,2,1,6,7,6,5,5,6,4,5,5,4,4,4,5,4,4,4,4,3,2,2,3,2,6,6,4,6,4,5,5,5,4,4,3,4,4,4,5,5,5,4,4,3,3,4,4,5,6,5,3,2,3,4.25,4.0,2.4,5.5,4.75,3.8,4.6,3.6,5.333333333333333,2.6666666666666665,-0.3333333333333333,1.0
S1-0649,Superior-alternative,3,22,Male,6,7,4,4,5,5,5,3,5,6,2,2,2,6,6,6,5,6,5,4,5,4,6,5,6,6,5,5,4,5,4,3,3,4,4,5,5,4,5,5,4,4,5,4,5,5,5,3,3,3,3,4,2,3,3,5,4,3,5,5,5,3,3,3,5.75,4.75,3.6,4.75,4.5,4.8,3.0,3.6,5.0,3.0,-0.3333333333333333,1.0
S1-0650,Superior-alternative,3,30,Male,5,6,2,4,4,2,5,5,4,4,1,1,1,5,6,6,6,6,5,4,5,4,5,5,5,6,4,4,4,5,3,3,2,3,2,6,6,5,5,5,5,5,5,4,5,5,4,4,4,4,4,5,5,5,5,5,5,4,6,5,5,2,3,2,5.25,4.25,2.6,5.5,5.0,4.4,4.4,4.8,5.333333333333333,2.3333333333333335,-0.3333333333333333,1.0
S1-0651,Same-product,1,29,Female,5,5,2,4,5,1,5,3,4,3,6,6,6,6,7,7,1,2,2,6,5,6,2,2,3,2,4,4,3,3,4,5,4,5,4,3,3,3,4,2,2,2,3,3,3,3,4,6,7,6,6,6,6,6,6,7,5,7,4,4,4,3,4,3,2.25,3.5,4.4,3.25,2.25,3.0,6.2,6.2,4.0,3.3333333333333335,1.0,-0.3333333333333333
S1-0652,Similar-product,2,27,Female,5,7,2,3,7,2,4,4,4,5,3,2,2,6,6,6,3,3,3,4,4,4,4,4,6,5,5,5,5,4,5,4,4,4,5,6,4,4,4,4,4,3,4,3,3,3,4,4,3,2,2,3,3,4,4,4,4,4,5,5,4,3,4,4,4.75,4.75,4.4,4.5,3.75,3.4,2.6,4.0,4.666666666666667,3.6666666666666665,-0.3333333333333333,-0.3333333333333333
S1-0653,Similar-product,2,41,Female,5,4,1,5,3,3,6,5,4,4,3,2,2,6,6,6,4,4,4,4,4,4,6,4,5,5,5,5,5,5,3,4,4,3,4,5,4,3,5,5,4,4,4,5,4,5,5,5,4,4,3,4,5,4,5,4,6,5,4,4,4,4,4,4,5.0,5.0,3.6,4.25,4.25,4.4,4.0,4.8,4.0,4.0,-0.3333333333333333,-0.3333333333333333
S1-0654,Unrelated,0,27,Female,4,5,4,5,4,4,5,4,4,4,1,1,2,3,2,2,2,3,2,2,1,2,5,6,6,6,5,6,6,6,5,6,5,6,5,2,2,2,3,2,2,2,2,1,2,1,1,6,3,2,2,2,2,2,3,2,3,3,4,5,4,2,4,3,5.75,5.75,5.4,2.25,2.0,1.4,2.2,2.6,4.333333333333333,3.0,-0.3333333333333333,-0.3333333333333333
S1-0655,Superior-alternative,3,19,Male,6,4,2,4,6,3,4,5,4,6,2,2,3,6,6,6,7,6,6,4,4,4,4,6,6,4,5,5,5,5,2,3,1,3,2,6,6,5,5,6,5,6,5,5,6,6,6,3,4,4,4,4,3,4,4,5,5,6,4,4,5,3,3,3,5.0,5.0,2.2,5.5,5.5,5.6,3.8,4.8,4.333333333333333,3.0,-0.3333333333333333,1.0
S1-0656,Unrelated,0,30,Female,6,5,4,4,4,3,6,5,5,3,2,2,2,2,2,1,3,2,2,1,2,2,5,5,4,5,5,4,5,5,5,4,6,4,5,4,4,3,3,2,1,2,2,4,3,3,2,5,3,3,4,2,3,3,2,3,2,3,4,3,4,5,5,6,4.75,4.75,4.8,3.5,1.75,3.0,3.0,2.6,3.6666666666666665,5.333333333333333,-0.3333333333333333,-0.3333333333333333
S1-0657,Unrelated,0,26,Male,5,6,5,5,5,2,5,5,3,5,2,1,2,2,2,2,2,1,1,3,3,3,5,5,4,4,4,5,5,4,5,5,5,5,5,3,2,2,3,2,3,2,3,3,2,2,3,5,3,2,3,3,2,2,2,2,2,3,3,3,2,5,4,5,4.5,4.5,5.0,2.5,2.5,2.6,2.6,2.2,2.6666666666666665,4.666666666666667,-0.3333333333333333,-0.3333333333333333
S1-0658,Superior-alternative,3,36,Female,5,5,3,5,3,3,5,4,4,4,1,2,1,5,6,6,5,5,6,4,4,5,5,5,5,6,6,5,5,5,3,4,4,3,3,5,5,5,6,5,6,6,5,6,5,5,6,2,3,3,4,3,3,5,5,5,5,5,4,4,4,4,4,3,5.25,5.25,3.4,5.25,5.5,5.6,3.2,5.0,4.0,3.6666666666666665,-0.3333333333333333,1.0
S1-0659,Similar-product,2,34,Female,6,5,5,7,5,3,5,3,5,6,3,2,2,5,6,5,3,3,3,3,3,3,3,4,4,3,4,4,4,4,5,5,6,5,4,4,3,4,4,4,3,5,5,3,3,3,3,5,4,4,4,4,4,4,4,5,4,4,5,4,6,4,4,5,3.5,4.0,5.0,3.75,4.25,3.0,4.0,4.2,5.0,4.333333333333333,-0.3333333333333333,-0.3333333333333333
S1-0660,Similar-product,2,26,Male,5,4,3,4,4,2,4,5,3,6,1,2,2,6,6,6,4,3,3,4,4,4,5,5,5,6,6,5,6,7,4,3,3,3,3,3,5,5,4,4,3,3,4,3,4,4,5,4,4,3,4,3,3,5,4,4,5,4,5,6,6,4,5,4,5.25,6.0,3.2,4.25,3.5,4.0,3.4,4.4,5.666666666666667,4.333333333333333,-0.3333333333333333,-0.3333333333333333
S1-0661,Similar-product,2,31,Female,5,7,5,3,4,3,3,3,5,2,2,2,2,6,5,7,3,4,4,4,3,4,4,5,5,5,4,5,4,5,5,5,4,6,5,3,3,3,3,3,4,4,4,3,2,4,4,4,4,4,4,3,5,5,6,5,6,6,5,5,5,3,3,3,4.75,4.5,5.0,3.0,3.75,3.4,4.0,5.6,5.0,3.0,-0.3333333333333333,-0.3333333333333333
S1-0662,Similar-product,2,25,Female,6,5,4,5,4,3,6,5,3,4,1,2,1,6,6,7,4,3,3,3,4,4,3,3,4,4,4,5,4,4,5,3,5,4,3,5,4,5,4,4,3,5,3,4,4,4,4,5,3,3,4,3,4,4,5,4,4,4,4,4,5,4,4,2,3.5,4.25,4.0,4.5,3.75,3.8,3.4,4.2,4.333333333333333,3.3333333333333335,-0.3333333333333333,-0.3333333333333333
S1-0663,Same-product,1,40,Female,6,5,2,5,4,2,5,4,3,3,5,6,6,6,6,6,2,2,3,5,5,5,2,3,3,2,2,3,4,4,5,5,4,5,4,3,3,4,3,3,3,4,3,5,3,4,3,5,5,6,5,6,6,6,6,6,6,7,5,4,5,2,4,4,2.5,3.25,4.6,3.25,3.25,3.6,5.6,6.2,4.666666666666667,3.3333333333333335,1.0,-0.3333333333333333
S1-0664,Same-product,1,29,Male,7,5,3,5,4,4,6,4,4,6,5,5,5,6,6,7,2,2,2,5,6,6,2,2,3,3,2,3,4,3,4,5,4,4,5,2,3,2,3,3,3,3,3,2,2,2,2,6,6,5,5,5,5,6,5,6,6,7,5,6,5,2,3,2,2.5,3.0,4.4,2.5,3.0,2.0,5.2,6.0,5.333333333333333,2.3333333333333335,1.0,-0.3333333333333333
S1-0665,Same-product,1,43,Male,6,6,3,6,6,1,4,5,3,7,5,5,5,6,7,6,2,2,2,5,5,5,4,3,3,3,3,5,3,5,5,5,4,5,5,4,4,4,4,4,3,2,3,3,4,3,3,5,4,4,6,4,5,6,5,5,5,6,5,5,5,4,2,3,3.25,4.0,4.8,4.0,3.0,3.2,4.6,5.4,5.0,3.0,1.0,-0.3333333333333333
S1-0666,Same-product,1,22,Female,6,7,2,3,5,4,6,5,5,6,6,5,6,6,6,5,2,2,2,5,6,5,4,5,4,4,3,4,4,5,6,5,5,6,6,2,2,1,1,2,1,2,2,2,1,1,2,6,4,5,5,4,5,4,4,5,4,5,6,4,7,3,3,3,4.25,4.0,5.6,1.5,1.75,1.6,4.6,4.4,5.666666666666667,3.0,1.0,-0.3333333333333333
S1-0667,Unrelated,0,29,Male,6,5,4,3,4,2,5,5,5,3,3,2,1,2,3,2,2,2,2,3,2,2,6,6,6,5,6,6,6,6,5,6,5,5,6,3,2,1,1,3,3,3,4,4,4,3,3,5,3,3,2,1,3,3,4,3,3,3,2,3,3,5,4,4,5.75,6.0,5.4,1.75,3.25,3.4,2.4,3.2,2.6666666666666665,4.333333333333333,-0.3333333333333333,-0.3333333333333333
S1-0668,Same-product,1,29,Female,5,5,3,4,5,3,6,4,5,6,5,5,5,6,6,5,2,2,2,6,6,6,4,4,5,5,5,5,5,5,4,5,4,4,5,2,4,3,3,2,2,1,1,1,2,1,2,7,4,3,4,4,3,4,5,6,5,6,6,4,5,3,3,3,4.5,5.0,4.4,3.0,1.5,1.4,3.6,5.2,5.0,3.0,1.0,-0.3333333333333333
S1-0669,Unrelated,0,39,Female,4,5,3,7,5,3,4,5,6,3,2,3,3,2,2,3,2,3,2,2,2,3,5,5,5,5,5,6,5,6,5,5,6,5,6,2,2,1,2,3,2,2,1,2,2,2,2,6,2,2,2,3,2,4,2,3,2,3,4,5,4,4,4,3,5.0,5.5,5.4,1.75,2.0,2.0,2.2,2.8,4.333333333333333,3.6666666666666665,-0.3333333333333333,-0.3333333333333333
S1-0670,Unrelated,0,39,Male,3,4,5,6,4,1,5,4,5,4,2,1,2,1,2,2,1,2,1,3,2,2,4,6,5,5,5,4,5,6,6,5,6,7,5,2,3,3,2,3,2,3,3,3,2,2,3,5,4,2,2,2,1,3,3,2,2,2,4,3,3,4,4,4,5.0,5.0,5.8,2.5,2.75,2.6,2.2,2.4,3.3333333333333335,4.0,-0.3333333333333333,-0.3333333333333333
S1-0671,Unrelated,0,41,Male,5,6,5,4,3,1,4,4,1,7,3,1,2,3,3,2,3,1,2,4,4,4,5,5,3,4,4,3,5,5,5,5,6,6,5,3,3,3,3,3,3,4,3,2,2,3,3,6,3,3,3,3,3,4,4,3,3,2,4,3,3,5,5,5,4.25,4.25,5.4,3.0,3.25,2.4,3.0,3.2,3.3333333333333335,5.0,-0.3333333333333333,-0.3333333333333333
S1-0672,Unrelated,0,35,Male,6,5,3,3,4,2,4,5,4,4,2,2,2,2,1,1,2,2,1,3,2,2,5,5,6,6,4,5,6,7,4,6,5,5,5,1,3,2,3,3,3,1,3,2,2,2,2,6,3,2,3,2,3,3,2,3,2,3,4,4,4,5,5,4,5.5,5.5,5.0,2.25,2.5,2.0,2.6,2.6,4.0,4.666666666666667,-0.3333333333333333,-0.3333333333333333
S1-0673,Unrelated,0,26,Female,5,5,3,4,6,4,6,6,5,6,1,2,1,2,1,2,2,3,3,2,2,2,5,4,3,4,4,4,4,5,5,5,5,4,6,3,2,2,3,2,3,2,3,2,2,2,2,6,4,3,4,4,3,3,3,2,2,3,4,4,4,4,4,4,4.0,4.25,5.0,2.5,2.5,2.0,3.6,2.6,4.0,4.0,-0.3333333333333333,-0.3333333333333333
S1-0674,Similar-product,2,33,Female,5,5,2,4,6,3,5,5,6,6,2,2,3,6,6,6,4,5,4,4,3,4,6,5,5,5,5,4,5,5,5,5,4,5,5,2,3,2,2,3,2,4,2,2,2,3,4,5,4,3,3,4,3,4,4,4,6,5,5,5,5,3,2,3,5.25,4.75,4.8,2.25,2.75,2.8,3.4,4.6,5.0,2.6666666666666665,-0.3333333333333333,-0.3333333333333333
S1-0675,Unrelated,0,31,Female,5,5,4,6,4,2,3,4,5,4,2,2,2,3,2,2,2,3,2,3,2,2,5,5,6,6,5,6,6,6,5,6,7,6,6,2,3,2,3,1,2,2,3,2,2,2,2,7,2,2,3,2,3,4,3,3,4,3,5,3,4,4,4,4,5.5,5.75,6.0,2.5,2.0,1.8,2.4,3.4,4.0,4.0,-0.3333333333333333,-0.3333333333333333
S1-0676,Same-product,1,43,Female,4,5,4,5,4,2,5,4,3,6,5,5,6,6,7,6,1,2,2,5,5,5,3,4,4,3,5,4,4,4,5,5,4,5,5,2,3,3,3,2,2,2,3,1,1,1,1,7,5,4,5,4,4,5,5,5,6,6,4,5,5,3,2,3,3.5,4.25,4.8,2.75,2.25,1.0,4.4,5.4,4.666666666666667,2.6666666666666665,1.0,-0.3333333333333333
S1-0677,Unrelated,0,22,Female,6,5,4,5,6,5,7,4,6,6,1,1,1,3,2,1,3,2,2,4,3,3,5,5,4,5,4,4,5,4,5,4,6,6,6,1,1,2,1,2,2,2,1,2,1,2,2,6,3,4,3,3,3,4,3,4,3,3,4,5,5,5,5,6,4.75,4.25,5.4,1.25,1.75,1.8,3.2,3.4,4.666666666666667,5.333333333333333,-0.3333333333333333,-0.3333333333333333
S1-0678,Same-product,1,24,Male,5,7,3,6,4,3,3,4,4,4,6,6,6,7,6,6,2,2,3,6,6,6,2,4,3,4,3,3,4,3,4,4,4,4,2,4,4,2,3,2,2,1,3,1,2,2,2,6,5,5,4,4,5,6,5,6,6,4,3,5,3,2,3,3,3.25,3.25,3.6,3.25,2.0,1.8,4.6,5.4,3.6666666666666665,2.6666666666666665,1.0,-0.3333333333333333
S1-0679,Same-product,1,22,Female,4,5,3,7,3,1,5,6,5,5,6,6,6,7,6,6,2,2,2,6,5,5,2,3,4,3,4,3,3,4,4,5,5,3,6,2,2,3,4,2,3,2,3,2,2,2,1,6,4,4,4,5,4,6,6,6,6,7,4,3,4,2,2,1,3.0,3.5,4.6,2.75,2.5,1.8,4.2,6.2,3.6666666666666665,1.6666666666666667,1.0,-0.3333333333333333
S1-0680,Same-product,1,34,Male,5,5,4,4,3,4,6,5,5,4,5,5,5,6,6,6,3,3,3,6,6,7,3,4,3,3,4,4,4,4,5,5,6,5,5,2,2,2,2,3,2,2,3,2,2,3,1,6,4,4,5,5,6,7,6,5,6,5,5,5,6,3,3,2,3.25,4.0,5.2,2.0,2.5,2.0,4.8,5.8,5.333333333333333,2.6666666666666665,1.0,-0.3333333333333333
S1-0681,Unrelated,0,28,Male,6,6,5,4,3,3,4,4,4,4,2,2,2,2,2,3,2,2,2,2,3,2,6,6,7,7,6,6,6,7,7,6,7,6,7,1,2,1,2,2,3,1,1,3,3,3,3,6,2,2,1,2,2,3,3,3,3,2,3,4,3,6,7,7,6.5,6.25,6.6,1.5,1.75,2.8,1.8,2.8,3.3333333333333335,6.666666666666667,-0.3333333333333333,-0.3333333333333333
S1-0682,Superior-alternative,3,45,Male,4,6,4,6,4,5,5,3,2,5,1,1,1,6,6,5,6,6,6,4,4,4,5,5,4,3,5,5,5,5,4,4,3,4,4,4,5,4,5,5,3,4,4,4,5,5,5,4,3,3,2,3,2,4,4,4,5,4,7,6,6,3,3,3,4.25,5.0,3.8,4.5,4.0,4.6,2.6,4.2,6.333333333333333,3.0,-0.3333333333333333,1.0
S1-0683,Superior-alternative,3,38,Male,6,5,2,5,5,3,4,4,6,5,2,2,2,5,6,5,6,6,6,4,5,4,4,4,4,5,4,4,5,4,2,5,3,3,4,5,5,5,6,5,7,5,5,5,5,5,6,2,4,4,5,4,5,4,4,4,4,3,6,7,6,3,4,2,4.25,4.25,3.4,5.25,5.5,5.4,4.4,3.8,6.333333333333333,3.0,-0.3333333333333333,1.0
S1-0684,Unrelated,0,30,Female,5,5,2,3,3,4,5,4,4,4,1,1,2,2,2,2,1,2,2,2,2,2,6,5,5,6,4,5,4,5,6,4,4,5,4,4,3,2,3,1,2,3,2,2,1,2,1,7,3,3,3,3,2,2,3,2,3,2,4,4,4,5,5,6,5.5,4.5,4.6,3.0,2.0,1.4,2.8,2.4,4.0,5.333333333333333,-0.3333333333333333,-0.3333333333333333
S1-0685,Superior-alternative,3,30,Female,5,5,4,5,3,5,4,3,3,4,2,2,2,5,6,5,5,5,4,4,4,4,5,4,5,5,3,5,4,4,3,3,2,3,4,4,4,6,5,4,4,5,4,4,4,4,4,4,4,4,3,4,3,5,4,4,5,5,6,7,5,2,3,2,4.75,4.0,3.0,4.75,4.25,4.0,3.6,4.6,6.0,2.3333333333333335,-0.3333333333333333,1.0
S1-0686,Unrelated,0,25,Male,5,4,4,6,5,4,6,3,4,5,2,2,2,2,2,2,1,1,2,2,3,2,4,5,4,3,5,4,4,5,5,5,4,5,5,1,2,2,2,2,2,1,3,3,3,1,2,6,3,3,3,3,2,2,2,3,2,3,4,4,5,5,6,4,4.0,4.5,4.8,1.75,2.0,2.2,2.8,2.4,4.333333333333333,5.0,-0.3333333333333333,-0.3333333333333333
S1-0687,Unrelated,0,31,Female,4,6,6,4,3,2,3,4,5,5,1,1,1,2,2,2,2,2,2,3,2,1,6,5,5,6,6,7,6,6,5,5,4,5,5,3,2,3,2,1,2,2,2,3,1,2,2,6,3,2,3,3,2,3,3,3,2,4,3,4,2,4,5,6,5.5,6.25,4.8,2.5,1.75,2.0,2.6,3.0,3.0,5.0,-0.3333333333333333,-0.3333333333333333
S1-0688,Same-product,1,29,Male,6,5,2,5,6,5,7,5,4,4,6,6,6,6,7,6,2,2,2,5,5,6,5,4,4,3,2,4,4,3,5,6,5,5,6,2,3,3,2,3,2,2,2,1,3,3,3,5,6,5,7,5,5,6,6,6,7,5,4,5,5,2,1,2,4.0,3.25,5.4,2.5,2.25,2.6,5.6,6.0,4.666666666666667,1.6666666666666667,1.0,-0.3333333333333333
S1-0689,Similar-product,2,38,Male,5,6,3,5,4,3,5,5,6,5,2,1,2,5,5,5,5,4,4,4,4,4,5,5,5,4,3,4,4,3,6,6,5,6,6,4,3,3,4,3,2,3,2,1,2,3,2,5,3,2,4,2,3,5,5,6,4,4,4,4,3,4,4,3,4.75,3.5,5.8,3.5,2.5,2.2,2.8,4.8,3.6666666666666665,3.6666666666666665,-0.3333333333333333,-0.3333333333333333
S1-0690,Unrelated,0,38,Male,6,4,3,4,5,5,5,2,4,3,3,2,2,2,1,2,1,2,1,2,2,3,5,5,6,5,5,4,4,4,5,5,6,5,6,2,2,2,2,3,3,2,2,2,3,3,2,5,3,2,2,4,2,2,3,3,3,3,4,3,2,5,5,6,5.25,4.25,5.4,2.0,2.5,2.6,2.6,2.8,3.0,5.333333333333333,-0.3333333333333333,-0.3333333333333333
S1-0691,Superior-alternative,3,27,Male,7,6,4,5,4,3,4,5,4,5,1,1,1,6,6,6,6,6,7,4,5,4,4,5,4,3,4,4,4,4,4,3,3,4,5,5,4,4,4,3,4,4,3,3,4,3,4,4,4,4,4,3,5,5,5,6,5,5,4,5,5,4,4,3,4.0,4.0,3.8,4.25,3.5,3.6,4.0,5.2,4.666666666666667,3.6666666666666665,-0.3333333333333333,1.0
S1-0692,Superior-alternative,3,18,Male,5,4,1,5,5,4,4,4,4,5,2,2,2,5,5,5,6,5,4,4,4,4,5,4,6,5,4,4,5,4,5,4,4,4,3,4,4,5,4,4,4,3,5,3,4,4,4,3,4,3,2,3,3,4,3,4,4,3,5,6,5,3,3,3,5.0,4.25,4.0,4.25,4.0,4.0,3.0,3.6,5.333333333333333,3.0,-0.3333333333333333,1.0
S1-0693,Same-product,1,36,Female,4,5,4,6,3,1,7,7,4,5,5,5,6,5,6,6,2,2,2,6,6,5,5,5,4,4,4,5,4,3,5,5,4,4,4,2,4,4,4,3,3,4,4,1,4,2,2,5,3,2,3,3,3,7,5,6,5,6,4,3,4,3,3,3,4.5,4.0,4.4,3.5,3.5,2.4,2.8,5.8,3.6666666666666665,3.0,1.0,-0.3333333333333333
S1-0694,Superior-alternative,3,21,Female,5,6,4,5,4,2,2,5,3,5,3,1,2,6,6,7,6,6,6,4,5,5,6,4,4,5,5,5,4,4,3,3,3,3,3,4,5,5,5,4,3,5,5,5,3,4,4,4,4,4,4,3,2,4,5,4,4,5,5,5,5,4,4,4,4.75,4.5,3.0,4.75,4.25,4.0,3.4,4.4,5.0,4.0,-0.3333333333333333,1.0
S1-0695,Same-product,1,18,Female,7,6,4,2,4,3,4,3,4,4,5,6,6,6,6,6,2,3,2,5,5,6,3,4,3,3,4,3,3,3,5,5,5,4,5,3,3,2,2,1,2,2,3,3,3,3,3,5,5,5,5,6,6,5,5,5,6,6,5,5,5,2,2,1,3.25,3.25,4.8,2.5,2.0,3.0,5.4,5.4,5.0,1.6666666666666667,1.0,-0.3333333333333333
S1-0696,Same-product,1,27,Female,5,6,2,5,4,2,4,5,6,6,5,5,5,6,6,6,3,2,2,6,6,6,3,3,3,2,4,3,4,4,4,4,4,5,4,4,4,4,3,3,3,3,3,2,4,3,2,5,5,4,4,5,4,4,4,4,4,5,5,6,5,3,2,1,2.75,3.75,4.2,3.75,3.0,2.8,4.4,4.2,5.333333333333333,2.0,1.0,-0.3333333333333333
S1-0697,Superior-alternative,3,31,Female,6,6,3,4,5,3,6,4,4,3,3,2,2,5,6,7,6,6,6,5,5,4,5,3,4,3,4,4,3,3,4,4,4,4,3,4,6,4,5,5,5,6,6,5,4,5,6,2,5,5,4,4,4,4,5,4,5,5,4,5,4,2,2,2,3.75,3.5,3.8,4.75,5.5,5.2,4.4,4.6,4.333333333333333,2.0,-0.3333333333333333,1.0
S1-0698,Superior-alternative,3,23,Male,5,4,3,5,6,3,4,4,5,4,2,1,1,6,6,5,5,4,5,4,4,4,5,5,5,4,5,4,4,4,3,3,3,2,3,5,6,5,6,4,4,4,5,5,4,4,3,4,4,4,4,4,4,4,5,3,4,4,4,6,6,4,3,4,4.75,4.25,2.8,5.5,4.25,4.0,4.0,4.0,5.333333333333333,3.6666666666666665,-0.3333333333333333,1.0
S1-0699,Same-product,1,19,Male,4,6,4,4,3,1,5,3,4,5,5,6,7,6,5,7,3,2,2,6,5,6,3,4,4,3,3,2,4,4,4,3,4,4,4,4,4,3,4,4,4,5,3,4,4,5,6,2,5,5,6,5,6,5,6,6,6,6,6,5,6,4,2,2,3.5,3.25,3.8,3.75,4.0,5.0,5.4,5.8,5.666666666666667,2.6666666666666665,1.0,-0.3333333333333333
S1-0700,Unrelated,0,32,Female,5,6,4,5,4,3,5,3,5,4,1,2,1,2,2,2,2,2,2,2,2,1,5,5,6,6,5,5,5,5,6,6,6,5,6,2,2,2,2,3,2,1,2,3,3,2,2,6,2,3,3,3,2,4,3,2,3,3,2,3,3,4,4,4,5.5,5.0,5.8,2.0,2.0,2.4,2.6,3.0,2.6666666666666665,4.0,-0.3333333333333333,-0.3333333333333333
S1-0701,Similar-product,2,26,Female,7,5,4,3,5,6,3,6,4,4,2,3,2,6,6,7,3,3,4,4,4,5,3,5,5,5,4,4,4,4,4,5,4,3,4,3,4,3,4,4,3,2,3,2,3,3,4,4,4,4,4,3,4,3,4,4,3,5,4,5,5,4,5,4,4.5,4.0,4.0,3.5,3.0,3.2,3.8,3.8,4.666666666666667,4.333333333333333,-0.3333333333333333,-0.3333333333333333
S1-0702,Same-product,1,37,Nonbinary/Other,5,7,2,4,2,3,5,5,5,5,6,5,6,6,6,6,2,2,1,5,6,5,5,3,3,3,4,4,3,3,6,6,6,6,5,3,3,2,1,2,3,3,1,2,2,2,2,5,5,6,6,5,5,6,7,6,6,7,6,5,4,1,1,2,3.5,3.5,5.8,2.25,2.25,2.2,5.4,6.4,5.0,1.3333333333333333,1.0,-0.3333333333333333
S1-0703,Unrelated,0,27,Female,5,4,3,4,4,3,5,4,4,5,2,2,2,3,2,3,2,2,1,2,2,3,5,5,6,6,5,5,6,5,5,5,4,4,4,3,4,2,2,4,2,2,2,2,1,1,2,6,2,2,2,2,2,2,2,1,1,2,4,3,3,3,3,3,5.5,5.25,4.4,2.75,2.5,1.6,2.0,1.6,3.3333333333333335,3.0,-0.3333333333333333,-0.3333333333333333
S1-0704,Unrelated,0,23,Female,5,5,3,3,3,4,5,4,2,4,1,1,1,2,3,3,2,1,1,3,3,2,4,4,4,4,4,5,5,5,6,5,5,6,7,2,2,3,3,2,3,2,2,3,3,3,2,6,4,3,4,3,5,3,2,2,2,2,2,2,2,3,3,4,4.0,4.75,5.8,2.5,2.25,2.6,3.8,2.2,2.0,3.3333333333333335,-0.3333333333333333,-0.3333333333333333
S1-0705,Same-product,1,19,Male,5,4,3,2,6,3,5,4,5,4,6,5,5,6,7,6,2,2,1,6,6,6,4,4,3,4,4,3,2,4,5,6,5,5,5,2,4,2,2,1,3,2,2,1,1,2,1,7,5,5,5,5,5,6,5,5,5,5,5,5,5,4,3,3,3.75,3.25,5.2,2.5,2.0,1.2,5.0,5.2,5.0,3.3333333333333335,1.0,-0.3333333333333333
S1-0706,Unrelated,0,22,Female,6,5,4,6,5,1,5,5,5,2,2,2,2,2,3,2,2,2,2,2,3,2,5,4,5,5,5,5,6,5,6,4,6,6,6,3,3,3,2,4,3,3,4,2,2,2,2,6,3,2,3,2,2,4,3,4,3,4,4,4,4,5,4,4,4.75,5.25,5.6,2.75,3.5,2.0,2.4,3.6,4.0,4.333333333333333,-0.3333333333333333,-0.3333333333333333
S1-0707,Same-product,1,25,Male,6,7,3,4,4,2,6,4,5,6,6,6,6,6,7,7,2,1,2,7,5,6,4,4,4,4,5,4,4,5,5,4,5,4,5,4,3,2,3,3,3,4,4,2,2,2,2,6,5,4,4,4,3,6,5,6,5,6,5,5,3,2,3,2,4.0,4.5,4.6,3.0,3.5,2.0,4.0,5.6,4.333333333333333,2.3333333333333335,1.0,-0.3333333333333333
S1-0708,Same-product,1,18,Male,4,4,2,5,4,3,5,3,5,5,5,5,6,6,7,6,2,3,2,5,5,6,4,3,3,4,3,3,4,4,4,4,5,4,5,2,2,2,2,2,3,2,2,3,4,4,2,5,5,5,5,5,4,5,5,6,5,7,6,5,4,1,2,2,3.5,3.5,4.4,2.0,2.25,3.2,4.8,5.6,5.0,1.6666666666666667,1.0,-0.3333333333333333
S1-0709,Same-product,1,21,Female,7,6,4,3,4,4,4,4,5,5,5,5,5,5,6,5,2,3,3,6,6,6,3,3,3,3,5,3,3,3,6,5,6,6,6,3,2,1,2,1,2,3,2,2,2,2,2,6,5,5,5,6,6,6,4,6,7,6,4,6,5,2,2,3,3.0,3.5,5.8,2.0,2.0,2.0,5.4,5.8,5.0,2.3333333333333335,1.0,-0.3333333333333333
S1-0710,Superior-alternative,3,26,Male,5,3,4,2,4,4,7,4,3,4,1,1,1,5,6,6,5,5,5,4,4,4,4,5,4,4,4,4,4,4,3,2,2,2,2,5,6,6,5,6,6,5,5,5,6,6,5,4,5,5,5,4,5,6,6,5,5,5,5,6,6,4,4,4,4.25,4.0,2.2,5.5,5.5,5.2,4.8,5.4,5.666666666666667,4.0,-0.3333333333333333,1.0
S1-0711,Similar-product,2,24,Female,5,4,3,6,4,4,6,4,4,4,2,1,1,6,6,6,3,4,3,4,3,4,4,3,4,4,4,5,5,5,4,5,4,4,4,4,2,3,3,2,3,2,3,3,3,2,2,5,3,3,2,3,3,4,4,4,4,4,6,5,6,3,3,4,3.75,4.75,4.2,3.0,2.5,2.6,2.8,4.0,5.666666666666667,3.3333333333333335,-0.3333333333333333,-0.3333333333333333
S1-0712,Unrelated,0,22,Female,5,6,4,2,6,2,5,6,6,6,2,2,1,3,3,3,2,1,2,2,2,2,6,6,6,6,6,5,4,6,4,6,6,7,6,1,2,2,3,2,2,3,2,3,1,2,2,6,3,2,3,2,2,3,1,2,2,2,2,3,4,4,5,5,6.0,5.25,5.8,2.0,2.25,2.0,2.4,2.0,3.0,4.666666666666667,-0.3333333333333333,-0.3333333333333333
S1-0713,Same-product,1,19,Male,4,6,4,3,5,3,6,5,5,3,6,5,6,6,6,6,2,2,2,5,5,6,3,3,2,4,4,3,4,3,4,5,6,5,6,1,1,3,2,2,2,2,2,2,1,1,2,7,3,4,4,5,5,6,5,6,5,4,5,5,4,2,3,3,3.0,3.5,5.2,1.75,2.0,1.4,4.2,5.2,4.666666666666667,2.6666666666666665,1.0,-0.3333333333333333
S1-0714,Unrelated,0,40,Male,6,5,4,6,4,1,4,4,3,5,2,1,2,3,2,2,3,3,2,2,2,2,5,7,6,5,6,6,6,5,4,5,5,6,5,3,2,2,4,3,3,2,4,2,2,2,2,7,1,2,1,1,1,3,3,4,3,2,4,4,4,4,4,4,5.75,5.75,5.0,2.75,3.0,1.8,1.2,3.0,4.0,4.0,-0.3333333333333333,-0.3333333333333333
S1-0715,Superior-alternative,3,34,Female,4,5,4,3,3,1,5,4,4,6,2,1,1,6,6,6,6,6,7,4,4,4,3,4,3,3,3,4,3,3,3,3,3,3,4,4,4,4,3,5,5,4,4,4,4,4,5,3,4,6,5,5,4,4,5,5,5,5,7,6,6,4,3,4,3.25,3.25,3.2,3.75,4.5,4.4,4.8,4.8,6.333333333333333,3.6666666666666665,-0.3333333333333333,1.0
S1-0716,Same-product,1,30,Female,7,5,4,5,5,4,7,4,3,4,5,5,5,6,7,6,1,1,1,4,5,5,3,4,4,3,5,4,6,5,5,5,4,4,5,3,3,2,3,3,3,2,3,2,2,2,2,5,5,4,5,5,4,6,5,6,6,7,6,5,5,3,2,2,3.5,5.0,4.6,2.75,2.75,2.2,4.6,6.0,5.333333333333333,2.3333333333333335,1.0,-0.3333333333333333
S1-0717,Same-product,1,19,Male,6,7,3,5,4,3,4,2,4,6,5,6,6,5,5,5,2,2,1,6,6,6,4,5,5,5,4,4,4,4,6,5,7,6,7,2,2,3,3,2,2,3,3,1,2,2,2,6,6,5,5,5,5,5,4,6,6,6,5,6,6,1,2,2,4.75,4.0,6.2,2.5,2.5,1.8,5.2,5.4,5.666666666666667,1.6666666666666667,1.0,-0.3333333333333333
S1-0718,Same-product,1,32,Male,6,4,2,4,3,2,6,3,4,6,5,6,5,5,7,6,1,2,1,6,6,6,5,4,4,5,3,4,4,5,5,5,5,4,4,3,3,3,3,2,2,2,3,2,2,2,2,7,5,5,5,5,5,6,5,6,6,5,5,5,4,2,2,2,4.5,4.0,4.6,3.0,2.25,1.8,5.0,5.6,4.666666666666667,2.0,1.0,-0.3333333333333333
S1-0719,Same-product,1,42,Male,4,4,2,3,4,3,6,3,3,4,5,6,6,6,6,5,2,2,3,6,6,7,3,3,4,5,3,3,2,2,5,4,5,5,4,3,3,3,4,2,3,2,3,3,2,2,3,6,6,5,6,6,6,5,5,6,5,5,5,7,5,3,3,3,3.75,2.5,4.6,3.25,2.5,2.4,5.8,5.2,5.666666666666667,3.0,1.0,-0.3333333333333333
S1-0720,Similar-product,2,29,Female,6,6,2,5,4,1,5,5,4,5,3,3,3,4,5,6,3,3,3,4,5,5,4,3,4,4,4,4,3,4,4,3,3,4,4,4,4,3,4,3,4,5,4,4,3,4,4,4,4,4,3,4,3,4,5,5,3,2,4,4,3,4,4,4,3.75,3.75,3.6,3.75,4.0,3.8,3.6,3.8,3.6666666666666665,4.0,-0.3333333333333333,-0.3333333333333333
S1-0721,Superior-alternative,3,36,Female,5,6,3,5,5,2,5,4,6,6,2,2,2,6,5,6,6,6,6,5,3,4,4,4,4,5,4,5,3,4,3,4,3,3,4,4,5,5,6,5,6,5,5,5,5,5,5,3,4,4,5,4,5,4,4,3,4,4,5,5,5,3,3,3,4.25,4.0,3.4,5.0,5.25,5.0,4.4,3.8,5.0,3.0,-0.3333333333333333,1.0
S1-0722,Superior-alternative,3,18,Male,4,4,5,5,5,4,7,5,6,5,2,2,2,5,5,5,5,7,6,4,4,4,5,5,4,5,4,4,4,5,2,3,3,2,2,4,7,6,6,6,4,6,5,5,5,5,5,4,3,4,4,3,3,5,5,5,5,5,4,4,4,5,4,4,4.75,4.25,2.4,5.75,5.25,4.8,3.4,5.0,4.0,4.333333333333333,-0.3333333333333333,1.0
S1-0723,Superior-alternative,3,30,Male,5,5,3,6,4,3,6,5,6,5,2,3,3,6,6,6,6,6,6,4,4,4,3,4,4,4,4,3,5,3,3,3,4,3,3,6,6,6,5,5,6,5,5,5,5,4,5,4,4,4,5,3,3,4,3,2,4,3,5,5,4,5,5,6,3.75,3.75,3.2,5.75,5.25,4.6,3.8,3.2,4.666666666666667,5.333333333333333,-0.3333333333333333,1.0
S1-0724,Similar-product,2,22,Male,5,7,4,5,5,1,5,4,3,6,2,2,2,6,5,6,3,3,4,4,4,4,4,5,4,5,4,4,5,5,5,6,6,4,7,3,3,3,3,2,3,2,2,2,2,3,2,6,2,2,3,3,3,3,3,3,2,4,5,6,5,4,4,3,4.5,4.5,5.6,3.0,2.25,2.2,2.6,3.0,5.333333333333333,3.6666666666666665,-0.3333333333333333,-0.3333333333333333
S1-0725,Superior-alternative,3,37,Male,6,6,5,7,5,4,5,4,2,3,2,2,2,5,5,5,5,7,6,5,5,4,5,5,5,6,4,4,4,3,3,2,3,2,3,5,6,6,5,4,4,4,5,5,4,4,4,4,3,3,4,4,3,5,6,4,4,5,6,5,6,4,4,3,5.25,3.75,2.6,5.5,4.25,4.2,3.4,4.8,5.666666666666667,3.6666666666666665,-0.3333333333333333,1.0
S1-0726,Same-product,1,21,Male,4,5,4,5,5,2,7,3,5,6,5,5,6,6,7,6,3,2,2,6,6,6,5,3,4,4,5,4,6,5,4,3,4,4,4,3,3,3,4,3,3,2,4,2,1,3,3,7,4,4,4,4,3,4,5,5,4,6,4,4,6,1,2,2,4.0,5.0,3.8,3.25,3.0,2.0,3.8,4.8,4.666666666666667,1.6666666666666667,1.0,-0.3333333333333333
S1-0727,Superior-alternative,3,28,Male,6,5,3,2,4,2,3,3,4,5,1,2,2,5,6,5,6,6,7,3,3,3,5,5,5,5,5,4,4,5,2,4,2,2,2,6,7,7,6,5,5,5,5,5,4,4,6,4,3,4,3,3,4,3,4,4,3,4,4,5,4,3,3,3,5.0,4.5,2.4,6.5,5.0,4.6,3.4,3.6,4.333333333333333,3.0,-0.3333333333333333,1.0
S1-0728,Unrelated,0,34,Female,4,5,4,4,3,3,6,4,6,2,1,1,2,3,2,1,3,3,3,2,1,1,4,4,3,4,5,6,4,4,5,5,5,5,5,3,2,4,3,2,2,3,2,2,3,2,2,6,2,3,1,2,2,3,3,3,3,2,4,5,4,5,5,4,3.75,4.75,5.0,3.0,2.25,2.2,2.0,2.8,4.333333333333333,4.666666666666667,-0.3333333333333333,-0.3333333333333333
S1-0729,Superior-alternative,3,36,Female,5,5,2,7,3,3,5,4,5,4,2,2,2,6,6,6,5,7,5,4,4,5,5,6,6,7,6,5,6,7,2,3,3,3,2,6,5,6,5,4,6,5,6,5,6,6,5,3,4,3,4,3,4,4,5,6,6,5,5,5,5,3,3,4,6.0,6.0,2.6,5.5,5.25,5.4,3.6,5.2,5.0,3.3333333333333335,-0.3333333333333333,1.0
S1-0730,Superior-alternative,3,36,Female,6,5,5,5,5,3,5,3,3,3,2,2,2,5,5,5,6,6,6,4,4,4,5,5,5,6,4,4,5,4,4,4,6,5,4,5,5,5,5,5,4,5,5,4,5,4,4,4,2,2,3,2,3,4,3,3,4,4,5,6,5,2,4,3,5.25,4.25,4.6,5.0,4.75,4.2,2.4,3.6,5.333333333333333,3.0,-0.3333333333333333,1.0
S1-0731,Similar-product,2,30,Male,6,4,2,5,6,2,7,4,5,3,2,2,2,5,5,6,3,2,3,4,4,4,4,3,4,3,3,3,3,4,6,6,5,6,5,2,3,2,4,2,3,3,5,3,3,4,4,4,4,3,4,4,4,4,5,4,4,4,5,5,5,3,3,4,3.5,3.25,5.6,2.75,3.25,3.6,3.8,4.2,5.0,3.3333333333333335,-0.3333333333333333,-0.3333333333333333
S1-0732,Unrelated,0,29,Male,5,5,4,5,5,4,7,5,4,5,2,2,1,2,2,3,2,1,2,3,2,3,6,6,6,6,6,6,6,5,5,5,5,5,7,2,2,2,1,3,2,2,3,2,2,1,3,6,2,3,2,2,3,4,3,4,4,3,4,3,3,3,3,3,6.0,5.75,5.4,1.75,2.5,2.0,2.4,3.6,3.3333333333333335,3.0,-0.3333333333333333,-0.3333333333333333
S1-0733,Similar-product,2,27,Male,5,5,3,4,3,2,3,5,4,2,1,2,2,5,5,6,4,3,4,4,4,3,4,5,5,5,5,5,5,4,5,5,5,4,5,3,3,4,3,3,1,2,2,2,2,2,2,7,4,3,2,3,2,3,4,4,4,3,5,5,5,4,3,3,4.75,4.75,4.8,3.25,2.0,1.8,2.8,3.6,5.0,3.3333333333333335,-0.3333333333333333,-0.3333333333333333
S1-0734,Superior-alternative,3,25,Female,4,4,4,5,3,3,5,4,4,5,2,2,2,6,5,5,6,6,6,4,4,4,4,6,4,5,4,4,4,4,3,3,3,4,3,4,5,5,4,4,5,6,4,5,5,4,6,3,4,4,4,4,3,5,5,5,5,5,6,6,6,4,4,5,4.75,4.0,3.2,4.5,4.75,5.0,3.8,5.0,6.0,4.333333333333333,-0.3333333333333333,1.0
S1-0735,Same-product,1,19,Female,5,5,4,6,3,3,7,3,5,4,6,5,5,6,6,7,2,3,2,6,6,6,2,3,3,3,3,3,3,3,5,5,4,5,5,3,4,3,3,2,3,3,3,3,2,4,3,5,5,5,6,6,5,5,5,4,5,5,5,4,5,4,3,4,2.75,3.0,4.8,3.25,2.75,3.0,5.4,4.8,4.666666666666667,3.6666666666666665,1.0,-0.3333333333333333
S1-0736,Similar-product,2,31,Female,5,6,2,7,5,1,5,3,5,4,1,2,2,5,6,5,4,4,4,4,4,4,5,5,4,4,5,5,5,4,6,4,6,6,5,3,4,4,5,4,3,4,3,4,4,3,3,4,3,4,4,3,4,3,4,4,4,4,5,5,5,4,3,4,4.5,4.75,5.4,4.0,3.5,3.6,3.6,3.8,5.0,3.6666666666666665,-0.3333333333333333,-0.3333333333333333
S1-0737,Superior-alternative,3,31,Female,5,6,3,5,2,4,4,4,3,3,2,1,2,5,5,5,6,5,6,4,3,3,4,5,5,5,5,4,3,4,4,3,4,2,2,5,4,5,5,4,4,5,5,4,4,4,5,4,3,4,3,4,4,4,5,4,3,4,4,5,4,2,3,3,4.75,4.0,3.0,4.75,4.5,4.2,3.6,4.0,4.333333333333333,2.6666666666666665,-0.3333333333333333,1.0
S1-0738,Unrelated,0,30,Female,5,5,3,7,2,4,3,5,4,4,2,1,2,2,2,3,3,1,2,2,2,2,3,4,4,4,4,5,5,4,6,6,6,6,6,3,3,4,3,2,2,2,3,2,2,2,2,6,3,3,4,4,3,2,2,2,3,1,2,3,3,5,4,5,3.75,4.5,6.0,3.25,2.25,2.0,3.4,2.0,2.6666666666666665,4.666666666666667,-0.3333333333333333,-0.3333333333333333
S1-0739,Similar-product,2,19,Female,5,5,4,4,5,2,6,6,4,6,2,1,1,5,5,6,4,3,4,5,4,4,5,4,5,4,5,5,6,5,6,6,4,5,5,3,3,3,3,3,3,3,3,2,2,2,3,6,3,3,4,2,3,3,4,3,3,3,4,5,5,3,3,3,4.5,5.25,5.2,3.0,3.0,2.2,3.0,3.2,4.666666666666667,3.0,-0.3333333333333333,-0.3333333333333333
S1-0740,Similar-product,2,21,Female,4,6,3,5,4,2,5,4,3,3,1,2,2,5,5,6,4,4,4,4,4,3,5,4,5,4,4,5,2,4,3,4,4,4,4,4,4,5,4,3,5,4,4,4,4,5,4,4,4,4,4,4,4,4,4,5,3,3,5,5,3,4,5,6,4.5,3.75,3.8,4.25,4.0,4.2,4.0,3.8,4.333333333333333,5.0,-0.3333333333333333,-0.3333333333333333
S1-0741,Unrelated,0,22,Male,5,4,3,4,5,4,7,5,3,4,2,1,1,2,1,2,3,2,2,2,2,2,6,7,6,7,6,6,6,5,5,5,6,5,6,2,2,2,3,1,3,2,2,3,2,2,2,6,1,3,1,2,2,3,2,2,2,3,4,3,3,4,3,4,6.5,5.75,5.4,2.25,2.0,2.2,1.8,2.4,3.3333333333333335,3.6666666666666665,-0.3333333333333333,-0.3333333333333333
S1-0742,Unrelated,0,28,Male,5,5,4,6,6,2,5,5,3,5,2,2,2,3,2,2,2,2,2,2,2,2,5,5,4,5,5,6,6,7,6,7,6,6,6,1,1,1,2,1,2,2,1,1,1,1,1,7,3,4,4,3,5,4,4,4,4,5,2,3,3,5,5,5,4.75,6.0,6.2,1.25,1.5,1.0,3.8,4.2,2.6666666666666665,5.0,-0.3333333333333333,-0.3333333333333333
S1-0743,Unrelated,0,31,Female,5,6,3,4,5,2,5,4,4,5,2,3,2,3,2,2,2,3,3,3,2,2,5,5,4,5,6,5,6,5,5,5,4,5,4,2,1,1,2,3,2,2,2,3,3,2,2,7,3,3,2,2,3,1,3,3,2,2,4,3,2,5,5,4,4.75,5.5,4.6,1.5,2.25,2.2,2.6,2.2,3.0,4.666666666666667,-0.3333333333333333,-0.3333333333333333
S1-0744,Superior-alternative,3,39,Male,5,5,3,7,5,2,4,4,3,5,1,2,2,6,7,6,6,6,6,4,3,4,6,4,5,5,5,5,4,5,4,5,4,4,4,4,4,4,4,3,5,4,4,6,5,3,4,2,4,3,4,5,4,3,4,5,5,4,4,5,5,3,2,4,5.0,4.75,4.2,4.0,4.0,4.8,4.0,4.2,4.666666666666667,3.0,-0.3333333333333333,1.0
S1-0745,Unrelated,0,18,Female,5,5,2,5,2,3,4,6,3,4,2,2,1,2,2,1,2,2,3,2,2,2,5,5,5,5,5,6,5,5,5,6,4,6,6,1,3,2,2,2,2,2,2,2,3,3,2,5,1,2,2,2,2,1,3,2,3,2,4,4,4,4,4,3,5.0,5.25,5.4,2.0,2.0,2.6,1.8,2.2,4.0,3.6666666666666665,-0.3333333333333333,-0.3333333333333333
S1-0746,Unrelated,0,29,Male,6,5,5,5,3,4,4,5,6,5,2,2,2,3,3,3,2,2,2,3,2,2,5,4,4,5,5,5,5,4,5,4,5,5,6,2,3,2,3,3,3,2,3,2,2,2,2,7,4,2,2,2,2,3,3,2,3,4,4,3,3,4,4,4,4.5,4.75,5.0,2.5,2.75,1.8,2.4,3.0,3.3333333333333335,4.0,-0.3333333333333333,-0.3333333333333333
S1-0747,Superior-alternative,3,31,Female,4,7,2,4,4,4,5,5,3,3,2,2,3,5,6,5,6,6,7,5,5,5,5,6,5,5,6,4,5,5,3,4,2,3,3,6,6,4,5,6,5,5,6,5,5,5,4,4,3,4,4,4,4,5,4,3,4,4,4,5,6,4,4,4,5.25,5.0,3.0,5.25,5.5,4.6,3.8,4.0,5.0,4.0,-0.3333333333333333,1.0
S1-0748,Same-product,1,41,Female,5,6,5,3,6,4,4,4,6,5,6,6,7,6,4,5,2,1,2,5,5,5,4,3,4,4,3,4,3,3,6,6,6,6,6,3,3,3,3,3,2,4,3,2,2,4,3,5,4,4,5,5,5,5,5,5,6,5,5,5,5,4,2,3,3.75,3.25,6.0,3.0,3.0,2.8,4.6,5.2,5.0,3.0,1.0,-0.3333333333333333
S1-0749,Superior-alternative,3,48,Female,7,4,5,6,3,4,6,5,4,4,2,2,2,6,6,6,5,5,5,4,4,5,5,4,4,5,3,3,4,4,3,4,4,5,4,4,5,5,5,4,6,5,5,4,4,5,4,2,3,4,4,3,4,4,4,3,3,4,4,6,5,3,3,4,4.5,3.5,4.0,4.75,5.0,4.6,3.6,3.6,5.0,3.3333333333333335,-0.3333333333333333,1.0
S1-0750,Similar-product,2,28,Male,4,6,4,4,2,3,5,4,4,4,2,1,2,6,6,6,4,4,5,5,5,4,4,4,4,4,4,5,5,3,6,5,5,5,5,2,2,3,3,3,4,3,2,2,2,2,2,6,3,3,3,3,4,3,4,3,4,4,5,4,6,3,3,3,4.0,4.25,5.2,2.5,3.0,2.0,3.2,3.6,5.0,3.0,-0.3333333333333333,-0.3333333333333333
S1-0751,Superior-alternative,3,23,Female,5,5,2,6,4,1,4,5,5,5,2,1,2,6,5,5,6,6,6,4,5,4,5,5,5,5,5,4,4,4,4,3,3,3,2,6,4,5,5,5,4,4,6,4,3,4,5,3,4,2,2,4,5,5,5,5,5,4,5,5,6,4,3,3,5.0,4.25,3.0,5.0,4.75,4.2,3.4,4.8,5.333333333333333,3.3333333333333335,-0.3333333333333333,1.0
S1-0752,Same-product,1,19,Male,5,7,4,4,3,4,4,5,6,6,5,5,4,6,5,6,2,2,1,5,5,6,4,4,4,3,4,3,4,3,5,4,6,5,4,4,3,3,3,4,3,2,4,4,3,3,3,6,4,6,5,5,5,6,6,6,5,6,5,6,6,2,2,2,3.75,3.5,4.8,3.25,3.25,3.0,5.0,5.8,5.666666666666667,2.0,1.0,-0.3333333333333333
S1-0753,Similar-product,2,18,Male,5,7,2,5,6,4,5,3,5,5,2,2,3,7,7,6,4,4,4,5,4,4,3,5,4,4,4,4,4,5,3,3,3,3,1,5,5,4,4,4,3,4,4,3,4,3,4,5,3,3,4,3,3,4,3,5,6,4,4,4,4,4,5,4,4.0,4.25,2.6,4.5,3.75,3.4,3.2,4.4,4.0,4.333333333333333,-0.3333333333333333,-0.3333333333333333
S1-0754,Superior-alternative,3,18,Female,6,5,3,4,4,3,6,4,5,5,1,2,1,6,6,6,6,6,7,3,4,5,5,5,6,6,4,3,5,5,3,3,2,1,3,5,6,5,4,5,6,6,5,5,5,5,5,3,2,3,4,3,3,5,4,4,5,4,5,6,6,4,4,4,5.5,4.25,2.4,5.0,5.5,5.0,3.0,4.4,5.666666666666667,4.0,-0.3333333333333333,1.0
S1-0755,Superior-alternative,3,27,Male,5,6,1,3,4,2,5,3,4,5,1,2,2,6,6,6,5,6,6,3,4,4,5,4,6,6,4,5,6,4,3,3,4,4,4,5,6,5,6,4,5,5,6,3,5,4,5,2,5,4,5,5,4,3,4,4,4,4,5,7,6,4,4,4,5.25,4.75,3.6,5.5,5.0,4.6,4.6,3.8,6.0,4.0,-0.3333333333333333,1.0
S1-0756,Superior-alternative,3,42,Female,6,5,3,5,5,1,5,5,5,4,1,1,2,6,6,7,5,6,6,4,4,4,5,5,6,5,4,5,5,5,3,3,3,3,4,5,6,5,6,5,4,4,5,5,4,5,4,3,2,5,4,4,5,4,6,6,6,6,4,5,6,4,4,4,5.25,4.75,3.2,5.5,4.5,4.6,4.0,5.6,5.0,4.0,-0.3333333333333333,1.0
S1-0757,Similar-product,2,36,Female,6,5,4,6,3,2,6,4,5,5,1,2,1,5,4,5,3,3,4,4,4,4,5,5,4,5,5,5,5,4,4,4,4,3,4,5,3,3,4,3,4,3,3,4,3,3,3,4,3,3,3,3,2,3,5,4,5,5,6,5,5,3,4,5,4.75,4.75,3.8,3.75,3.25,3.4,2.8,4.4,5.333333333333333,4.0,-0.3333333333333333,-0.3333333333333333
S1-0758,Unrelated,0,27,Male,5,6,3,5,4,3,3,5,6,6,2,2,1,2,2,2,1,2,2,2,2,1,7,7,7,7,6,7,6,6,5,4,4,4,4,4,3,3,4,3,3,4,4,3,2,4,3,4,3,2,1,3,2,4,3,4,4,3,3,2,3,3,4,4,7.0,6.25,4.2,3.5,3.5,3.2,2.2,3.6,2.6666666666666665,3.6666666666666665,-0.3333333333333333,-0.3333333333333333
S1-0759,Same-product,1,18,Male,7,7,1,3,4,3,5,4,4,5,6,7,6,6,7,6,2,2,2,6,6,6,5,3,2,3,4,3,3,4,5,5,5,5,4,3,3,3,3,3,3,3,3,4,3,3,2,5,4,4,4,5,4,6,6,5,5,5,4,3,3,3,3,2,3.25,3.5,4.8,3.0,3.0,3.0,4.2,5.4,3.3333333333333335,2.6666666666666665,1.0,-0.3333333333333333
S1-0760,Similar-product,2,44,Male,6,5,1,5,3,3,6,4,4,3,2,1,1,6,5,6,3,4,4,4,5,5,2,2,3,3,3,3,2,3,5,4,5,4,5,3,4,4,4,3,3,3,3,3,4,3,2,6,5,6,4,5,5,3,4,5,3,4,4,5,5,2,2,2,2.5,2.75,4.6,3.75,3.0,2.8,5.0,3.8,4.666666666666667,2.0,-0.3333333333333333,-0.3333333333333333
S1-0761,Same-product,1,30,Female,5,5,3,3,3,3,6,5,3,5,6,6,7,6,7,6,2,1,2,5,6,5,4,3,3,3,3,3,4,3,4,4,5,4,3,4,4,4,3,3,3,3,3,2,3,2,3,4,6,6,6,5,6,5,5,5,4,5,5,6,6,2,1,2,3.25,3.25,4.0,3.75,3.0,2.8,5.8,4.8,5.666666666666667,1.6666666666666667,1.0,-0.3333333333333333
S1-0762,Unrelated,0,27,Female,5,5,3,4,5,3,5,4,4,4,2,1,2,2,2,2,2,2,1,2,2,2,4,4,5,4,4,5,4,5,5,5,5,5,5,2,3,2,3,2,2,3,2,2,1,1,2,6,4,3,4,4,4,3,3,4,2,2,4,5,5,4,4,4,4.25,4.5,5.0,2.5,2.25,1.6,3.8,2.8,4.666666666666667,4.0,-0.3333333333333333,-0.3333333333333333
S1-0763,Similar-product,2,18,Female,5,6,2,5,3,3,4,5,5,3,2,2,1,5,6,6,3,3,5,4,4,3,4,4,4,5,3,4,4,3,5,4,3,5,4,3,3,4,4,4,4,5,5,3,1,2,2,5,5,4,3,4,4,4,4,4,4,4,5,5,5,4,4,2,4.25,3.5,4.2,3.5,4.5,2.2,4.0,4.0,5.0,3.3333333333333335,-0.3333333333333333,-0.3333333333333333
S1-0764,Unrelated,0,41,Male,6,6,2,3,4,3,5,6,5,5,2,2,2,2,3,2,2,2,2,2,3,2,5,5,5,5,5,5,5,5,5,6,6,5,6,4,3,3,3,3,2,3,3,2,4,3,3,5,2,2,2,2,2,3,3,3,3,4,3,3,4,6,5,4,5.0,5.0,5.6,3.25,2.75,3.0,2.0,3.2,3.3333333333333335,5.0,-0.3333333333333333,-0.3333333333333333
S1-0765,Unrelated,0,28,Female,5,5,4,5,5,1,7,4,5,6,2,1,2,3,2,3,1,1,1,2,2,2,5,6,5,6,5,6,4,6,5,6,5,5,5,2,1,5,3,4,2,3,3,3,2,2,2,5,2,1,2,2,1,3,3,3,2,2,3,3,3,4,4,4,5.5,5.25,5.2,2.75,3.0,2.4,1.6,2.6,3.0,4.0,-0.3333333333333333,-0.3333333333333333
S1-0766,Same-product,1,36,Male,5,6,3,5,5,4,4,5,3,4,6,6,6,6,6,6,3,1,3,5,5,5,3,3,3,4,3,4,4,3,6,5,7,5,6,1,2,2,3,2,3,2,2,2,1,2,2,6,4,4,4,4,4,4,6,6,7,6,4,5,4,3,4,4,3.25,3.5,5.8,2.0,2.25,1.8,4.0,5.8,4.333333333333333,3.6666666666666665,1.0,-0.3333333333333333
S1-0767,Same-product,1,29,Nonbinary/Other,5,4,4,4,4,3,3,5,6,6,5,5,5,6,6,6,2,2,2,5,5,5,2,2,2,1,2,3,2,4,4,4,3,4,3,3,3,4,4,4,3,4,4,2,3,2,2,7,5,5,5,5,5,3,3,4,4,4,4,5,4,2,2,3,1.75,2.75,3.6,3.5,3.75,2.0,5.0,3.6,4.333333333333333,2.3333333333333335,1.0,-0.3333333333333333
S1-0768,Superior-alternative,3,34,Male,5,6,2,7,3,3,5,3,5,5,2,1,1,6,6,5,6,6,5,4,4,4,6,5,5,5,5,4,4,4,3,3,3,2,4,5,6,4,5,5,4,5,4,4,4,6,5,4,4,3,4,4,5,4,4,5,4,5,5,4,4,2,3,2,5.25,4.25,3.0,5.0,4.5,4.6,4.0,4.4,4.333333333333333,2.3333333333333335,-0.3333333333333333,1.0
S1-0769,Superior-alternative,3,29,Male,5,5,4,4,5,4,2,4,3,6,1,1,1,6,5,5,6,7,6,4,5,5,5,5,5,5,4,4,6,4,3,5,3,3,3,5,4,5,5,5,6,5,5,5,5,6,5,2,3,4,5,3,4,4,4,5,4,5,5,6,7,3,3,4,5.0,4.5,3.4,4.75,5.25,5.4,3.8,4.4,6.0,3.3333333333333335,-0.3333333333333333,1.0
S1-0770,Unrelated,0,28,Female,5,5,4,4,4,2,5,3,3,4,2,3,2,2,1,2,2,2,2,1,2,1,4,5,5,5,5,5,5,5,6,6,6,7,5,2,2,2,1,2,2,2,2,2,2,1,4,6,3,3,4,2,4,2,2,3,2,4,4,4,4,3,3,4,4.75,5.0,6.0,1.75,2.0,2.2,3.2,2.6,4.0,3.3333333333333335,-0.3333333333333333,-0.3333333333333333
S1-0771,Unrelated,0,29,Male,5,5,5,5,4,4,5,3,4,6,1,2,2,3,2,3,1,2,2,4,4,3,5,6,5,6,5,5,5,4,5,6,7,6,7,3,2,2,2,1,2,1,2,1,1,1,1,7,3,3,3,2,3,3,2,2,3,2,3,4,3,5,5,4,5.5,4.75,6.2,2.25,1.5,1.0,2.8,2.4,3.3333333333333335,4.666666666666667,-0.3333333333333333,-0.3333333333333333
S1-0772,Unrelated,0,42,Female,5,4,4,3,2,1,4,5,5,5,2,2,1,3,2,2,1,2,1,3,3,2,5,4,5,5,5,6,4,5,6,6,5,6,5,2,2,2,2,2,3,4,3,3,3,2,2,6,2,2,3,3,3,2,3,2,3,3,3,3,2,5,5,5,4.75,5.0,5.6,2.0,3.0,2.4,2.6,2.6,2.6666666666666665,5.0,-0.3333333333333333,-0.3333333333333333
S1-0773,Superior-alternative,3,18,Female,7,5,3,3,2,3,3,3,3,6,1,2,2,6,6,6,6,5,5,4,4,4,4,5,5,3,4,3,4,4,4,3,4,4,2,5,5,5,5,5,5,5,5,4,5,4,4,4,4,4,4,4,4,5,4,5,4,5,5,5,6,3,4,4,4.25,3.75,3.4,5.0,5.0,4.2,4.0,4.6,5.333333333333333,3.6666666666666665,-0.3333333333333333,1.0
S1-0774,Superior-alternative,3,34,Male,7,6,2,6,5,1,3,4,5,4,1,2,2,6,5,6,5,5,6,4,4,4,6,5,6,6,4,5,5,5,4,3,4,4,3,4,5,5,5,4,4,5,4,5,5,5,4,3,5,4,4,4,3,5,4,4,5,5,6,6,6,2,3,2,5.75,4.75,3.6,4.75,4.25,4.8,4.0,4.6,6.0,2.3333333333333335,-0.3333333333333333,1.0
S1-0775,Superior-alternative,3,29,Male,5,4,5,5,5,3,5,6,5,3,2,1,1,5,5,6,5,6,6,4,4,4,5,4,5,5,3,4,5,4,4,3,3,3,4,6,6,7,7,4,6,6,4,6,5,7,6,2,3,5,4,5,4,6,5,6,6,5,5,4,4,3,3,3,4.75,4.0,3.4,6.5,5.0,6.0,4.2,5.6,4.333333333333333,3.0,-0.3333333333333333,1.0
S1-0776,Superior-alternative,3,32,Female,6,6,2,5,3,4,4,3,3,6,3,2,2,5,5,6,5,5,5,4,5,4,4,3,3,4,4,2,3,3,4,3,4,3,4,5,5,5,6,5,5,5,6,4,5,5,5,3,5,5,6,5,4,4,3,3,3,3,6,4,6,4,4,4,3.5,3.0,3.6,5.25,5.25,4.8,5.0,3.2,5.333333333333333,4.0,-0.3333333333333333,1.0
S1-0777,Superior-alternative,3,31,Female,5,6,4,5,4,2,5,5,4,5,2,2,1,6,6,6,6,6,6,4,3,4,5,4,4,4,3,3,4,3,3,3,2,3,3,5,4,5,5,5,5,4,5,5,5,4,5,3,5,5,5,4,5,5,5,6,5,4,5,5,6,3,2,2,4.25,3.25,2.8,4.75,4.75,4.8,4.8,5.0,5.333333333333333,2.3333333333333335,-0.3333333333333333,1.0
S1-0778,Superior-alternative,3,22,Female,6,5,5,5,5,1,5,5,6,6,2,3,2,5,6,6,6,6,6,6,5,5,3,4,6,5,4,3,4,5,2,3,3,2,2,5,6,5,6,5,5,6,6,5,4,5,5,4,4,4,4,3,6,4,4,5,4,5,4,4,3,3,3,3,4.5,4.0,2.4,5.5,5.5,4.6,4.2,4.4,3.6666666666666665,3.0,-0.3333333333333333,1.0
S1-0779,Unrelated,0,31,Male,6,6,4,5,3,4,4,4,3,6,2,1,1,2,2,2,2,1,2,3,4,3,5,4,6,4,5,5,4,5,5,6,5,5,6,2,1,2,1,3,2,2,2,3,2,2,2,7,3,3,3,3,2,3,5,3,5,4,4,4,3,5,5,5,4.75,4.75,5.4,1.5,2.25,2.0,2.8,4.0,3.6666666666666665,5.0,-0.3333333333333333,-0.3333333333333333
S1-0780,Similar-product,2,32,Female,5,5,2,5,5,2,5,3,3,6,2,2,2,7,6,7,4,4,4,5,4,5,4,4,3,3,4,4,3,4,5,4,4,4,5,3,4,4,4,3,3,3,3,4,3,3,4,4,4,4,4,3,3,4,5,4,5,4,5,6,5,3,4,3,3.5,3.75,4.4,3.75,3.0,3.6,3.6,4.4,5.333333333333333,3.3333333333333335,-0.3333333333333333,-0.3333333333333333
S1-0781,Unrelated,0,26,Female,5,5,4,5,4,2,5,6,3,6,1,2,1,2,3,2,2,2,1,2,2,2,5,5,5,4,4,4,5,5,6,6,5,7,7,1,1,2,2,1,1,1,1,2,2,2,2,6,3,3,4,4,3,2,3,3,4,4,4,4,3,2,3,2,4.75,4.5,6.2,1.5,1.0,2.0,3.4,3.2,3.6666666666666665,2.3333333333333335,-0.3333333333333333,-0.3333333333333333
S1-0782,Same-product,1,36,Female,6,3,4,4,5,4,5,6,4,4,5,5,6,6,6,6,3,2,2,5,5,5,4,3,2,3,3,2,3,4,5,5,5,4,5,3,3,3,2,3,2,3,2,3,3,3,2,6,4,4,5,5,5,6,5,6,6,7,4,5,4,3,2,2,3.0,3.0,4.8,2.75,2.5,2.6,4.6,6.0,4.333333333333333,2.3333333333333335,1.0,-0.3333333333333333
S1-0783,Similar-product,2,31,Female,5,4,3,5,4,1,6,4,7,4,2,2,2,5,5,6,3,3,4,3,5,4,3,3,3,3,4,3,3,2,4,4,5,4,4,3,4,5,4,3,3,4,4,2,3,2,2,5,3,4,3,4,5,3,4,5,4,4,4,5,4,3,3,4,3.0,3.0,4.2,4.0,3.5,2.4,3.8,4.0,4.333333333333333,3.3333333333333335,-0.3333333333333333,-0.3333333333333333
S1-0784,Similar-product,2,24,Male,4,4,3,6,5,1,7,5,5,5,2,2,3,6,6,6,3,3,3,4,4,4,4,5,5,4,6,6,6,5,3,5,4,5,5,3,3,3,3,4,3,4,4,2,2,3,3,4,3,4,3,5,3,3,4,4,4,3,4,2,4,2,2,3,4.5,5.75,4.4,3.0,3.75,2.8,3.6,3.6,3.3333333333333335,2.3333333333333335,-0.3333333333333333,-0.3333333333333333
S1-0785,Similar-product,2,33,Female,5,5,5,7,4,2,5,6,4,5,2,2,3,6,5,6,3,2,4,3,4,4,5,4,5,5,4,4,5,4,6,5,5,5,5,1,3,2,3,2,2,3,3,2,2,2,2,6,4,3,4,3,4,3,2,3,3,2,5,6,6,3,2,3,4.75,4.25,5.2,2.25,2.5,2.0,3.6,2.6,5.666666666666667,2.6666666666666665,-0.3333333333333333,-0.3333333333333333
S1-0786,Similar-product,2,29,Male,6,7,1,3,5,5,5,6,4,3,2,2,2,6,6,6,3,4,3,4,5,5,4,4,4,4,4,4,4,5,5,4,4,5,4,3,4,3,3,4,4,4,4,4,2,2,2,5,4,4,3,4,4,4,4,4,4,5,4,5,5,2,3,4,4.0,4.25,4.4,3.25,4.0,2.6,3.8,4.2,4.666666666666667,3.0,-0.3333333333333333,-0.3333333333333333
S1-0787,Superior-alternative,3,24,Female,5,5,2,5,7,3,5,5,3,5,1,1,2,6,6,7,6,6,6,4,3,4,5,6,6,6,4,4,4,5,3,5,3,4,4,5,5,4,5,5,5,6,5,5,5,5,5,3,4,4,4,4,4,5,4,5,5,4,5,6,5,2,3,2,5.75,4.25,3.8,4.75,5.25,5.0,4.0,4.6,5.333333333333333,2.3333333333333335,-0.3333333333333333,1.0
S1-0788,Same-product,1,32,Female,5,6,5,5,3,4,4,3,7,6,6,6,7,6,6,6,2,2,2,6,6,6,4,4,4,4,5,5,4,4,5,5,6,5,5,3,4,4,2,3,3,3,3,3,3,2,2,6,5,5,4,5,5,5,4,5,6,5,4,3,5,3,4,4,4.0,4.5,5.2,3.25,3.0,2.4,4.8,5.0,4.0,3.6666666666666665,1.0,-0.3333333333333333
S1-0789,Same-product,1,30,Female,5,7,3,5,6,1,5,4,4,4,5,6,6,5,5,5,3,3,2,5,6,5,4,4,4,4,4,4,5,4,4,5,6,6,6,3,2,2,2,2,3,2,2,1,2,1,3,7,4,4,5,4,4,4,4,4,5,5,4,4,4,3,2,4,4.0,4.25,5.4,2.25,2.25,1.6,4.2,4.4,4.0,3.0,1.0,-0.3333333333333333
S1-0790,Superior-alternative,3,33,Female,6,5,3,6,4,3,5,4,3,4,2,2,2,6,5,6,5,6,5,5,5,4,4,4,4,5,5,4,5,4,3,3,3,3,3,4,4,5,5,5,6,5,5,4,5,4,5,2,4,4,5,4,6,4,3,3,3,3,5,5,5,3,3,3,4.25,4.5,3.0,4.5,5.25,4.8,4.6,3.2,5.0,3.0,-0.3333333333333333,1.0
S1-0791,Similar-product,2,39,Male,4,5,2,7,5,2,6,5,4,6,1,2,1,6,5,5,2,3,3,4,5,4,6,5,6,7,6,6,5,6,4,4,5,4,4,5,4,3,3,3,3,3,3,3,4,4,4,4,2,2,2,1,1,4,2,3,4,4,4,3,3,4,4,4,6.0,5.75,4.2,3.75,3.0,3.8,1.6,3.4,3.3333333333333335,4.0,-0.3333333333333333,-0.3333333333333333
S1-0792,Similar-product,2,27,Male,6,5,3,3,7,3,5,4,5,5,2,2,3,5,6,6,3,3,4,6,5,5,6,5,5,5,5,4,5,4,4,3,5,5,4,4,4,4,4,3,3,4,3,3,2,3,3,4,3,3,4,3,3,5,4,4,4,4,5,5,5,6,4,5,5.25,4.5,4.2,4.0,3.25,3.0,3.2,4.2,5.0,5.0,-0.3333333333333333,-0.3333333333333333
S1-0793,Same-product,1,41,Male,6,5,4,4,5,3,3,5,5,4,6,7,6,6,6,7,2,3,3,6,6,6,4,4,4,4,4,4,5,4,5,4,4,6,5,2,3,1,2,1,3,3,3,2,2,1,2,6,4,4,4,4,4,5,5,4,5,5,6,5,6,2,1,2,4.0,4.25,4.8,2.0,2.5,1.8,4.0,4.8,5.666666666666667,1.6666666666666667,1.0,-0.3333333333333333
S1-0794,Superior-alternative,3,31,Male,5,6,3,4,4,4,7,6,3,7,1,1,1,6,5,6,4,5,5,4,6,5,5,5,5,7,4,4,5,6,4,4,4,4,5,5,5,4,5,5,5,5,5,3,4,4,3,4,3,4,3,4,3,3,3,4,4,3,4,6,5,4,3,4,5.5,4.75,4.2,4.75,5.0,3.6,3.4,3.4,5.0,3.6666666666666665,-0.3333333333333333,1.0
S1-0795,Superior-alternative,3,20,Male,5,5,3,4,5,5,7,4,5,3,1,2,1,6,5,6,6,6,7,4,4,4,6,5,5,5,5,3,4,4,4,3,3,2,2,5,7,6,7,5,5,5,5,4,4,4,5,3,4,4,4,3,4,4,4,4,4,4,5,4,6,3,3,4,5.25,4.0,2.8,6.25,5.0,4.4,3.8,4.0,5.0,3.3333333333333335,-0.3333333333333333,1.0
S1-0796,Similar-product,2,19,Female,5,4,5,4,2,4,5,4,3,5,1,3,2,6,6,5,3,4,4,4,5,5,5,5,5,6,4,6,4,5,5,4,5,5,4,4,4,4,4,4,4,4,3,3,3,3,3,6,4,4,3,3,3,4,5,5,4,4,5,5,4,4,4,3,5.25,4.75,4.6,4.0,3.75,2.8,3.4,4.4,4.666666666666667,3.6666666666666665,-0.3333333333333333,-0.3333333333333333
S1-0797,Unrelated,0,20,Female,5,5,4,4,6,3,6,6,5,5,2,1,2,3,2,1,1,1,1,4,3,3,4,5,4,4,4,5,5,4,5,5,6,6,5,2,1,2,1,1,1,3,1,2,3,1,2,6,1,3,2,1,2,3,3,3,3,4,3,4,3,4,4,4,4.25,4.5,5.4,1.5,1.5,2.0,1.8,3.2,3.3333333333333335,4.0,-0.3333333333333333,-0.3333333333333333
S1-0798,Superior-alternative,3,22,Male,4,5,3,6,5,2,5,5,3,4,2,2,3,5,6,5,6,6,6,5,4,4,6,6,5,6,4,4,4,4,4,3,3,4,3,4,5,4,5,5,5,6,5,5,5,4,4,4,4,3,4,3,3,4,3,4,3,5,6,6,5,3,3,3,5.75,4.0,3.4,4.5,5.25,4.4,3.4,3.8,5.666666666666667,3.0,-0.3333333333333333,1.0
S1-0799,Unrelated,0,18,Female,5,5,3,6,4,2,6,3,5,5,2,2,2,3,3,3,2,2,2,4,3,3,5,5,5,5,5,4,5,5,5,5,5,6,7,1,2,3,2,3,3,3,2,2,1,2,2,6,2,2,2,1,2,2,2,2,2,1,4,4,3,5,4,4,5.0,4.75,5.6,2.0,2.75,1.8,1.8,1.8,3.6666666666666665,4.333333333333333,-0.3333333333333333,-0.3333333333333333
S1-0800,Same-product,1,26,Female,6,6,3,2,4,1,6,5,4,6,6,6,6,6,5,6,3,2,2,5,6,6,4,4,3,3,4,4,3,3,5,5,5,5,6,3,2,2,2,2,1,2,2,3,3,4,2,7,5,4,5,6,5,6,7,7,7,7,5,5,5,2,3,3,3.5,3.5,5.2,2.25,1.75,2.6,5.0,6.8,5.0,2.6666666666666665,1.0,-0.3333333333333333
